Store,Date,Weekly_Sales,Temperature,Fuel_Price,CPI
1,05-02-2010,1643690.9,42.31,2.572,211.0963582
1,12-02-2010,1641957.44,38.51,2.548,211.2421698
1,19-02-2010,1611968.17,39.93,2.514,211.2891429
1,26-02-2010,1409727.59,46.63,2.561,211.3196429
1,05-03-2010,1554806.68,46.5,2.625,211.3501429
1,12-03-2010,1439541.59,57.79,2.667,211.3806429
1,19-03-2010,1472515.79,54.58,2.72,211.215635
1,26-03-2010,1404429.92,51.45,2.732,211.0180424
1,02-04-2010,1594968.28,62.27,2.719,210.8204499
1,09-04-2010,1545418.53,65.86,2.77,210.6228574
1,16-04-2010,1466058.28,66.32,2.808,210.4887
1,23-04-2010,1391256.12,64.84,2.795,210.4391228
1,30-04-2010,1425100.71,67.41,2.78,210.3895456
1,07-05-2010,1603955.12,72.55,2.835,210.3399684
1,14-05-2010,1494251.5,74.78,2.854,210.3374261
1,21-05-2010,1399662.07,76.44,2.826,210.6170934
1,28-05-2010,1432069.95,80.44,2.759,210.8967606
1,04-06-2010,1615524.71,80.69,2.705,211.1764278
1,11-06-2010,1542561.09,80.43,2.668,211.4560951
1,18-06-2010,1503284.06,84.11,2.637,211.4537719
1,25-06-2010,1422711.6,84.34,2.653,211.3386526
1,02-07-2010,1492418.14,80.91,2.669,211.2235333
1,09-07-2010,1546074.18,80.48,2.642,211.108414
1,16-07-2010,1448938.92,83.15,2.623,211.1003854
1,23-07-2010,1385065.2,83.36,2.608,211.2351443
1,30-07-2010,1371986.6,81.84,2.64,211.3699032
1,06-08-2010,1605491.78,87.16,2.627,211.5046621
1,13-08-2010,1508237.76,87.0,2.692,211.6394211
1,20-08-2010,1513080.49,86.65,2.664,211.6033633
1,27-08-2010,1449142.92,85.22,2.619,211.5673056
1,03-09-2010,1540163.53,81.21,2.577,211.5312479
1,10-09-2010,1507460.69,78.69,2.565,211.4951902
1,17-09-2010,1430378.67,82.11,2.582,211.5224596
1,24-09-2010,1351791.03,80.94,2.624,211.5972246
1,01-10-2010,1453329.5,71.89,2.603,211.6719895
1,08-10-2010,1508239.93,63.93,2.633,211.7467544
1,15-10-2010,1459409.1,67.18,2.72,211.8137436
1,22-10-2010,1345454.0,69.86,2.725,211.8612937
1,29-10-2010,1384209.22,69.64,2.716,211.9088438
1,05-11-2010,1551659.28,58.74,2.689,211.9563939
1,12-11-2010,1494479.49,59.61,2.728,212.003944
1,19-11-2010,1483784.18,51.41,2.771,211.8896737
1,26-11-2010,1955624.11,64.52,2.735,211.7484333
1,03-12-2010,1548033.78,49.27,2.708,211.607193
1,10-12-2010,1682614.26,46.33,2.843,211.4659526
1,17-12-2010,1891034.93,49.84,2.869,211.4053124
1,24-12-2010,2387950.2,52.33,2.886,211.4051222
1,31-12-2010,1367320.01,48.43,2.943,211.4049321
1,07-01-2011,1444732.28,48.27,2.976,211.4047419
1,14-01-2011,1391013.96,35.4,2.983,211.4574109
1,21-01-2011,1327405.42,44.04,3.016,211.8272343
1,28-01-2011,1316899.31,43.83,3.01,212.1970577
1,04-02-2011,1606629.58,42.27,2.989,212.5668812
1,11-02-2011,1649614.93,36.39,3.022,212.9367046
1,18-02-2011,1686842.78,57.36,3.045,213.2478853
1,25-02-2011,1456800.28,62.9,3.065,213.535609
1,04-03-2011,1636263.41,59.58,3.288,213.8233327
1,11-03-2011,1553191.63,53.56,3.459,214.1110564
1,18-03-2011,1576818.06,62.76,3.488,214.3627114
1,25-03-2011,1541102.38,69.97,3.473,214.5999389
1,01-04-2011,1495064.75,59.17,3.524,214.8371664
1,08-04-2011,1614259.35,67.84,3.622,215.0743939
1,15-04-2011,1559889.0,71.27,3.743,215.2918561
1,22-04-2011,1564819.81,72.99,3.807,215.4599053
1,29-04-2011,1455090.69,72.03,3.81,215.6279544
1,06-05-2011,1629391.28,64.61,3.906,215.7960035
1,13-05-2011,1604775.58,75.64,3.899,215.9640526
1,20-05-2011,1428218.27,67.63,3.907,215.7339202
1,27-05-2011,1466046.67,77.72,3.786,215.5037878
1,03-06-2011,1635078.41,83.0,3.699,215.2736553
1,10-06-2011,1588948.32,83.13,3.648,215.0435229
1,17-06-2011,1532114.86,86.41,3.637,214.9980596
1,24-06-2011,1438830.15,83.58,3.594,215.0910982
1,01-07-2011,1488538.09,85.55,3.524,215.1841368
1,08-07-2011,1534849.64,85.83,3.48,215.2771754
1,15-07-2011,1455119.97,88.54,3.575,215.3611087
1,22-07-2011,1396926.82,85.77,3.651,215.4222784
1,29-07-2011,1352219.79,86.83,3.682,215.4834482
1,05-08-2011,1624383.75,91.65,3.684,215.544618
1,12-08-2011,1525147.09,90.76,3.638,215.6057878
1,19-08-2011,1530761.43,89.94,3.554,215.6693107
1,26-08-2011,1464693.46,87.96,3.523,215.7332258
1,02-09-2011,1550229.22,87.83,3.533,215.7971409
1,09-09-2011,1540471.24,76.0,3.546,215.861056
1,16-09-2011,1514259.78,79.94,3.526,216.0410526
1,23-09-2011,1380020.27,75.8,3.467,216.3758246
1,30-09-2011,1394561.83,79.69,3.355,216.7105965
1,07-10-2011,1630989.95,69.31,3.285,217.0453684
1,14-10-2011,1493525.93,71.74,3.274,217.3552733
1,21-10-2011,1502562.78,63.71,3.353,217.5159762
1,28-10-2011,1445249.09,66.57,3.372,217.6766791
1,04-11-2011,1697229.58,54.98,3.332,217.837382
1,11-11-2011,1594938.89,59.11,3.297,217.9980849
1,18-11-2011,1539483.7,62.25,3.308,218.2205088
1,25-11-2011,2033320.66,60.14,3.236,218.4676211
1,02-12-2011,1584083.95,48.91,3.172,218.7147333
1,09-12-2011,1799682.38,43.93,3.158,218.9618456
1,16-12-2011,1881176.67,51.63,3.159,219.1794533
1,23-12-2011,2270188.99,47.96,3.112,219.3577216
1,30-12-2011,1497462.72,44.55,3.129,219.5359898
1,06-01-2012,1550369.92,49.01,3.157,219.7142581
1,13-01-2012,1459601.17,48.53,3.261,219.8925263
1,20-01-2012,1394393.84,54.11,3.268,219.9856893
1,27-01-2012,1319325.59,54.26,3.29,220.0788523
1,03-02-2012,1636339.65,56.55,3.36,220.1720153
1,10-02-2012,1802477.43,48.02,3.409,220.2651783
1,17-02-2012,1819870.0,45.32,3.51,220.4257586
1,24-02-2012,1539387.83,57.25,3.555,220.636902
1,02-03-2012,1688420.76,60.96,3.63,220.8480454
1,09-03-2012,1675431.16,58.76,3.669,221.0591887
1,16-03-2012,1677472.78,64.74,3.734,221.2118132
1,23-03-2012,1511068.07,65.93,3.787,221.2864126
1,30-03-2012,1649604.63,67.61,3.845,221.3610119
1,06-04-2012,1899676.88,70.43,3.891,221.4356112
1,13-04-2012,1621031.7,69.07,3.891,221.5102105
1,20-04-2012,1521577.87,66.76,3.877,221.5640737
1,27-04-2012,1468928.37,67.23,3.814,221.6179368
1,04-05-2012,1684519.99,75.55,3.749,221.6718
1,11-05-2012,1611096.05,73.77,3.688,221.7256632
1,18-05-2012,1595901.87,70.33,3.63,221.742674
1,25-05-2012,1555444.55,77.22,3.561,221.744944
1,01-06-2012,1624477.58,77.95,3.501,221.7472139
1,08-06-2012,1697230.96,78.3,3.452,221.7494839
1,15-06-2012,1630607.0,79.35,3.393,221.7626421
1,22-06-2012,1527845.81,78.39,3.346,221.8030211
1,29-06-2012,1540421.49,84.88,3.286,221.8434
1,06-07-2012,1769854.16,81.57,3.227,221.8837789
1,13-07-2012,1527014.04,77.12,3.256,221.9241579
1,20-07-2012,1497954.76,80.42,3.311,221.9327267
1,27-07-2012,1439123.71,82.66,3.407,221.9412954
1,03-08-2012,1631135.79,86.11,3.417,221.9498642
1,10-08-2012,1592409.97,85.05,3.494,221.9584329
1,17-08-2012,1597868.05,84.85,3.571,222.0384109
1,24-08-2012,1494122.38,77.66,3.62,222.1719457
1,31-08-2012,1582083.4,80.49,3.638,222.3054805
1,07-09-2012,1661767.33,83.96,3.73,222.4390153
1,14-09-2012,1517428.87,74.97,3.717,222.5820193
1,21-09-2012,1506126.06,69.87,3.721,222.7818386
1,28-09-2012,1437059.26,76.08,3.666,222.9816579
1,05-10-2012,1670785.97,68.55,3.617,223.1814772
1,12-10-2012,1573072.81,62.99,3.601,223.3812965
1,19-10-2012,1508068.77,67.97,3.594,223.4257233
1,26-10-2012,1493659.74,69.16,3.506,223.4442513
2,05-02-2010,2136989.46,40.19,2.572,210.7526053
2,12-02-2010,2137809.5,38.49,2.548,210.8979935
2,19-02-2010,2124451.54,39.69,2.514,210.9451605
2,26-02-2010,1865097.27,46.1,2.561,210.9759573
2,05-03-2010,1991013.13,47.17,2.625,211.0067542
2,12-03-2010,1990483.78,57.56,2.667,211.037551
2,19-03-2010,1946070.88,54.52,2.72,210.8733316
2,26-03-2010,1750197.81,51.26,2.732,210.6766095
2,02-04-2010,2066187.72,63.27,2.719,210.4798874
2,09-04-2010,1954689.21,65.41,2.77,210.2831653
2,16-04-2010,1874957.94,68.07,2.808,210.1495463
2,23-04-2010,1821990.93,65.11,2.795,210.1000648
2,30-04-2010,1802450.29,66.98,2.78,210.0505833
2,07-05-2010,2042581.71,71.28,2.835,210.0011018
2,14-05-2010,1880752.36,73.31,2.854,209.9984585
2,21-05-2010,1896937.1,74.83,2.826,210.2768443
2,28-05-2010,1957113.89,81.13,2.759,210.5552301
2,04-06-2010,2102539.93,81.81,2.705,210.833616
2,11-06-2010,2025538.76,83.4,2.668,211.1120018
2,18-06-2010,2001636.96,85.81,2.637,211.1096543
2,25-06-2010,1939927.09,86.26,2.653,210.9950134
2,02-07-2010,2003940.64,82.74,2.669,210.8803726
2,09-07-2010,1880902.62,82.59,2.642,210.7657317
2,16-07-2010,1845879.79,85.32,2.623,210.7577954
2,23-07-2010,1781717.71,87.66,2.608,210.8921319
2,30-07-2010,1804246.16,83.49,2.64,211.0264684
2,06-08-2010,1991909.98,89.53,2.627,211.1608049
2,13-08-2010,1895601.05,89.05,2.692,211.2951413
2,20-08-2010,1964335.23,88.7,2.664,211.2596586
2,27-08-2010,1863840.49,87.12,2.619,211.2241759
2,03-09-2010,1904608.09,81.83,2.577,211.1886931
2,10-09-2010,1839128.83,79.09,2.565,211.1532104
2,17-09-2010,1793903.6,82.05,2.582,211.1806415
2,24-09-2010,1724557.22,81.79,2.624,211.2552578
2,01-10-2010,1827440.43,69.24,2.603,211.3298742
2,08-10-2010,1849921.44,63.19,2.633,211.4044906
2,15-10-2010,1794355.49,65.8,2.72,211.4713286
2,22-10-2010,1737947.64,68.5,2.725,211.5187208
2,29-10-2010,1802755.11,66.24,2.716,211.5661131
2,05-11-2010,1939061.41,57.85,2.689,211.6135053
2,12-11-2010,1916812.74,59.69,2.728,211.6608975
2,19-11-2010,1956739.17,50.81,2.771,211.5470304
2,26-11-2010,2658725.29,62.98,2.735,211.4062867
2,03-12-2010,2015781.27,49.33,2.708,211.265543
2,10-12-2010,2378726.55,45.5,2.843,211.1247993
2,17-12-2010,2609166.75,47.55,2.869,211.0645458
2,24-12-2010,3436007.68,49.97,2.886,211.0646599
2,31-12-2010,1750434.55,47.3,2.943,211.064774
2,07-01-2011,1758050.79,44.69,2.976,211.0648881
2,14-01-2011,1744193.58,33.02,2.983,211.1176713
2,21-01-2011,1751384.9,41.4,3.016,211.4864691
2,28-01-2011,1695371.68,42.83,3.01,211.8552668
2,04-02-2011,1929346.23,38.25,2.989,212.2240646
2,11-02-2011,2168041.61,33.19,3.022,212.5928624
2,18-02-2011,2080884.82,57.83,3.045,212.9033115
2,25-02-2011,1833511.08,60.8,3.065,213.190421
2,04-03-2011,1981607.78,57.77,3.288,213.4775305
2,11-03-2011,1879107.31,52.7,3.459,213.7646401
2,18-03-2011,1902557.66,62.32,3.488,214.0156238
2,25-03-2011,1766162.05,69.42,3.473,214.2521573
2,01-04-2011,1800171.36,55.43,3.524,214.4886908
2,08-04-2011,1847552.61,67.0,3.622,214.7252242
2,15-04-2011,1856467.84,69.48,3.743,214.9420631
2,22-04-2011,1886339.6,69.39,3.807,215.1096657
2,29-04-2011,1745545.28,69.21,3.81,215.2772683
2,06-05-2011,1837743.6,61.48,3.906,215.4448709
2,13-05-2011,1838513.07,74.61,3.899,215.6124735
2,20-05-2011,1688281.86,67.14,3.907,215.3834778
2,27-05-2011,1797732.56,76.42,3.786,215.1544822
2,03-06-2011,1933756.21,83.07,3.699,214.9254865
2,10-06-2011,1929153.16,83.4,3.648,214.6964908
2,17-06-2011,1953771.99,86.53,3.637,214.6513538
2,24-06-2011,1790925.8,85.17,3.594,214.7441108
2,01-07-2011,1866243.0,85.69,3.524,214.8368678
2,08-07-2011,1853161.99,87.7,3.48,214.9296249
2,15-07-2011,1785187.29,89.83,3.575,215.0134426
2,22-07-2011,1743816.41,89.34,3.651,215.0749122
2,29-07-2011,1680693.06,90.07,3.682,215.1363819
2,05-08-2011,1876704.26,93.34,3.684,215.1978515
2,12-08-2011,1812768.26,91.58,3.638,215.2593211
2,19-08-2011,1844094.59,89.86,3.554,215.3229307
2,26-08-2011,1821139.91,90.45,3.523,215.386897
2,02-09-2011,1809119.7,89.64,3.533,215.4508632
2,09-09-2011,1748000.65,77.97,3.546,215.5148295
2,16-09-2011,1691439.52,78.85,3.526,215.6944378
2,23-09-2011,1669299.78,75.58,3.467,216.0282356
2,30-09-2011,1650394.44,78.14,3.355,216.3620333
2,07-10-2011,1837553.43,69.92,3.285,216.6958311
2,14-10-2011,1743882.19,71.67,3.274,217.0048261
2,21-10-2011,1834680.25,64.53,3.353,217.1650042
2,28-10-2011,1769296.25,65.87,3.372,217.3251824
2,04-11-2011,1959707.9,55.53,3.332,217.4853605
2,11-11-2011,1920725.15,59.33,3.297,217.6455387
2,18-11-2011,1902762.5,62.01,3.308,217.8670218
2,25-11-2011,2614202.3,56.36,3.236,218.1130269
2,02-12-2011,1954952.0,48.74,3.172,218.3590319
2,09-12-2011,2290549.32,41.76,3.158,218.605037
2,16-12-2011,2432736.52,50.13,3.159,218.8217928
2,23-12-2011,3224369.8,46.66,3.112,218.9995495
2,30-12-2011,1874226.52,44.57,3.129,219.1773063
2,06-01-2012,1799520.14,46.75,3.157,219.355063
2,13-01-2012,1744725.48,45.99,3.261,219.5328198
2,20-01-2012,1711769.11,51.7,3.268,219.6258417
2,27-01-2012,1660906.14,50.5,3.29,219.7188636
2,03-02-2012,1935299.94,55.21,3.36,219.8118854
2,10-02-2012,2103322.68,46.98,3.409,219.9049073
2,17-02-2012,2196688.46,43.82,3.51,220.0651993
2,24-02-2012,1861802.7,54.63,3.555,220.275944
2,02-03-2012,1952555.66,58.79,3.63,220.4866886
2,09-03-2012,1937628.26,57.11,3.669,220.6974332
2,16-03-2012,1976082.13,63.68,3.734,220.8498468
2,23-03-2012,1790439.16,64.01,3.787,220.9244858
2,30-03-2012,1857480.84,66.83,3.845,220.9991248
2,06-04-2012,2129035.91,68.43,3.891,221.0737638
2,13-04-2012,1935869.1,68.08,3.891,221.1484028
2,20-04-2012,1847344.45,65.69,3.877,221.2021074
2,27-04-2012,1764133.09,67.2,3.814,221.255812
2,04-05-2012,1923957.09,76.73,3.749,221.3095166
2,11-05-2012,1917520.99,73.87,3.688,221.3632212
2,18-05-2012,2000940.67,71.27,3.63,221.380331
2,25-05-2012,1912791.09,78.19,3.561,221.3828029
2,01-06-2012,1910092.37,78.38,3.501,221.3852748
2,08-06-2012,2010216.49,78.69,3.452,221.3877467
2,15-06-2012,1962924.3,80.56,3.393,221.4009901
2,22-06-2012,1887733.21,81.04,3.346,221.4411622
2,29-06-2012,1881046.12,86.32,3.286,221.4813343
2,06-07-2012,2041507.4,84.2,3.227,221.5215064
2,13-07-2012,1830075.13,80.17,3.256,221.5616784
2,20-07-2012,1819666.46,83.23,3.311,221.5701123
2,27-07-2012,1757923.88,86.37,3.407,221.5785461
2,03-08-2012,1946104.64,90.22,3.417,221.5869799
2,10-08-2012,1866719.96,88.55,3.494,221.5954138
2,17-08-2012,1928016.01,84.79,3.571,221.6751459
2,24-08-2012,1876788.15,76.91,3.62,221.8083518
2,31-08-2012,1947083.3,82.64,3.638,221.9415576
2,07-09-2012,1898777.07,87.65,3.73,222.0747635
2,14-09-2012,1814806.63,75.88,3.717,222.2174395
2,21-09-2012,1829415.67,71.09,3.721,222.4169362
2,28-09-2012,1746470.56,79.45,3.666,222.6164329
2,05-10-2012,1998321.04,70.27,3.617,222.8159296
2,12-10-2012,1900745.13,60.97,3.601,223.0154263
2,19-10-2012,1847990.41,68.08,3.594,223.0598077
2,26-10-2012,1834458.35,69.79,3.506,223.0783366
3,05-02-2010,461622.22,45.71,2.572,214.4248812
3,12-02-2010,420728.96,47.93,2.548,214.5747916
3,19-02-2010,421642.19,47.07,2.514,214.6198868
3,26-02-2010,407204.86,52.05,2.561,214.6475127
3,05-03-2010,415202.04,53.04,2.625,214.6751386
3,12-03-2010,384200.69,63.08,2.667,214.7027646
3,19-03-2010,375328.59,60.42,2.72,214.5301219
3,26-03-2010,359949.27,57.06,2.732,214.3241011
3,02-04-2010,423294.4,65.56,2.719,214.1180803
3,09-04-2010,415870.28,68.0,2.77,213.9120595
3,16-04-2010,354993.26,66.98,2.808,213.7726889
3,23-04-2010,339976.65,67.87,2.795,213.7221852
3,30-04-2010,361248.39,70.24,2.78,213.6716815
3,07-05-2010,399323.86,73.47,2.835,213.6211778
3,14-05-2010,384357.94,77.18,2.854,213.6196139
3,21-05-2010,343763.17,75.81,2.826,213.9116886
3,28-05-2010,350089.23,78.6,2.759,214.2037634
3,04-06-2010,396968.8,78.53,2.705,214.4958382
3,11-06-2010,355017.09,82.1,2.668,214.787913
3,18-06-2010,364076.85,83.52,2.637,214.7858259
3,25-06-2010,357346.48,83.79,2.653,214.6660741
3,02-07-2010,381151.72,82.2,2.669,214.5463222
3,09-07-2010,349214.18,81.75,2.642,214.4265704
3,16-07-2010,352728.78,84.32,2.623,214.4176476
3,23-07-2010,352864.49,83.32,2.608,214.5564968
3,30-07-2010,347955.05,82.04,2.64,214.695346
3,06-08-2010,402635.76,85.13,2.627,214.8341952
3,13-08-2010,339597.38,86.74,2.692,214.9730444
3,20-08-2010,351728.21,88.02,2.664,214.9314191
3,27-08-2010,362134.09,86.15,2.619,214.8897938
3,03-09-2010,366473.97,84.16,2.577,214.8481685
3,10-09-2010,352260.97,80.84,2.565,214.8065431
3,17-09-2010,363064.64,82.36,2.582,214.8322484
3,24-09-2010,355626.87,76.9,2.624,214.9084516
3,01-10-2010,358784.1,73.6,2.603,214.9846548
3,08-10-2010,395107.35,66.99,2.633,215.060858
3,15-10-2010,345584.39,69.71,2.72,215.1293114
3,22-10-2010,348895.98,71.64,2.725,215.17839
3,29-10-2010,348591.74,72.04,2.716,215.2274686
3,05-11-2010,423175.56,62.94,2.689,215.2765472
3,12-11-2010,386635.03,62.79,2.728,215.3256258
3,19-11-2010,372545.32,57.72,2.771,215.2074519
3,26-11-2010,565567.84,68.71,2.735,215.0614025
3,03-12-2010,476420.77,53.76,2.708,214.9153531
3,10-12-2010,467642.03,51.13,2.843,214.7693037
3,17-12-2010,498159.39,52.2,2.869,214.704919
3,24-12-2010,605990.41,57.16,2.886,214.7017828
3,31-12-2010,382677.76,53.2,2.943,214.6986466
3,07-01-2011,378241.34,53.35,2.976,214.6955104
3,14-01-2011,381061.1,44.76,2.983,214.7470729
3,21-01-2011,350876.7,50.74,3.016,215.1268275
3,28-01-2011,364866.24,48.71,3.01,215.5065821
3,04-02-2011,438516.53,45.95,2.989,215.8863367
3,11-02-2011,430526.21,43.57,3.022,216.2660913
3,18-02-2011,432782.1,61.58,3.045,216.5843571
3,25-02-2011,397211.19,67.4,3.065,216.8780275
3,04-03-2011,437084.51,65.11,3.288,217.1716979
3,11-03-2011,404753.3,61.29,3.459,217.4653683
3,18-03-2011,392109.51,69.47,3.488,217.7235226
3,25-03-2011,380683.67,72.94,3.473,217.9674705
3,01-04-2011,374556.08,68.76,3.524,218.2114184
3,08-04-2011,384075.31,72.55,3.622,218.4553663
3,15-04-2011,366250.69,75.88,3.743,218.6788642
3,22-04-2011,391860.04,76.91,3.807,218.851237
3,29-04-2011,367405.4,78.69,3.81,219.0236099
3,06-05-2011,413042.12,69.45,3.906,219.1959827
3,13-05-2011,386312.68,79.87,3.899,219.3683556
3,20-05-2011,364603.13,75.79,3.907,219.127216
3,27-05-2011,369350.6,84.41,3.786,218.8860765
3,03-06-2011,394507.84,84.29,3.699,218.6449369
3,10-06-2011,391638.75,84.84,3.648,218.4037974
3,17-06-2011,403423.34,86.96,3.637,218.3551748
3,24-06-2011,385520.71,84.94,3.594,218.45094
3,01-07-2011,368962.72,85.1,3.524,218.5467052
3,08-07-2011,395146.24,85.38,3.48,218.6424704
3,15-07-2011,373454.33,87.14,3.575,218.7275216
3,22-07-2011,360617.37,86.19,3.651,218.7857881
3,29-07-2011,345381.29,88.07,3.682,218.8440545
3,05-08-2011,409981.25,88.45,3.684,218.9023209
3,12-08-2011,380376.85,88.88,3.638,218.9605873
3,19-08-2011,379716.91,88.44,3.554,219.023271
3,26-08-2011,366367.55,87.67,3.523,219.0866908
3,02-09-2011,375988.69,89.12,3.533,219.1501106
3,09-09-2011,377347.49,81.72,3.546,219.2135305
3,16-09-2011,375629.51,83.63,3.526,219.3972867
3,23-09-2011,365248.94,80.19,3.467,219.7414914
3,30-09-2011,368477.93,82.58,3.355,220.085696
3,07-10-2011,403342.4,75.54,3.285,220.4299007
3,14-10-2011,368282.57,73.75,3.274,220.7486167
3,21-10-2011,394976.36,69.03,3.353,220.9144005
3,28-10-2011,389540.62,71.04,3.372,221.0801842
3,04-11-2011,459443.22,59.31,3.332,221.245968
3,11-11-2011,407764.25,61.7,3.297,221.4117517
3,18-11-2011,398838.97,63.91,3.308,221.6432852
3,25-11-2011,556925.19,68.0,3.236,221.9011185
3,02-12-2011,472511.32,54.97,3.172,222.1589519
3,09-12-2011,468772.8,49.26,3.158,222.4167852
3,16-12-2011,510747.62,57.95,3.159,222.6426418
3,23-12-2011,551221.21,53.41,3.112,222.8258628
3,30-12-2011,410553.88,48.29,3.129,223.0090839
3,06-01-2012,398178.21,52.42,3.157,223.1923049
3,13-01-2012,367438.62,51.86,3.261,223.3755259
3,20-01-2012,365818.61,56.2,3.268,223.4700552
3,27-01-2012,349518.1,58.06,3.29,223.5645845
3,03-02-2012,424960.66,59.33,3.36,223.6591137
3,10-02-2012,473292.47,51.65,3.409,223.753643
3,17-02-2012,475591.08,52.39,3.51,223.9170153
3,24-02-2012,418925.47,60.12,3.555,224.1320199
3,02-03-2012,469752.56,61.65,3.63,224.3470245
3,09-03-2012,445162.05,60.71,3.669,224.5620291
3,16-03-2012,411775.8,64.0,3.734,224.7166953
3,23-03-2012,413907.25,66.53,3.787,224.7909104
3,30-03-2012,407488.84,69.36,3.845,224.8651254
3,06-04-2012,503232.13,73.01,3.891,224.9393405
3,13-04-2012,420789.74,72.83,3.891,225.0135556
3,20-04-2012,434822.13,72.05,3.877,225.0689541
3,27-04-2012,394616.11,73.39,3.814,225.1243526
3,04-05-2012,439913.57,79.51,3.749,225.1797511
3,11-05-2012,431985.36,75.19,3.688,225.2351496
3,18-05-2012,418112.76,72.38,3.63,225.2512024
3,25-05-2012,413701.29,78.58,3.561,225.2515168
3,01-06-2012,432268.53,81.55,3.501,225.2518313
3,08-06-2012,446336.8,81.65,3.452,225.2521458
3,15-06-2012,442074.79,84.66,3.393,225.2644795
3,22-06-2012,419497.95,82.7,3.346,225.3068615
3,29-06-2012,422965.33,86.42,3.286,225.3492435
3,06-07-2012,411206.5,83.14,3.227,225.3916254
3,13-07-2012,416913.1,82.28,3.256,225.4340074
3,20-07-2012,432424.85,81.38,3.311,225.4438827
3,27-07-2012,389427.9,84.94,3.407,225.4537579
3,03-08-2012,419990.29,86.55,3.417,225.4636332
3,10-08-2012,391811.6,85.85,3.494,225.4735085
3,17-08-2012,394918.83,87.36,3.571,225.5558664
3,24-08-2012,412449.67,83.01,3.62,225.6925864
3,31-08-2012,408838.73,85.18,3.638,225.8293063
3,07-09-2012,408229.73,84.99,3.73,225.9660263
3,14-09-2012,407589.16,78.36,3.717,226.1122067
3,21-09-2012,414392.09,72.78,3.721,226.3151496
3,28-09-2012,389813.02,77.46,3.666,226.5180926
3,05-10-2012,443557.65,72.74,3.617,226.7210356
3,12-10-2012,410804.39,70.31,3.601,226.9239785
3,19-10-2012,424513.08,73.44,3.594,226.9688442
3,26-10-2012,405432.7,74.66,3.506,226.9873637
4,05-02-2010,2135143.87,43.76,2.598,126.4420645
4,12-02-2010,2188307.39,28.84,2.573,126.4962581
4,19-02-2010,2049860.26,36.45,2.54,126.5262857
4,26-02-2010,1925728.84,41.36,2.59,126.5522857
4,05-03-2010,1971057.44,43.49,2.654,126.5782857
4,12-03-2010,1894324.09,49.63,2.704,126.6042857
4,19-03-2010,1897429.36,55.19,2.743,126.6066452
4,26-03-2010,1762539.3,39.91,2.752,126.6050645
4,02-04-2010,1979247.12,48.77,2.74,126.6034839
4,09-04-2010,1818452.72,54.16,2.773,126.6019032
4,16-04-2010,1851519.69,56.23,2.81,126.5621
4,23-04-2010,1802677.9,56.87,2.805,126.4713333
4,30-04-2010,1817273.28,53.04,2.787,126.3805667
4,07-05-2010,2000626.14,56.77,2.836,126.2898
4,14-05-2010,1875597.28,62.35,2.845,126.2085484
4,21-05-2010,1903752.6,67.4,2.82,126.1843871
4,28-05-2010,1857533.7,67.73,2.756,126.1602258
4,04-06-2010,1903290.58,70.83,2.701,126.1360645
4,11-06-2010,1870619.23,78.45,2.668,126.1119032
4,18-06-2010,1929736.35,81.53,2.635,126.114
4,25-06-2010,1846651.95,81.1,2.654,126.1266
4,02-07-2010,1881337.21,73.66,2.668,126.1392
4,09-07-2010,1812208.22,80.35,2.637,126.1518
4,16-07-2010,1898427.66,78.53,2.621,126.1498065
4,23-07-2010,1848426.78,79.78,2.612,126.1283548
4,30-07-2010,1796637.61,80.7,2.65,126.1069032
4,06-08-2010,1907638.58,76.53,2.64,126.0854516
4,13-08-2010,2007050.75,78.08,2.698,126.064
4,20-08-2010,1997181.09,78.83,2.671,126.0766452
4,27-08-2010,1848403.92,74.44,2.621,126.0892903
4,03-09-2010,1935857.58,76.8,2.584,126.1019355
4,10-09-2010,1865820.81,73.54,2.574,126.1145806
4,17-09-2010,1899959.61,64.91,2.594,126.1454667
4,24-09-2010,1810684.68,60.96,2.642,126.1900333
4,01-10-2010,1842821.02,63.96,2.619,126.2346
4,08-10-2010,1951494.85,67.73,2.645,126.2791667
4,15-10-2010,1867345.09,62.03,2.732,126.3266774
4,22-10-2010,1927610.06,64.17,2.736,126.3815484
4,29-10-2010,1933333.0,56.94,2.718,126.4364194
4,05-11-2010,2013115.79,51.6,2.699,126.4912903
4,12-11-2010,1999794.26,52.65,2.741,126.5461613
4,19-11-2010,2097809.4,48.05,2.78,126.6072
4,26-11-2010,2789469.45,48.08,2.752,126.6692667
4,03-12-2010,2102530.17,46.4,2.727,126.7313333
4,10-12-2010,2302504.86,42.4,2.86,126.7934
4,17-12-2010,2740057.14,46.57,2.884,126.8794839
4,24-12-2010,3526713.39,43.21,2.887,126.9835806
4,31-12-2010,1794868.74,38.09,2.955,127.0876774
4,07-01-2011,1862476.27,39.34,2.98,127.1917742
4,14-01-2011,1865502.46,31.6,2.992,127.3009355
4,21-01-2011,1886393.94,38.34,3.017,127.4404839
4,28-01-2011,1814240.85,40.6,3.022,127.5800323
4,04-02-2011,2119086.04,34.61,2.996,127.7195806
4,11-02-2011,2187847.29,33.29,3.033,127.859129
4,18-02-2011,2316495.56,48.17,3.058,127.99525
4,25-02-2011,2078094.69,49.0,3.087,128.13
4,04-03-2011,2103455.75,46.56,3.305,128.26475
4,11-03-2011,2039818.41,50.93,3.461,128.3995
4,18-03-2011,2116475.38,51.86,3.495,128.5121935
4,25-03-2011,1944164.32,59.1,3.48,128.6160645
4,01-04-2011,1900246.47,56.99,3.521,128.7199355
4,08-04-2011,2074953.46,62.61,3.605,128.8238065
4,15-04-2011,1960587.76,62.34,3.724,128.9107333
4,22-04-2011,2220600.76,68.8,3.781,128.9553
4,29-04-2011,1878167.44,64.22,3.781,128.9998667
4,06-05-2011,2063682.76,63.41,3.866,129.0444333
4,13-05-2011,2002362.37,70.65,3.872,129.089
4,20-05-2011,2015563.48,70.49,3.881,129.0756774
4,27-05-2011,1986597.95,73.65,3.771,129.0623548
4,03-06-2011,2065377.15,78.26,3.683,129.0490323
4,10-06-2011,2073951.38,80.05,3.64,129.0357097
4,17-06-2011,2141210.62,83.51,3.618,129.0432
4,24-06-2011,2008344.92,81.85,3.57,129.0663
4,01-07-2011,2051533.53,84.54,3.504,129.0894
4,08-07-2011,2066541.86,84.59,3.469,129.1125
4,15-07-2011,2049046.95,83.27,3.563,129.1338387
4,22-07-2011,2036231.39,82.84,3.627,129.1507742
4,29-07-2011,1989674.07,84.36,3.659,129.1677097
4,05-08-2011,2160057.39,86.09,3.662,129.1846452
4,12-08-2011,2105668.74,82.98,3.617,129.2015806
4,19-08-2011,2232892.1,82.77,3.55,129.2405806
4,26-08-2011,1988490.21,81.47,3.523,129.2832581
4,02-09-2011,2078420.31,77.99,3.533,129.3259355
4,09-09-2011,2093139.01,73.34,3.554,129.3686129
4,16-09-2011,2075577.33,72.76,3.532,129.4306
4,23-09-2011,2031406.41,69.23,3.473,129.5183333
4,30-09-2011,1929486.63,72.15,3.371,129.6060667
4,07-10-2011,2166737.65,65.79,3.299,129.6938
4,14-10-2011,2074548.85,63.75,3.283,129.7706452
4,21-10-2011,2207742.13,64.79,3.361,129.7821613
4,28-10-2011,2151659.59,55.31,3.362,129.7936774
4,04-11-2011,2281217.31,49.86,3.322,129.8051935
4,11-11-2011,2203028.96,47.12,3.286,129.8167097
4,18-11-2011,2243946.59,50.44,3.294,129.8268333
4,25-11-2011,3004702.33,47.96,3.225,129.8364
4,02-12-2011,2180999.26,38.71,3.176,129.8459667
4,09-12-2011,2508955.24,31.64,3.153,129.8555333
4,16-12-2011,2771397.17,36.44,3.149,129.8980645
4,23-12-2011,3676388.98,35.92,3.103,129.9845484
4,30-12-2011,2007105.86,36.89,3.119,130.0710323
4,06-01-2012,2047766.07,38.64,3.158,130.1575161
4,13-01-2012,1941676.61,34.41,3.263,130.244
4,20-01-2012,2005097.76,42.09,3.273,130.2792258
4,27-01-2012,1928720.51,40.31,3.29,130.3144516
4,03-02-2012,2173373.91,41.81,3.354,130.3496774
4,10-02-2012,2374660.64,33.0,3.411,130.3849032
4,17-02-2012,2427640.17,34.19,3.493,130.4546207
4,24-02-2012,2226662.17,41.31,3.541,130.5502069
4,02-03-2012,2206319.9,50.38,3.619,130.6457931
4,09-03-2012,2202450.81,53.63,3.667,130.7413793
4,16-03-2012,2214967.44,59.81,3.707,130.8261935
4,23-03-2012,2091592.54,59.07,3.759,130.8966452
4,30-03-2012,2089381.77,72.63,3.82,130.9670968
4,06-04-2012,2470206.13,67.69,3.864,131.0375484
4,13-04-2012,2105301.39,68.69,3.881,131.108
4,20-04-2012,2144336.89,68.6,3.864,131.1173333
4,27-04-2012,2064065.66,76.47,3.81,131.1266667
4,04-05-2012,2196968.33,80.14,3.747,131.136
4,11-05-2012,2127661.17,67.64,3.685,131.1453333
4,18-05-2012,2207214.81,68.43,3.62,131.0983226
4,25-05-2012,2154137.67,77.47,3.551,131.0287742
4,01-06-2012,2179360.94,77.41,3.483,130.9592258
4,08-06-2012,2245257.18,78.11,3.433,130.8896774
4,15-06-2012,2234190.93,80.94,3.372,130.8295333
4,22-06-2012,2197299.65,81.63,3.329,130.7929
4,29-06-2012,2128362.92,84.23,3.257,130.7562667
4,06-07-2012,2224499.28,80.37,3.187,130.7196333
4,13-07-2012,2100252.61,76.86,3.224,130.683
4,20-07-2012,2175563.69,79.14,3.263,130.7012903
4,27-07-2012,2048613.65,81.06,3.356,130.7195806
4,03-08-2012,2174514.13,83.86,3.374,130.737871
4,10-08-2012,2193367.69,83.21,3.476,130.7561613
4,17-08-2012,2283540.3,81.41,3.552,130.7909677
4,24-08-2012,2125241.68,75.76,3.61,130.8381613
4,31-08-2012,2081181.35,76.47,3.646,130.8853548
4,07-09-2012,2125104.72,82.09,3.709,130.9325484
4,14-09-2012,2117854.6,68.2,3.706,130.9776667
4,21-09-2012,2119438.53,68.97,3.721,131.0103333
4,28-09-2012,2027620.23,71.74,3.666,131.043
4,05-10-2012,2209835.43,63.07,3.62,131.0756667
4,12-10-2012,2133026.07,57.11,3.603,131.1083333
4,19-10-2012,2097266.85,64.46,3.61,131.1499677
4,26-10-2012,2149594.46,63.64,3.514,131.1930968
5,05-02-2010,317173.1,39.7,2.572,211.6539716
5,12-02-2010,311825.7,39.81,2.548,211.8004698
5,19-02-2010,303447.57,41.14,2.514,211.8471283
5,26-02-2010,270281.63,46.7,2.561,211.8771468
5,05-03-2010,288855.71,48.89,2.625,211.9071653
5,12-03-2010,297293.59,58.5,2.667,211.9371839
5,19-03-2010,281706.41,55.46,2.72,211.770897
5,26-03-2010,273282.97,52.47,2.732,211.5718925
5,02-04-2010,331406.0,63.18,2.719,211.372888
5,09-04-2010,328020.49,65.19,2.77,211.1738835
5,16-04-2010,306858.69,65.3,2.808,211.0388528
5,23-04-2010,288839.73,65.13,2.795,210.9891204
5,30-04-2010,298697.84,67.53,2.78,210.939388
5,07-05-2010,333522.6,71.53,2.835,210.8896556
5,14-05-2010,296673.77,74.79,2.854,210.8872772
5,21-05-2010,301615.49,75.2,2.826,211.169023
5,28-05-2010,310013.11,79.81,2.759,211.4507688
5,04-06-2010,337825.89,79.54,2.705,211.7325146
5,11-06-2010,296641.91,80.7,2.668,212.0142605
5,18-06-2010,313795.6,83.91,2.637,212.0119769
5,25-06-2010,295257.3,83.72,2.653,211.8960815
5,02-07-2010,305993.27,81.25,2.669,211.7801861
5,09-07-2010,291808.87,81.14,2.642,211.6642907
5,16-07-2010,280701.7,83.98,2.623,211.6561123
5,23-07-2010,274742.63,83.66,2.608,211.7915565
5,30-07-2010,268929.03,82.46,2.64,211.9270006
5,06-08-2010,303043.02,86.1,2.627,212.0624447
5,13-08-2010,286477.35,87.41,2.692,212.1978889
5,20-08-2010,287205.38,87.71,2.664,212.1608984
5,27-08-2010,288519.75,87.05,2.619,212.123908
5,03-09-2010,323798.0,84.06,2.577,212.0869176
5,10-09-2010,306533.08,79.86,2.565,212.0499271
5,17-09-2010,282558.65,82.28,2.582,212.0769346
5,24-09-2010,293131.58,78.53,2.624,212.1519404
5,01-10-2010,283178.12,71.1,2.603,212.2269463
5,08-10-2010,290494.85,64.99,2.633,212.3019522
5,15-10-2010,280681.2,68.11,2.72,212.3691867
5,22-10-2010,284988.27,70.96,2.725,212.4169928
5,29-10-2010,278031.81,70.58,2.716,212.464799
5,05-11-2010,325310.3,58.88,2.689,212.5126051
5,12-11-2010,301827.36,62.37,2.728,212.5604113
5,19-11-2010,297384.81,52.52,2.771,212.445487
5,26-11-2010,488362.61,66.15,2.735,212.303441
5,03-12-2010,344490.88,51.31,2.708,212.1613951
5,10-12-2010,352811.53,48.27,2.843,212.0193491
5,17-12-2010,367801.19,51.61,2.869,211.9580815
5,24-12-2010,466010.25,55.01,2.886,211.9573978
5,31-12-2010,298180.18,49.79,2.943,211.9567142
5,07-01-2011,286347.26,48.3,2.976,211.9560305
5,14-01-2011,260636.71,37.74,2.983,212.008514
5,21-01-2011,275313.34,45.41,3.016,212.3800012
5,28-01-2011,279088.39,44.5,3.01,212.7514884
5,04-02-2011,329613.2,41.67,2.989,213.1229755
5,11-02-2011,311590.54,38.25,3.022,213.4944627
5,18-02-2011,356622.61,58.83,3.045,213.8068304
5,25-02-2011,294659.5,63.35,3.065,214.0955503
5,04-03-2011,329033.66,60.35,3.288,214.3842702
5,11-03-2011,293098.1,55.74,3.459,214.6729901
5,18-03-2011,312177.67,64.31,3.488,214.9257339
5,25-03-2011,294732.5,70.71,3.473,215.1640872
5,01-04-2011,314316.55,61.5,3.524,215.4024406
5,08-04-2011,307333.62,69.64,3.622,215.6407939
5,15-04-2011,307913.58,72.02,3.743,215.8592673
5,22-04-2011,328415.44,74.34,3.807,216.0280407
5,29-04-2011,307291.56,74.75,3.81,216.1968142
5,06-05-2011,322904.68,66.27,3.906,216.3655877
5,13-05-2011,290930.01,77.38,3.899,216.5343611
5,20-05-2011,299614.33,71.37,3.907,216.3023847
5,27-05-2011,297149.69,80.14,3.786,216.0704083
5,03-06-2011,329183.92,83.81,3.699,215.8384319
5,10-06-2011,304984.14,83.61,3.648,215.6064555
5,17-06-2011,304811.82,86.84,3.637,215.560463
5,24-06-2011,302881.64,84.76,3.594,215.6539583
5,01-07-2011,327093.89,85.81,3.524,215.7474537
5,08-07-2011,310804.93,86.64,3.48,215.8409491
5,15-07-2011,283248.62,88.64,3.575,215.9250696
5,22-07-2011,292539.73,86.97,3.651,215.985753
5,29-07-2011,275142.17,89.42,3.682,216.0464364
5,05-08-2011,317738.56,91.07,3.684,216.1071198
5,12-08-2011,289886.16,90.16,3.638,216.1678032
5,19-08-2011,303643.84,89.35,3.554,216.2311855
5,26-08-2011,310338.17,89.18,3.523,216.2950176
5,02-09-2011,315645.53,90.38,3.533,216.3588498
5,09-09-2011,321110.22,79.04,3.546,216.4226819
5,16-09-2011,278529.71,83.55,3.526,216.6033083
5,23-09-2011,291024.98,78.01,3.467,216.9396605
5,30-09-2011,292315.38,81.16,3.355,217.2760127
5,07-10-2011,309111.47,71.64,3.285,217.6123648
5,14-10-2011,286117.72,72.36,3.274,217.9237458
5,21-10-2011,306069.18,66.9,3.353,218.0852999
5,28-10-2011,307035.11,69.27,3.372,218.2468539
5,04-11-2011,353652.23,56.71,3.332,218.408408
5,11-11-2011,311906.7,60.71,3.297,218.5699621
5,18-11-2011,307944.37,64.33,3.308,218.793912
5,25-11-2011,507900.07,61.93,3.236,219.0428204
5,02-12-2011,376225.61,51.14,3.172,219.2917287
5,09-12-2011,367433.77,44.12,3.158,219.540637
5,16-12-2011,379530.3,54.42,3.159,219.7596266
5,23-12-2011,458562.24,50.33,3.112,219.9387246
5,30-12-2011,349624.88,45.62,3.129,220.1178226
5,06-01-2012,312078.71,50.21,3.157,220.2969205
5,13-01-2012,291454.52,48.86,3.261,220.4760185
5,20-01-2012,287523.98,54.65,3.268,220.5694104
5,27-01-2012,295974.22,54.63,3.29,220.6628023
5,03-02-2012,333948.0,57.35,3.36,220.7561941
5,10-02-2012,349239.88,48.57,3.409,220.849586
5,17-02-2012,356427.98,48.25,3.51,221.0106341
5,24-02-2012,312220.47,57.75,3.555,221.2224243
5,02-03-2012,359206.21,60.66,3.63,221.4342146
5,09-03-2012,347295.6,57.69,3.669,221.6460048
5,16-03-2012,339392.54,63.55,3.734,221.7989713
5,23-03-2012,321299.99,64.44,3.787,221.8735063
5,30-03-2012,331318.73,67.76,3.845,221.9480412
5,06-04-2012,402985.7,70.4,3.891,222.0225762
5,13-04-2012,351832.03,70.56,3.891,222.0971111
5,20-04-2012,330063.06,67.33,3.877,222.1512315
5,27-04-2012,324839.74,68.96,3.814,222.2053519
5,04-05-2012,360932.69,77.1,3.749,222.2594722
5,11-05-2012,333870.52,73.45,3.688,222.3135926
5,18-05-2012,336189.66,70.45,3.63,222.330443
5,25-05-2012,341994.48,78.23,3.561,222.3323853
5,01-06-2012,359867.8,79.72,3.501,222.3343277
5,08-06-2012,341704.59,81.02,3.452,222.33627
5,15-06-2012,327383.64,81.64,3.393,222.3492901
5,22-06-2012,325041.68,80.57,3.346,222.3900046
5,29-06-2012,329658.1,87.08,3.286,222.4307191
5,06-07-2012,341214.43,82.35,3.227,222.4714336
5,13-07-2012,316203.64,80.78,3.256,222.5121481
5,20-07-2012,321205.12,81.05,3.311,222.5209358
5,27-07-2012,306827.36,85.06,3.407,222.5297234
5,03-08-2012,324195.17,86.91,3.417,222.5385111
5,10-08-2012,306759.7,86.96,3.494,222.5472987
5,17-08-2012,314014.18,87.52,3.571,222.6276753
5,24-08-2012,320831.36,79.45,3.62,222.7617437
5,31-08-2012,344642.01,84.25,3.638,222.8958121
5,07-09-2012,350648.91,86.3,3.73,223.0298805
5,14-09-2012,299800.67,76.65,3.717,223.1734167
5,21-09-2012,307306.76,71.09,3.721,223.3737593
5,28-09-2012,310141.68,78.33,3.666,223.5741019
5,05-10-2012,343048.29,71.17,3.617,223.7744444
5,12-10-2012,325345.41,66.24,3.601,223.974787
5,19-10-2012,313358.15,69.17,3.594,224.0192873
5,26-10-2012,319550.77,71.7,3.506,224.0378139
6,05-02-2010,1652635.1,40.43,2.572,212.6223518
6,12-02-2010,1606283.86,40.57,2.548,212.7700425
6,19-02-2010,1567138.07,43.58,2.514,212.8161546
6,26-02-2010,1432953.21,47.1,2.561,212.845337
6,05-03-2010,1601348.82,49.63,2.625,212.8745193
6,12-03-2010,1558621.36,58.82,2.667,212.9037017
6,19-03-2010,1693058.91,56.55,2.72,212.7351935
6,26-03-2010,1472033.38,53.74,2.732,212.533737
6,02-04-2010,1770333.9,64.94,2.719,212.3322805
6,09-04-2010,1667181.82,66.15,2.77,212.1308239
6,16-04-2010,1519846.36,65.68,2.808,211.9942765
6,23-04-2010,1540435.99,64.11,2.795,211.9442745
6,30-04-2010,1498080.16,68.91,2.78,211.8942725
6,07-05-2010,1619920.04,73.68,2.835,211.8442706
6,14-05-2010,1524059.4,74.95,2.854,211.8421769
6,21-05-2010,1531938.44,74.8,2.826,212.1275324
6,28-05-2010,1644470.66,78.89,2.759,212.412888
6,04-06-2010,1857380.09,79.44,2.705,212.6982436
6,11-06-2010,1685652.35,81.81,2.668,212.9835992
6,18-06-2010,1677248.24,83.89,2.637,212.9813843
6,25-06-2010,1640681.88,84.2,2.653,212.8641412
6,02-07-2010,1759777.25,80.34,2.669,212.746898
6,09-07-2010,1690317.99,80.93,2.642,212.6296549
6,16-07-2010,1560120.8,83.75,2.623,212.6212163
6,23-07-2010,1585240.92,83.9,2.608,212.7578505
6,30-07-2010,1532308.78,81.37,2.64,212.8944846
6,06-08-2010,1633241.59,86.61,2.627,213.0311188
6,13-08-2010,1547654.98,86.83,2.692,213.1677529
6,20-08-2010,1539930.5,87.36,2.664,213.1291427
6,27-08-2010,1450766.12,85.71,2.619,213.0905324
6,03-09-2010,1510925.32,82.15,2.577,213.0519222
6,10-09-2010,1424225.44,78.78,2.565,213.013312
6,17-09-2010,1308537.75,81.78,2.582,213.0398643
6,24-09-2010,1275591.84,76.49,2.624,213.1152886
6,01-10-2010,1328468.89,70.69,2.603,213.1907129
6,08-10-2010,1360317.9,65.21,2.633,213.2661373
6,15-10-2010,1344580.92,68.93,2.72,213.3337977
6,22-10-2010,1332716.53,70.97,2.725,213.3820486
6,29-10-2010,1385323.7,70.39,2.716,213.4302994
6,05-11-2010,1505442.15,59.9,2.689,213.4785503
6,12-11-2010,1495536.46,62.11,2.728,213.5268011
6,19-11-2010,1518841.45,52.99,2.771,213.4107412
6,26-11-2010,2267452.4,65.79,2.735,213.2672961
6,03-12-2010,1677067.24,52.3,2.708,213.123851
6,10-12-2010,1834737.58,48.46,2.843,212.9804059
6,17-12-2010,2090268.95,52.24,2.869,212.918049
6,24-12-2010,2727575.18,55.07,2.886,212.9165082
6,31-12-2010,1464050.02,49.14,2.943,212.9149674
6,07-01-2011,1350441.68,47.78,2.976,212.9134266
6,14-01-2011,1306194.55,38.37,2.983,212.9655882
6,21-01-2011,1261253.18,46.2,3.016,213.3399647
6,28-01-2011,1287034.7,44.98,3.01,213.7143412
6,04-02-2011,1514999.17,40.59,2.989,214.0887176
6,11-02-2011,1486920.17,39.38,3.022,214.4630941
6,18-02-2011,1572117.54,59.61,3.045,214.7775231
6,25-02-2011,1422600.43,62.86,3.065,215.0679731
6,04-03-2011,1502617.99,60.45,3.288,215.3584231
6,11-03-2011,1494497.39,57.71,3.459,215.6488731
6,18-03-2011,1685375.47,65.07,3.488,215.9035078
6,25-03-2011,1438465.81,70.83,3.473,216.1438163
6,01-04-2011,1459276.77,62.25,3.524,216.3841249
6,08-04-2011,1534594.0,70.35,3.622,216.6244334
6,15-04-2011,1448797.02,73.17,3.743,216.8446627
6,22-04-2011,1639358.93,74.24,3.807,217.0146941
6,29-04-2011,1479249.9,75.27,3.81,217.1847255
6,06-05-2011,1504651.57,65.42,3.906,217.3547569
6,13-05-2011,1453185.65,76.95,3.899,217.5247882
6,20-05-2011,1382783.83,72.01,3.907,217.2896095
6,27-05-2011,1523979.11,80.83,3.786,217.0544307
6,03-06-2011,1705506.29,84.01,3.699,216.819252
6,10-06-2011,1598643.65,84.49,3.648,216.5840732
6,17-06-2011,1622150.33,87.08,3.637,216.5371616
6,24-06-2011,1543365.9,85.51,3.594,216.6314502
6,01-07-2011,1694551.15,87.0,3.524,216.7257388
6,08-07-2011,1709373.62,88.36,3.48,216.8200275
6,15-07-2011,1526801.24,88.93,3.575,216.9044732
6,22-07-2011,1526506.08,88.06,3.651,216.964312
6,29-07-2011,1483991.05,90.22,3.682,217.0241507
6,05-08-2011,1601584.57,91.46,3.684,217.0839894
6,12-08-2011,1484995.38,90.49,3.638,217.1438281
6,19-08-2011,1493544.04,89.26,3.554,217.2069662
6,26-08-2011,1420405.41,90.07,3.523,217.2706543
6,02-09-2011,1481618.74,91.22,3.533,217.3343423
6,09-09-2011,1483574.38,80.21,3.546,217.3980304
6,16-09-2011,1351407.79,84.94,3.526,217.5797506
6,23-09-2011,1336044.75,78.49,3.467,217.9188471
6,30-09-2011,1307551.92,82.51,3.355,218.2579435
6,07-10-2011,1481739.2,74.1,3.285,218.59704
6,14-10-2011,1386520.99,71.24,3.274,218.9109844
6,21-10-2011,1417922.37,68.53,3.353,219.0740167
6,28-10-2011,1419445.12,69.51,3.372,219.237049
6,04-11-2011,1523420.38,58.54,3.332,219.4000812
6,11-11-2011,1536176.54,61.33,3.297,219.5631135
6,18-11-2011,1524390.07,63.89,3.308,219.7897137
6,25-11-2011,2249811.55,62.78,3.236,220.0417412
6,02-12-2011,1688531.34,51.18,3.172,220.2937686
6,09-12-2011,1903385.14,43.64,3.158,220.5457961
6,16-12-2011,2034695.56,53.27,3.159,220.7671856
6,23-12-2011,2644633.02,49.45,3.112,220.9477245
6,30-12-2011,1598080.52,46.8,3.129,221.1282634
6,06-01-2012,1395339.71,50.82,3.157,221.3088023
6,13-01-2012,1344243.17,48.33,3.261,221.4893412
6,20-01-2012,1326255.7,55.37,3.268,221.5831306
6,27-01-2012,1315610.66,53.95,3.29,221.6769199
6,03-02-2012,1496305.78,57.45,3.36,221.7707093
6,10-02-2012,1620603.92,48.58,3.409,221.8644987
6,17-02-2012,1632616.09,49.03,3.51,222.026359
6,24-02-2012,1465187.71,59.17,3.555,222.2392726
6,02-03-2012,1550385.65,60.32,3.63,222.4521862
6,09-03-2012,1569304.4,57.89,3.669,222.6650998
6,16-03-2012,1748010.29,62.8,3.734,222.8186603
6,23-03-2012,1495143.62,63.71,3.787,222.8930835
6,30-03-2012,1508933.26,67.91,3.845,222.9675066
6,06-04-2012,1840131.19,71.6,3.891,223.0419298
6,13-04-2012,1616394.45,71.29,3.891,223.1163529
6,20-04-2012,1456073.24,68.64,3.877,223.17092
6,27-04-2012,1456221.1,71.5,3.814,223.2254871
6,04-05-2012,1543461.12,77.66,3.749,223.2800541
6,11-05-2012,1517075.67,72.66,3.688,223.3346212
6,18-05-2012,1513635.64,70.5,3.63,223.3511928
6,25-05-2012,1603793.42,78.47,3.561,223.3525662
6,01-06-2012,1681121.38,80.39,3.501,223.3539397
6,08-06-2012,1696619.52,80.5,3.452,223.3553131
6,15-06-2012,1642247.48,82.1,3.393,223.3680933
6,22-06-2012,1618272.25,81.2,3.346,223.4093906
6,29-06-2012,1648863.46,87.35,3.286,223.4506878
6,06-07-2012,1876359.39,82.95,3.227,223.4919851
6,13-07-2012,1588142.26,80.27,3.256,223.5332824
6,20-07-2012,1574361.97,81.57,3.311,223.5424501
6,27-07-2012,1513229.16,85.78,3.407,223.5516178
6,03-08-2012,1627274.93,87.55,3.417,223.5607856
6,10-08-2012,1588380.73,87.04,3.494,223.5699533
6,17-08-2012,1543049.52,87.53,3.571,223.6510224
6,24-08-2012,1501095.49,79.03,3.62,223.7860175
6,31-08-2012,1577439.81,83.58,3.638,223.9210125
6,07-09-2012,1608077.01,86.33,3.73,224.0560076
6,14-09-2012,1375166.86,76.41,3.717,224.2004678
6,21-09-2012,1425603.65,70.81,3.721,224.4017192
6,28-09-2012,1369131.46,77.82,3.666,224.6029706
6,05-10-2012,1518177.71,70.84,3.617,224.804222
6,12-10-2012,1459396.84,65.43,3.601,225.0054733
6,19-10-2012,1436883.99,69.68,3.594,225.0501013
6,26-10-2012,1431426.34,72.34,3.506,225.0686254
7,05-02-2010,496725.44,10.53,2.58,189.3816974
7,12-02-2010,524104.92,25.9,2.572,189.4642725
7,19-02-2010,506760.54,27.28,2.55,189.5340998
7,26-02-2010,496083.24,24.91,2.586,189.6018023
7,05-03-2010,491419.55,35.86,2.62,189.6695049
7,12-03-2010,480452.1,27.25,2.684,189.7372075
7,19-03-2010,574450.23,29.04,2.692,189.734262
7,26-03-2010,514731.6,23.33,2.717,189.7195417
7,02-04-2010,561145.14,38.26,2.725,189.7048215
7,09-04-2010,484263.25,33.79,2.75,189.6901012
7,16-04-2010,406228.19,41.89,2.765,189.6628845
7,23-04-2010,404751.25,43.07,2.776,189.6190057
7,30-04-2010,373655.61,38.99,2.766,189.575127
7,07-05-2010,395453.83,40.07,2.771,189.5312483
7,14-05-2010,372673.61,41.41,2.788,189.4904116
7,21-05-2010,395195.65,46.6,2.776,189.467827
7,28-05-2010,442734.55,54.24,2.737,189.4452425
7,04-06-2010,509183.22,53.63,2.7,189.422658
7,11-06-2010,498580.87,63.59,2.684,189.4000734
7,18-06-2010,481144.09,52.7,2.674,189.4185259
7,25-06-2010,553714.87,59.94,2.715,189.4533931
7,02-07-2010,575570.77,61.31,2.728,189.4882603
7,09-07-2010,593462.34,58.0,2.711,189.5231276
7,16-07-2010,557166.35,62.19,2.699,189.6125456
7,23-07-2010,570231.21,64.64,2.691,189.774698
7,30-07-2010,603547.16,66.07,2.69,189.9368504
7,06-08-2010,643854.17,61.7,2.69,190.0990028
7,13-08-2010,598185.4,60.13,2.723,190.2611552
7,20-08-2010,582353.17,59.59,2.732,190.2948237
7,27-08-2010,554309.24,57.57,2.731,190.3284922
7,03-09-2010,532765.05,49.84,2.773,190.3621607
7,10-09-2010,535769.32,48.5,2.78,190.3958293
7,17-09-2010,489408.53,48.56,2.8,190.4688287
7,24-09-2010,488008.83,47.55,2.793,190.5713264
7,01-10-2010,448998.73,49.99,2.759,190.6738241
7,08-10-2010,480239.88,44.13,2.745,190.7763218
7,15-10-2010,463370.48,35.86,2.762,190.8623087
7,22-10-2010,472450.81,36.84,2.762,190.9070184
7,29-10-2010,465493.15,34.78,2.748,190.951728
7,05-11-2010,480512.44,49.44,2.729,190.9964377
7,12-11-2010,507584.29,22.12,2.737,191.0411474
7,19-11-2010,482528.36,25.56,2.758,191.0312172
7,26-11-2010,835189.26,17.95,2.742,191.0121805
7,03-12-2010,552811.62,21.88,2.712,190.9931437
7,10-12-2010,599730.07,24.24,2.728,190.9741069
7,17-12-2010,716388.81,20.74,2.778,191.0303376
7,24-12-2010,1045124.88,26.04,2.781,191.1430189
7,31-12-2010,729572.08,13.76,2.829,191.2557002
7,07-01-2011,661163.94,10.09,2.882,191.3683815
7,14-01-2011,547384.9,11.32,2.911,191.4784939
7,21-01-2011,521539.46,25.4,2.973,191.5731924
7,28-01-2011,513372.17,10.11,3.008,191.667891
7,04-02-2011,558027.77,-2.06,3.011,191.7625895
7,11-02-2011,559903.13,10.24,3.037,191.8572881
7,18-02-2011,572387.47,17.3,3.051,191.9178331
7,25-02-2011,546690.84,17.46,3.101,191.9647167
7,04-03-2011,551378.39,21.84,3.232,192.0116004
7,11-03-2011,558963.83,20.7,3.372,192.058484
7,18-03-2011,635014.69,27.69,3.406,192.1237981
7,25-03-2011,559061.58,25.69,3.414,192.1964844
7,01-04-2011,513409.67,24.83,3.461,192.2691707
7,08-04-2011,500552.16,30.64,3.532,192.3418571
7,15-04-2011,423380.14,27.79,3.611,192.4225954
7,22-04-2011,466594.89,31.84,3.636,192.5234638
7,29-04-2011,410429.73,26.79,3.663,192.6243322
7,06-05-2011,407012.47,26.54,3.735,192.7252006
7,13-05-2011,414094.05,36.61,3.767,192.826069
7,20-05-2011,424670.98,36.16,3.828,192.831317
7,27-05-2011,457216.87,37.51,3.795,192.8365651
7,03-06-2011,542295.37,45.77,3.763,192.8418131
7,10-06-2011,621099.95,53.3,3.735,192.8470612
7,17-06-2011,610991.35,48.79,3.697,192.9034759
7,24-06-2011,640043.97,46.85,3.661,192.9982655
7,01-07-2011,704344.21,58.54,3.597,193.0930552
7,08-07-2011,761793.94,59.08,3.54,193.1878448
7,15-07-2011,642748.21,54.37,3.532,193.3125484
7,22-07-2011,688043.96,56.22,3.545,193.5120367
7,29-07-2011,653382.62,56.66,3.547,193.711525
7,05-08-2011,695392.84,55.91,3.554,193.9110133
7,12-08-2011,670670.46,54.56,3.542,194.1105017
7,19-08-2011,645156.21,56.06,3.499,194.2500634
7,26-08-2011,629994.47,57.6,3.485,194.3796374
7,02-09-2011,592355.24,53.4,3.511,194.5092113
7,09-09-2011,613135.23,45.61,3.566,194.6387853
7,16-09-2011,558981.45,43.67,3.596,194.7419707
7,23-09-2011,536144.81,43.67,3.581,194.8099713
7,30-09-2011,488880.26,47.34,3.538,194.8779718
7,07-10-2011,525866.36,40.65,3.498,194.9459724
7,14-10-2011,501959.19,32.65,3.491,195.0261012
7,21-10-2011,558691.43,37.49,3.548,195.1789994
7,28-10-2011,527339.52,28.82,3.55,195.3318977
7,04-11-2011,564536.01,23.41,3.527,195.4847959
7,11-11-2011,556015.59,19.53,3.505,195.6376941
7,18-11-2011,539826.56,29.53,3.479,195.7184713
7,25-11-2011,949075.87,27.6,3.424,195.7704
7,02-12-2011,591907.88,20.38,3.378,195.8223287
7,09-12-2011,653845.45,11.17,3.331,195.8742575
7,16-12-2011,720242.19,15.2,3.266,195.9841685
7,23-12-2011,1059715.27,12.19,3.173,196.1713893
7,30-12-2011,815915.52,15.56,3.119,196.3586101
7,06-01-2012,713117.66,18.67,3.095,196.5458309
7,13-01-2012,593875.46,7.46,3.077,196.7330517
7,20-01-2012,578002.85,27.41,3.055,196.7796652
7,27-01-2012,541037.98,26.9,3.038,196.8262786
7,03-02-2012,580453.32,22.2,3.031,196.8728921
7,10-02-2012,563460.77,18.79,3.103,196.9195056
7,17-02-2012,620908.18,27.03,3.113,196.9432711
7,24-02-2012,603041.14,24.41,3.129,196.9499007
7,02-03-2012,551058.13,21.64,3.191,196.9565303
7,09-03-2012,579166.5,30.1,3.286,196.9631599
7,16-03-2012,669205.73,37.29,3.486,197.0457208
7,23-03-2012,615997.29,35.06,3.664,197.2295234
7,30-03-2012,583322.2,44.99,3.75,197.4133259
7,06-04-2012,621425.98,44.29,3.854,197.5971285
7,13-04-2012,517420.23,41.43,3.901,197.780931
7,20-04-2012,457340.06,39.3,3.936,197.7227385
7,27-04-2012,467827.75,51.49,3.927,197.664546
7,04-05-2012,465198.89,45.38,3.903,197.6063534
7,11-05-2012,460397.41,48.54,3.87,197.5481609
7,18-05-2012,468428.3,49.41,3.837,197.5553137
7,25-05-2012,532739.77,50.6,3.804,197.5886046
7,01-06-2012,598495.02,55.06,3.764,197.6218954
7,08-06-2012,642963.75,63.07,3.741,197.6551863
7,15-06-2012,666942.02,59.33,3.723,197.692292
7,22-06-2012,687344.68,63.69,3.735,197.7389345
7,29-06-2012,704335.41,68.84,3.693,197.785577
7,06-07-2012,805642.61,64.67,3.646,197.8322195
7,13-07-2012,694150.89,64.21,3.613,197.8788621
7,20-07-2012,686345.69,62.87,3.585,197.9290378
7,27-07-2012,686365.4,64.6,3.57,197.9792136
7,03-08-2012,680954.81,61.83,3.528,198.0293893
7,10-08-2012,675926.3,63.41,3.509,198.0795651
7,17-08-2012,642450.4,59.66,3.545,198.1001057
7,24-08-2012,609099.37,59.27,3.558,198.0984199
7,31-08-2012,586467.16,60.46,3.556,198.0967341
7,07-09-2012,597876.55,57.84,3.596,198.0950484
7,14-09-2012,541120.2,53.66,3.659,198.1267184
7,21-09-2012,530842.25,51.77,3.765,198.358523
7,28-09-2012,525545.76,50.64,3.789,198.5903276
7,05-10-2012,505830.56,48.43,3.779,198.8221322
7,12-10-2012,503463.93,41.43,3.76,199.0539368
7,19-10-2012,516424.83,43.01,3.75,199.1481963
7,26-10-2012,495543.28,42.53,3.686,199.2195317
8,05-02-2010,1004137.09,34.14,2.572,214.4714512
8,12-02-2010,994801.4,33.34,2.548,214.6214189
8,19-02-2010,963960.37,39.1,2.514,214.6664878
8,26-02-2010,847592.11,37.91,2.561,214.6940735
8,05-03-2010,881503.95,45.64,2.625,214.7216592
8,12-03-2010,860336.16,49.76,2.667,214.7492449
8,19-03-2010,839911.0,47.26,2.72,214.5764954
8,26-03-2010,772539.12,46.51,2.732,214.3703567
8,02-04-2010,914500.91,60.18,2.719,214.164218
8,09-04-2010,916033.92,59.25,2.77,213.9580793
8,16-04-2010,882917.12,62.66,2.808,213.8186357
8,23-04-2010,850440.26,56.1,2.795,213.768119
8,30-04-2010,778672.64,61.01,2.78,213.7176024
8,07-05-2010,916820.96,62.68,2.835,213.6670857
8,14-05-2010,873337.84,61.35,2.854,213.6655355
8,21-05-2010,818333.21,66.03,2.826,213.9577839
8,28-05-2010,868041.56,74.71,2.759,214.2500323
8,04-06-2010,958225.41,75.71,2.705,214.5422806
8,11-06-2010,914835.86,82.21,2.668,214.834529
8,18-06-2010,869922.56,78.79,2.637,214.8324452
8,25-06-2010,814919.11,81.78,2.653,214.7126286
8,02-07-2010,852333.75,74.78,2.669,214.5928119
8,09-07-2010,845289.77,72.49,2.642,214.4729952
8,16-07-2010,848630.57,77.49,2.623,214.4640599
8,23-07-2010,785515.88,78.29,2.608,214.6029664
8,30-07-2010,787295.09,76.02,2.64,214.7418728
8,06-08-2010,893399.77,80.37,2.627,214.8807793
8,13-08-2010,867919.21,80.11,2.692,215.0196857
8,20-08-2010,870676.44,79.36,2.664,214.9779825
8,27-08-2010,888816.78,74.92,2.619,214.9362793
8,03-09-2010,899036.47,76.14,2.577,214.894576
8,10-09-2010,831425.2,74.34,2.565,214.8528728
8,17-09-2010,836707.85,75.32,2.582,214.8785562
8,24-09-2010,773725.08,72.21,2.624,214.9547795
8,01-10-2010,804105.49,68.7,2.603,215.0310029
8,08-10-2010,870349.86,62.94,2.633,215.1072262
8,15-10-2010,826546.96,62.59,2.72,215.1757
8,22-10-2010,836419.14,62.86,2.725,215.2248
8,29-10-2010,830756.76,57.93,2.716,215.2739
8,05-11-2010,927266.34,55.76,2.689,215.323
8,12-11-2010,911538.98,54.89,2.728,215.3721
8,19-11-2010,885608.04,43.86,2.771,215.2538714
8,26-11-2010,1261693.16,51.07,2.735,215.1077548
8,03-12-2010,952766.93,42.85,2.708,214.9616381
8,10-12-2010,1069061.63,42.47,2.843,214.8155214
8,17-12-2010,1220579.55,45.03,2.869,214.7510843
8,24-12-2010,1511641.09,45.67,2.886,214.7479069
8,31-12-2010,773586.49,41.47,2.943,214.7447295
8,07-01-2011,873065.23,35.77,2.976,214.7415521
8,14-01-2011,809646.66,31.62,2.983,214.7930991
8,21-01-2011,822668.23,42.06,3.016,215.1729926
8,28-01-2011,782256.66,39.26,3.01,215.5528862
8,04-02-2011,944594.78,24.48,2.989,215.9327797
8,11-02-2011,996147.39,28.26,3.022,216.3126733
8,18-02-2011,1065108.64,50.64,3.045,216.6310383
8,25-02-2011,917317.15,51.29,3.065,216.9247918
8,04-03-2011,935266.43,53.18,3.288,217.2185454
8,11-03-2011,900387.29,49.14,3.459,217.512299
8,18-03-2011,898289.14,56.68,3.488,217.7705442
8,25-03-2011,827968.36,59.74,3.473,218.0145862
8,01-04-2011,878762.3,49.86,3.524,218.2586281
8,08-04-2011,949825.83,65.62,3.622,218.50267
8,15-04-2011,908278.74,63.55,3.743,218.7262524
8,22-04-2011,937473.13,65.11,3.807,218.8986857
8,29-04-2011,855014.77,62.29,3.81,219.071119
8,06-05-2011,941457.34,58.92,3.906,219.2435524
8,13-05-2011,895763.41,72.96,3.899,219.4159857
8,20-05-2011,836049.89,65.54,3.907,219.1746922
8,27-05-2011,857939.41,73.14,3.786,218.9333986
8,03-06-2011,929222.16,82.05,3.699,218.6921051
8,10-06-2011,897309.41,82.21,3.648,218.4508115
8,17-06-2011,922048.41,84.73,3.637,218.4021448
8,24-06-2011,864881.24,83.94,3.594,218.4979481
8,01-07-2011,883683.35,87.26,3.524,218.5937514
8,08-07-2011,861965.12,83.57,3.48,218.6895548
8,15-07-2011,849925.37,84.26,3.575,218.7746217
8,22-07-2011,829902.42,85.46,3.651,218.8328475
8,29-07-2011,807082.19,86.46,3.682,218.8910733
8,05-08-2011,892393.77,85.15,3.684,218.9492991
8,12-08-2011,856796.1,86.05,3.638,219.0075249
8,19-08-2011,895066.5,82.92,3.554,219.0701968
8,26-08-2011,912542.82,84.69,3.523,219.1336097
8,02-09-2011,891387.14,84.77,3.533,219.1970226
8,09-09-2011,848358.09,69.01,3.546,219.2604355
8,16-09-2011,870971.82,69.09,3.526,219.4442443
8,23-09-2011,806444.29,68.72,3.467,219.788581
8,30-09-2011,809049.37,72.2,3.355,220.1329176
8,07-10-2011,929976.55,67.61,3.285,220.4772543
8,14-10-2011,863188.26,61.74,3.274,220.7960935
8,21-10-2011,905984.49,59.97,3.353,220.9619484
8,28-10-2011,876712.31,56.86,3.372,221.1278032
8,04-11-2011,947815.05,49.68,3.332,221.2936581
8,11-11-2011,917088.48,50.56,3.297,221.4595129
8,18-11-2011,897032.19,51.72,3.308,221.6911738
8,25-11-2011,1235163.86,49.61,3.236,221.9491571
8,02-12-2011,986601.46,40.82,3.172,222.2071405
8,09-12-2011,1051922.95,30.51,3.158,222.4651238
8,16-12-2011,1118163.94,39.79,3.159,222.6910959
8,23-12-2011,1462254.05,38.16,3.112,222.8743862
8,30-12-2011,858572.22,36.33,3.129,223.0576765
8,06-01-2012,872113.23,43.47,3.157,223.2409668
8,13-01-2012,817661.76,36.46,3.261,223.4242571
8,20-01-2012,813954.82,46.81,3.268,223.5188055
8,27-01-2012,778178.53,45.52,3.29,223.6133539
8,03-02-2012,927610.69,45.56,3.36,223.7079023
8,10-02-2012,1021400.42,35.71,3.409,223.8024507
8,17-02-2012,1096232.89,37.51,3.51,223.9658621
8,24-02-2012,928537.54,46.33,3.555,224.1809207
8,02-03-2012,952264.91,50.95,3.63,224.3959793
8,09-03-2012,960115.56,49.59,3.669,224.6110379
8,16-03-2012,921178.39,56.63,3.734,224.7657327
8,23-03-2012,874223.25,52.9,3.787,224.8399424
8,30-03-2012,905935.29,66.69,3.845,224.9141521
8,06-04-2012,1046816.59,62.18,3.891,224.9883618
8,13-04-2012,909989.45,65.19,3.891,225.0625714
8,20-04-2012,872288.46,63.59,3.877,225.1179914
8,27-04-2012,879448.25,70.34,3.814,225.1734114
8,04-05-2012,937232.09,73.96,3.749,225.2288314
8,11-05-2012,920128.89,64.96,3.688,225.2842514
8,18-05-2012,913922.01,64.16,3.63,225.3002908
8,25-05-2012,895157.44,76.11,3.561,225.3005779
8,01-06-2012,921161.2,78.31,3.501,225.300865
8,08-06-2012,928820.0,74.28,3.452,225.3011521
8,15-06-2012,916918.7,77.14,3.393,225.3134743
8,22-06-2012,899449.65,78.85,3.346,225.3558843
8,29-06-2012,878298.22,84.47,3.286,225.3982943
8,06-07-2012,936205.5,81.24,3.227,225.4407043
8,13-07-2012,890488.01,78.46,3.256,225.4831143
8,20-07-2012,888834.07,79.94,3.311,225.4930078
8,27-07-2012,838227.52,81.71,3.407,225.5029014
8,03-08-2012,897076.73,85.06,3.417,225.5127949
8,10-08-2012,930745.69,83.74,3.494,225.5226885
8,17-08-2012,896613.19,81.21,3.571,225.6050797
8,24-08-2012,936373.65,73.77,3.62,225.7418442
8,31-08-2012,976137.73,75.33,3.638,225.8786088
8,07-09-2012,932160.37,80.87,3.73,226.0153733
8,14-09-2012,883569.38,67.21,3.717,226.1615981
8,21-09-2012,857796.45,66.96,3.721,226.3645848
8,28-09-2012,884724.41,71.1,3.666,226.5675714
8,05-10-2012,976436.02,61.41,3.617,226.7705581
8,12-10-2012,927511.99,55.03,3.601,226.9735448
8,19-10-2012,900309.75,62.99,3.594,227.0184166
8,26-10-2012,891671.44,64.74,3.506,227.0369359
9,05-02-2010,549505.55,38.01,2.572,214.6554591
9,12-02-2010,552677.48,37.08,2.548,214.8056534
9,19-02-2010,511327.9,43.06,2.514,214.8506185
9,26-02-2010,473773.27,43.83,2.561,214.8780453
9,05-03-2010,507297.88,48.43,2.625,214.9054721
9,12-03-2010,494145.8,55.76,2.667,214.932899
9,19-03-2010,485744.61,53.15,2.72,214.7597274
9,26-03-2010,484946.56,51.8,2.732,214.5531227
9,02-04-2010,545206.32,65.21,2.719,214.3465181
9,09-04-2010,529384.31,64.95,2.77,214.1399135
9,16-04-2010,485764.32,66.09,2.808,214.0001817
9,23-04-2010,488683.57,61.26,2.795,213.9496138
9,30-04-2010,491723.42,66.07,2.78,213.8990459
9,07-05-2010,526128.61,68.58,2.835,213.848478
9,14-05-2010,492792.8,70.53,2.854,213.8469819
9,21-05-2010,506274.94,71.5,2.826,214.1399162
9,28-05-2010,558143.53,77.12,2.759,214.4328505
9,04-06-2010,586061.46,79.65,2.705,214.7257848
9,11-06-2010,522715.68,83.75,2.668,215.0187191
9,18-06-2010,513073.87,82.99,2.637,215.0166484
9,25-06-2010,509263.28,85.02,2.653,214.8965756
9,02-07-2010,528832.54,78.55,2.669,214.7765028
9,09-07-2010,485389.15,78.51,2.642,214.6564301
9,16-07-2010,474030.51,82.93,2.623,214.6474453
9,23-07-2010,462676.5,84.49,2.608,214.7865779
9,30-07-2010,468675.19,79.83,2.64,214.9257105
9,06-08-2010,522815.45,87.09,2.627,215.064843
9,13-08-2010,481897.98,86.85,2.692,215.2039756
9,20-08-2010,499325.38,86.3,2.664,215.1619646
9,27-08-2010,506789.66,84.01,2.619,215.1199536
9,03-09-2010,511049.06,82.47,2.577,215.0779426
9,10-09-2010,484835.2,77.7,2.565,215.0359315
9,17-09-2010,463448.59,81.19,2.582,215.0615285
9,24-09-2010,452905.22,77.15,2.624,215.1378313
9,01-10-2010,495692.19,69.08,2.603,215.2141341
9,08-10-2010,505069.21,65.35,2.633,215.290437
9,15-10-2010,454769.68,67.36,2.72,215.3589917
9,22-10-2010,466322.76,69.99,2.725,215.4081762
9,29-10-2010,508801.61,64.43,2.716,215.4573607
9,05-11-2010,517869.97,58.69,2.689,215.5065452
9,12-11-2010,520846.68,61.59,2.728,215.5557297
9,19-11-2010,519823.3,49.96,2.771,215.4372854
9,26-11-2010,768070.53,60.18,2.735,215.2909028
9,03-12-2010,578164.82,49.89,2.708,215.1445203
9,10-12-2010,618121.82,46.1,2.843,214.9981378
9,17-12-2010,685243.2,49.7,2.869,214.9334937
9,24-12-2010,873347.55,50.93,2.886,214.9301534
9,31-12-2010,459770.85,45.92,2.943,214.9268131
9,07-01-2011,490981.78,41.82,2.976,214.9234729
9,14-01-2011,458086.69,36.43,2.983,214.9749587
9,21-01-2011,454021.69,44.72,3.016,215.3554013
9,28-01-2011,463561.48,43.9,3.01,215.7358438
9,04-02-2011,544612.28,31.82,2.989,216.1162864
9,11-02-2011,555279.02,34.13,3.022,216.496729
9,18-02-2011,610985.56,58.5,3.045,216.8154856
9,25-02-2011,513107.2,59.01,3.065,217.1095679
9,04-03-2011,542016.18,60.67,3.288,217.4036503
9,11-03-2011,517783.5,54.75,3.459,217.6977326
9,18-03-2011,515226.11,63.82,3.488,217.9563371
9,25-03-2011,497488.4,68.79,3.473,218.2007506
9,01-04-2011,520962.14,56.12,3.524,218.445164
9,08-04-2011,561625.92,71.4,3.622,218.6895775
9,15-04-2011,528420.28,71.9,3.743,218.9134935
9,22-04-2011,549502.11,72.35,3.807,219.0861659
9,29-04-2011,532226.2,70.85,3.81,219.2588382
9,06-05-2011,545251.1,62.2,3.906,219.4315106
9,13-05-2011,539126.0,77.66,3.899,219.6041829
9,20-05-2011,518266.9,70.49,3.907,219.3622809
9,27-05-2011,553834.04,80.42,3.786,219.1203788
9,03-06-2011,587004.29,85.8,3.699,218.8784768
9,10-06-2011,550076.32,85.81,3.648,218.6365747
9,17-06-2011,558671.14,89.15,3.637,218.5877333
9,24-06-2011,538745.93,86.74,3.594,218.6836874
9,01-07-2011,537064.03,89.14,3.524,218.7796415
9,08-07-2011,535983.13,89.04,3.48,218.8755955
9,15-07-2011,512834.04,90.45,3.575,218.9607242
9,22-07-2011,491449.94,89.08,3.651,219.0187895
9,29-07-2011,471449.98,91.1,3.682,219.0768548
9,05-08-2011,554879.67,91.52,3.684,219.1349201
9,12-08-2011,520284.79,91.63,3.638,219.1929854
9,19-08-2011,540819.44,85.8,3.554,219.2556109
9,26-08-2011,542663.53,88.95,3.523,219.3189965
9,02-09-2011,544643.33,89.33,3.533,219.382382
9,09-09-2011,528784.86,75.65,3.546,219.4457675
9,16-09-2011,500274.03,77.95,3.526,219.6297841
9,23-09-2011,506743.78,74.42,3.467,219.9746423
9,30-09-2011,508567.04,78.45,3.355,220.3195004
9,07-10-2011,553836.98,72.62,3.285,220.6643585
9,14-10-2011,529515.66,67.27,3.274,220.9836849
9,21-10-2011,557075.21,65.46,3.353,221.1498206
9,28-10-2011,548527.49,63.96,3.372,221.3159563
9,04-11-2011,597855.07,54.46,3.332,221.4820921
9,11-11-2011,594574.12,58.28,3.297,221.6482278
9,18-11-2011,542414.27,58.8,3.308,221.8803923
9,25-11-2011,814753.5,54.32,3.236,222.1389683
9,02-12-2011,613115.21,46.84,3.172,222.3975443
9,09-12-2011,630327.28,37.65,3.158,222.6561203
9,16-12-2011,705557.97,47.31,3.159,222.8825484
9,23-12-2011,905324.68,44.43,3.112,223.0661125
9,30-12-2011,549788.36,43.41,3.129,223.2496766
9,06-01-2012,519585.67,47.54,3.157,223.4332408
9,13-01-2012,474964.6,42.44,3.261,223.6168049
9,20-01-2012,480130.04,51.56,3.268,223.7114288
9,27-01-2012,482451.21,49.38,3.29,223.8060527
9,03-02-2012,549967.89,54.43,3.36,223.9006766
9,10-02-2012,609736.12,44.03,3.409,223.9953006
9,17-02-2012,658965.05,43.81,3.51,224.1588663
9,24-02-2012,563578.79,53.67,3.555,224.3741384
9,02-03-2012,619498.28,57.2,3.63,224.5894104
9,09-03-2012,574955.95,54.03,3.669,224.8046825
9,16-03-2012,550373.57,59.94,3.734,224.9594902
9,23-03-2012,550791.32,58.79,3.787,225.0336786
9,30-03-2012,574985.37,67.87,3.845,225.107867
9,06-04-2012,677885.99,68.83,3.891,225.1820555
9,13-04-2012,578539.86,69.19,3.891,225.2562439
9,20-04-2012,542819.03,68.04,3.877,225.3117488
9,27-04-2012,550414.99,73.07,3.814,225.3672537
9,04-05-2012,586289.08,78.98,3.749,225.4227585
9,11-05-2012,592572.3,70.94,3.688,225.4782634
9,18-05-2012,571463.93,69.52,3.63,225.4942498
9,25-05-2012,547226.0,79.69,3.561,225.4944288
9,01-06-2012,583648.59,80.26,3.501,225.4946078
9,08-06-2012,582525.42,78.91,3.452,225.4947868
9,15-06-2012,564606.1,82.21,3.393,225.5070634
9,22-06-2012,562173.12,81.05,3.346,225.5495841
9,29-06-2012,544770.7,87.18,3.286,225.5921049
9,06-07-2012,578790.36,84.15,3.227,225.6346256
9,13-07-2012,536537.64,82.39,3.256,225.6771463
9,20-07-2012,513991.57,83.39,3.311,225.6871121
9,27-07-2012,495951.0,86.41,3.407,225.6970779
9,03-08-2012,533887.54,90.23,3.417,225.7070437
9,10-08-2012,538713.47,88.66,3.494,225.7170094
9,17-08-2012,535153.47,86.37,3.571,225.7995323
9,24-08-2012,572887.78,77.9,3.62,225.9364729
9,31-08-2012,576879.15,80.71,3.638,226.0734135
9,07-09-2012,565812.29,87.93,3.73,226.2103541
9,14-09-2012,523427.35,73.55,3.717,226.3567545
9,21-09-2012,533756.88,69.92,3.721,226.5599138
9,28-09-2012,516361.06,76.8,3.666,226.7630732
9,05-10-2012,606755.3,66.61,3.617,226.9662325
9,12-10-2012,558464.8,60.09,3.601,227.1693919
9,19-10-2012,542009.46,68.01,3.594,227.214288
9,26-10-2012,549731.49,69.52,3.506,227.2328068
10,05-02-2010,2193048.75,54.34,2.962,126.4420645
10,12-02-2010,2176028.52,49.96,2.828,126.4962581
10,19-02-2010,2113432.58,58.22,2.915,126.5262857
10,26-02-2010,2006774.96,52.77,2.825,126.5522857
10,05-03-2010,1987090.09,55.92,2.877,126.5782857
10,12-03-2010,1941346.13,52.33,3.034,126.6042857
10,19-03-2010,1946875.06,61.46,3.054,126.6066452
10,26-03-2010,1893532.46,60.05,2.98,126.6050645
10,02-04-2010,2138651.97,63.66,3.086,126.6034839
10,09-04-2010,2041069.37,65.29,3.004,126.6019032
10,16-04-2010,1826241.44,69.74,3.109,126.5621
10,23-04-2010,1829521.83,66.42,3.05,126.4713333
10,30-04-2010,1790694.59,69.76,3.105,126.3805667
10,07-05-2010,1921432.16,71.06,3.127,126.2898
10,14-05-2010,1808056.41,73.88,3.145,126.2085484
10,21-05-2010,1847613.58,78.32,3.12,126.1843871
10,28-05-2010,1904618.17,76.67,3.058,126.1602258
10,04-06-2010,1931406.28,82.82,2.941,126.1360645
10,11-06-2010,1827521.71,89.67,3.057,126.1119032
10,18-06-2010,1837636.24,83.49,2.935,126.114
10,25-06-2010,1768172.31,90.32,3.084,126.1266
10,02-07-2010,1845893.87,92.89,2.978,126.1392
10,09-07-2010,1769793.37,91.03,3.1,126.1518
10,16-07-2010,1828052.47,91.8,2.971,126.1498065
10,23-07-2010,1831676.03,88.44,3.112,126.1283548
10,30-07-2010,1832664.03,85.03,3.017,126.1069032
10,06-08-2010,1949236.09,86.13,3.123,126.0854516
10,13-08-2010,1962996.7,88.37,3.049,126.064
10,20-08-2010,1983190.56,89.88,3.041,126.0766452
10,27-08-2010,1727565.42,84.99,3.022,126.0892903
10,03-09-2010,1766331.45,83.8,3.087,126.1019355
10,10-09-2010,1720530.23,84.04,2.961,126.1145806
10,17-09-2010,1716755.78,85.52,3.028,126.1454667
10,24-09-2010,1655036.75,85.75,2.939,126.1900333
10,01-10-2010,1645892.97,86.01,3.001,126.2346
10,08-10-2010,1772192.42,77.04,2.924,126.2791667
10,15-10-2010,1703850.25,75.48,3.08,126.3266774
10,22-10-2010,1740234.06,68.12,3.014,126.3815484
10,29-10-2010,1741308.56,68.76,3.13,126.4364194
10,05-11-2010,1832211.96,71.04,3.009,126.4912903
10,12-11-2010,1895901.59,61.24,3.13,126.5461613
10,19-11-2010,1949177.13,58.83,3.047,126.6072
10,26-11-2010,2939946.38,55.33,3.162,126.6692667
10,03-12-2010,2251206.64,51.17,3.041,126.7313333
10,10-12-2010,2411790.21,60.51,3.091,126.7934
10,17-12-2010,2811646.85,59.15,3.125,126.8794839
10,24-12-2010,3749057.69,57.06,3.236,126.9835806
10,31-12-2010,1707298.14,49.67,3.148,127.0876774
10,07-01-2011,1714309.9,43.43,3.287,127.1917742
10,14-01-2011,1710803.59,49.98,3.312,127.3009355
10,21-01-2011,1677556.18,56.75,3.336,127.4404839
10,28-01-2011,1715769.05,53.03,3.231,127.5800323
10,04-02-2011,1968045.91,44.88,3.348,127.7195806
10,11-02-2011,2115408.31,51.51,3.381,127.859129
10,18-02-2011,2106934.55,61.77,3.43,127.99525
10,25-02-2011,1967996.71,53.59,3.398,128.13
10,04-03-2011,1958003.19,56.96,3.674,128.26475
10,11-03-2011,1933469.15,64.22,3.63,128.3995
10,18-03-2011,1884734.31,70.12,3.892,128.5121935
10,25-03-2011,1815798.85,62.53,3.716,128.6160645
10,01-04-2011,1827733.18,67.64,3.772,128.7199355
10,08-04-2011,1870720.73,73.03,3.818,128.8238065
10,15-04-2011,1781767.22,61.05,4.089,128.9107333
10,22-04-2011,2004831.14,75.93,3.917,128.9553
10,29-04-2011,1873646.34,73.38,4.151,128.9998667
10,06-05-2011,1841369.99,73.56,4.193,129.0444333
10,13-05-2011,1712995.44,74.04,4.202,129.089
10,20-05-2011,1720908.01,72.62,3.99,129.0756774
10,27-05-2011,1743000.38,78.62,3.933,129.0623548
10,03-06-2011,1792210.89,81.87,3.893,129.0490323
10,10-06-2011,1740063.1,84.57,3.981,129.0357097
10,17-06-2011,1817934.76,87.96,3.935,129.0432
10,24-06-2011,1711813.13,90.69,3.807,129.0663
10,01-07-2011,1751369.75,95.36,3.842,129.0894
10,08-07-2011,1699708.38,88.57,3.793,129.1125
10,15-07-2011,1775068.4,86.01,3.779,129.1338387
10,22-07-2011,1774342.61,88.59,3.697,129.1507742
10,29-07-2011,1745841.33,86.75,3.694,129.1677097
10,05-08-2011,1886299.98,89.8,3.803,129.1846452
10,12-08-2011,1917397.63,85.61,3.794,129.2015806
10,19-08-2011,1954849.68,87.4,3.743,129.2405806
10,26-08-2011,1728399.07,91.59,3.663,129.2832581
10,02-09-2011,1758587.35,91.61,3.798,129.3259355
10,09-09-2011,1670579.82,89.06,3.771,129.3686129
10,16-09-2011,1650894.3,77.49,3.784,129.4306
10,23-09-2011,1685910.53,82.51,3.789,129.5183333
10,30-09-2011,1627707.31,82.27,3.877,129.6060667
10,07-10-2011,1788227.6,75.01,3.827,129.6938
10,14-10-2011,1704753.02,70.27,3.698,129.7706452
10,21-10-2011,1745928.56,77.91,3.842,129.7821613
10,28-10-2011,1771792.97,72.79,3.843,129.7936774
10,04-11-2011,1904438.59,68.57,3.828,129.8051935
10,11-11-2011,2076570.84,55.28,3.677,129.8167097
10,18-11-2011,1869087.85,58.97,3.669,129.8268333
10,25-11-2011,2950198.64,60.68,3.76,129.8364
10,02-12-2011,2068097.18,57.29,3.701,129.8459667
10,09-12-2011,2429310.9,42.58,3.644,129.8555333
10,16-12-2011,2555031.18,50.53,3.489,129.8980645
10,23-12-2011,3487986.89,48.36,3.541,129.9845484
10,30-12-2011,1930690.37,48.92,3.428,130.0710323
10,06-01-2012,1683401.78,59.85,3.443,130.1575161
10,13-01-2012,1711562.73,51.0,3.477,130.244
10,20-01-2012,1675562.94,54.51,3.66,130.2792258
10,27-01-2012,1632406.0,53.59,3.675,130.3144516
10,03-02-2012,1867403.01,56.85,3.543,130.3496774
10,10-02-2012,2218595.8,55.73,3.722,130.3849032
10,17-02-2012,2168709.76,54.12,3.781,130.4546207
10,24-02-2012,2039415.74,56.02,3.95,130.5502069
10,02-03-2012,1990371.02,57.62,3.882,130.6457931
10,09-03-2012,1917483.1,57.65,3.963,130.7413793
10,16-03-2012,1930814.66,62.11,4.273,130.8261935
10,23-03-2012,1837457.69,56.54,4.288,130.8966452
10,30-03-2012,1815760.42,67.92,4.294,130.9670968
10,06-04-2012,2163384.17,65.99,4.282,131.0375484
10,13-04-2012,1974687.51,70.28,4.254,131.108
10,20-04-2012,1777166.53,67.75,4.111,131.1173333
10,27-04-2012,1712987.56,80.11,4.088,131.1266667
10,04-05-2012,1821364.42,77.02,4.058,131.136
10,11-05-2012,1792345.3,76.03,4.186,131.1453333
10,18-05-2012,1795152.73,85.19,4.308,131.0983226
10,25-05-2012,1830939.1,86.03,4.127,131.0287742
10,01-06-2012,1767471.48,80.06,4.277,130.9592258
10,08-06-2012,1840491.41,86.87,4.103,130.8896774
10,15-06-2012,1811562.88,88.58,4.144,130.8295333
10,22-06-2012,1755334.18,89.92,4.014,130.7929
10,29-06-2012,1707481.9,91.36,3.875,130.7562667
10,06-07-2012,1805999.79,86.87,3.666,130.7196333
10,13-07-2012,1765571.91,89.8,3.723,130.683
10,20-07-2012,1869967.03,84.45,3.589,130.7012903
10,27-07-2012,1817603.66,83.98,3.769,130.7195806
10,03-08-2012,1939440.09,84.76,3.595,130.737871
10,10-08-2012,1880436.94,90.78,3.811,130.7561613
10,17-08-2012,1827797.4,88.83,4.002,130.7909677
10,24-08-2012,1764984.15,82.5,4.055,130.8381613
10,31-08-2012,1650285.54,86.97,3.886,130.8853548
10,07-09-2012,1708283.28,83.07,4.124,130.9325484
10,14-09-2012,1640168.99,78.47,3.966,130.9776667
10,21-09-2012,1671857.57,81.93,4.125,131.0103333
10,28-09-2012,1694862.41,82.52,3.966,131.043
10,05-10-2012,1758971.38,80.88,4.132,131.0756667
10,12-10-2012,1713889.11,76.03,4.468,131.1083333
10,19-10-2012,1734834.82,72.71,4.449,131.1499677
10,26-10-2012,1744349.05,70.5,4.301,131.1930968
11,05-02-2010,1528008.64,46.04,2.572,214.4248812
11,12-02-2010,1574684.08,48.01,2.548,214.5747916
11,19-02-2010,1503298.7,48.3,2.514,214.6198868
11,26-02-2010,1336404.65,52.79,2.561,214.6475127
11,05-03-2010,1426622.65,53.96,2.625,214.6751386
11,12-03-2010,1331883.16,64.1,2.667,214.7027646
11,19-03-2010,1364207.0,61.51,2.72,214.5301219
11,26-03-2010,1245624.27,58.09,2.732,214.3241011
11,02-04-2010,1446210.26,66.16,2.719,214.1180803
11,09-04-2010,1470308.32,69.57,2.77,213.9120595
11,16-04-2010,1323243.35,67.81,2.808,213.7726889
11,23-04-2010,1283766.55,68.37,2.795,213.7221852
11,30-04-2010,1239766.89,71.13,2.78,213.6716815
11,07-05-2010,1312329.78,75.57,2.835,213.6211778
11,14-05-2010,1266796.13,77.64,2.854,213.6196139
11,21-05-2010,1271646.62,76.97,2.826,213.9116886
11,28-05-2010,1264272.52,79.69,2.759,214.2037634
11,04-06-2010,1396322.19,79.66,2.705,214.4958382
11,11-06-2010,1339570.85,82.81,2.668,214.787913
11,18-06-2010,1336522.92,84.13,2.637,214.7858259
11,25-06-2010,1262025.08,84.5,2.653,214.6660741
11,02-07-2010,1302600.14,83.09,2.669,214.5463222
11,09-07-2010,1280156.47,83.01,2.642,214.4265704
11,16-07-2010,1290609.54,84.9,2.623,214.4176476
11,23-07-2010,1244390.03,84.57,2.608,214.5564968
11,30-07-2010,1250178.89,83.26,2.64,214.695346
11,06-08-2010,1369634.92,86.54,2.627,214.8341952
11,13-08-2010,1384339.1,87.73,2.692,214.9730444
11,20-08-2010,1430192.37,88.93,2.664,214.9314191
11,27-08-2010,1311263.07,87.7,2.619,214.8897938
11,03-09-2010,1303914.27,84.94,2.577,214.8481685
11,10-09-2010,1231428.46,81.93,2.565,214.8065431
11,17-09-2010,1215676.31,83.04,2.582,214.8322484
11,24-09-2010,1170103.25,77.36,2.624,214.9084516
11,01-10-2010,1182490.46,75.11,2.603,214.9846548
11,08-10-2010,1293472.8,68.71,2.633,215.060858
11,15-10-2010,1175003.67,71.46,2.72,215.1293114
11,22-10-2010,1169831.38,72.6,2.725,215.17839
11,29-10-2010,1195036.0,74.21,2.716,215.2274686
11,05-11-2010,1332759.13,64.41,2.689,215.2765472
11,12-11-2010,1281675.6,63.74,2.728,215.3256258
11,19-11-2010,1292346.57,58.63,2.771,215.2074519
11,26-11-2010,1757242.51,69.9,2.735,215.0614025
11,03-12-2010,1380522.64,55.9,2.708,214.9153531
11,10-12-2010,1564516.43,53.33,2.843,214.7693037
11,17-12-2010,1843971.15,54.63,2.869,214.704919
11,24-12-2010,2306265.36,59.33,2.886,214.7017828
11,31-12-2010,1172003.1,55.03,2.943,214.6986466
11,07-01-2011,1178905.44,54.43,2.976,214.6955104
11,14-01-2011,1194449.78,45.34,2.983,214.7470729
11,21-01-2011,1187776.19,51.51,3.016,215.1268275
11,28-01-2011,1100418.69,51.04,3.01,215.5065821
11,04-02-2011,1422546.05,47.17,2.989,215.8863367
11,11-02-2011,1419236.9,44.61,3.022,216.2660913
11,18-02-2011,1554747.15,61.5,3.045,216.5843571
11,25-02-2011,1323999.36,68.74,3.065,216.8780275
11,04-03-2011,1399456.99,66.5,3.288,217.1716979
11,11-03-2011,1314557.31,63.29,3.459,217.4653683
11,18-03-2011,1391813.69,70.17,3.488,217.7235226
11,25-03-2011,1229777.24,73.74,3.473,217.9674705
11,01-04-2011,1258674.12,69.1,3.524,218.2114184
11,08-04-2011,1327401.06,73.57,3.622,218.4553663
11,15-04-2011,1312905.8,76.64,3.743,218.6788642
11,22-04-2011,1388118.53,78.31,3.807,218.851237
11,29-04-2011,1357589.89,79.97,3.81,219.0236099
11,06-05-2011,1331453.41,71.39,3.906,219.1959827
11,13-05-2011,1277959.42,80.93,3.899,219.3683556
11,20-05-2011,1239466.97,76.97,3.907,219.127216
11,27-05-2011,1216876.52,85.61,3.786,218.8860765
11,03-06-2011,1343637.0,86.14,3.699,218.6449369
11,10-06-2011,1314626.75,85.79,3.648,218.4037974
11,17-06-2011,1337506.74,87.9,3.637,218.3551748
11,24-06-2011,1254587.84,86.13,3.594,218.45094
11,01-07-2011,1297472.06,86.43,3.524,218.5467052
11,08-07-2011,1334627.96,87.17,3.48,218.6424704
11,15-07-2011,1266546.73,88.3,3.575,218.7275216
11,22-07-2011,1290576.44,87.8,3.651,218.7857881
11,29-07-2011,1212938.67,89.46,3.682,218.8440545
11,05-08-2011,1403198.94,90.04,3.684,218.9023209
11,12-08-2011,1354188.43,90.3,3.638,218.9605873
11,19-08-2011,1484169.74,89.51,3.554,219.023271
11,26-08-2011,1304706.75,89.09,3.523,219.0866908
11,02-09-2011,1297792.41,91.44,3.533,219.1501106
11,09-09-2011,1249439.95,84.91,3.546,219.2135305
11,16-09-2011,1270816.01,85.11,3.526,219.3972867
11,23-09-2011,1235775.15,82.14,3.467,219.7414914
11,30-09-2011,1190515.83,84.4,3.355,220.085696
11,07-10-2011,1346271.06,76.97,3.285,220.4299007
11,14-10-2011,1286388.96,75.56,3.274,220.7486167
11,21-10-2011,1325107.53,70.91,3.353,220.9144005
11,28-10-2011,1310684.1,72.66,3.372,221.0801842
11,04-11-2011,1458287.38,61.13,3.332,221.245968
11,11-11-2011,1366053.69,64.2,3.297,221.4117517
11,18-11-2011,1315091.63,66.17,3.308,221.6432852
11,25-11-2011,1848953.48,70.03,3.236,221.9011185
11,02-12-2011,1399322.44,56.89,3.172,222.1589519
11,09-12-2011,1646655.94,50.63,3.158,222.4167852
11,16-12-2011,1783910.06,59.69,3.159,222.6426418
11,23-12-2011,2213518.5,54.29,3.112,222.8258628
11,30-12-2011,1352084.21,48.86,3.129,223.0090839
11,06-01-2012,1283885.55,54.44,3.157,223.1923049
11,13-01-2012,1264736.59,53.1,3.261,223.3755259
11,20-01-2012,1207303.29,56.43,3.268,223.4700552
11,27-01-2012,1162675.85,58.36,3.29,223.5645845
11,03-02-2012,1376732.18,60.24,3.36,223.6591137
11,10-02-2012,1574287.76,52.23,3.409,223.753643
11,17-02-2012,1569607.94,52.77,3.51,223.9170153
11,24-02-2012,1379473.03,61.11,3.555,224.1320199
11,02-03-2012,1438383.44,62.61,3.63,224.3470245
11,09-03-2012,1413382.76,61.44,3.669,224.5620291
11,16-03-2012,1441884.28,64.21,3.734,224.7166953
11,23-03-2012,1300593.61,67.16,3.787,224.7909104
11,30-03-2012,1300104.03,70.23,3.845,224.8651254
11,06-04-2012,1596325.01,74.19,3.891,224.9393405
11,13-04-2012,1472752.01,72.74,3.891,225.0135556
11,20-04-2012,1315356.99,71.97,3.877,225.0689541
11,27-04-2012,1236238.29,73.4,3.814,225.1243526
11,04-05-2012,1370251.22,79.07,3.749,225.1797511
11,11-05-2012,1300147.07,75.13,3.688,225.2351496
11,18-05-2012,1352442.31,72.53,3.63,225.2512024
11,25-05-2012,1297335.87,78.44,3.561,225.2515168
11,01-06-2012,1361595.33,81.67,3.501,225.2518313
11,08-06-2012,1414343.53,82.1,3.452,225.2521458
11,15-06-2012,1417875.42,84.97,3.393,225.2644795
11,22-06-2012,1355680.3,83.26,3.346,225.3068615
11,29-06-2012,1297028.6,87.86,3.286,225.3492435
11,06-07-2012,1461129.94,83.44,3.227,225.3916254
11,13-07-2012,1320239.51,82.46,3.256,225.4340074
11,20-07-2012,1344483.81,82.41,3.311,225.4438827
11,27-07-2012,1272395.02,85.43,3.407,225.4537579
11,03-08-2012,1399341.07,86.94,3.417,225.4636332
11,10-08-2012,1388973.65,86.21,3.494,225.4735085
11,17-08-2012,1421307.2,87.73,3.571,225.5558664
11,24-08-2012,1409515.73,83.17,3.62,225.6925864
11,31-08-2012,1372872.35,86.49,3.638,225.8293063
11,07-09-2012,1304584.4,85.17,3.73,225.9660263
11,14-09-2012,1267675.05,79.61,3.717,226.1122067
11,21-09-2012,1326132.98,73.64,3.721,226.3151496
11,28-09-2012,1227430.73,77.67,3.666,226.5180926
11,05-10-2012,1422794.26,73.37,3.617,226.7210356
11,12-10-2012,1311965.09,69.94,3.601,226.9239785
11,19-10-2012,1232073.18,73.77,3.594,226.9688442
11,26-10-2012,1200729.45,74.26,3.506,226.9873637
12,05-02-2010,1100046.37,49.47,2.962,126.4420645
12,12-02-2010,1117863.33,47.87,2.946,126.4962581
12,19-02-2010,1095421.65,54.83,2.915,126.5262857
12,26-02-2010,1048617.17,50.23,2.825,126.5522857
12,05-03-2010,1077018.27,53.77,2.987,126.5782857
12,12-03-2010,985594.23,50.11,2.925,126.6042857
12,19-03-2010,972088.34,59.57,3.054,126.6066452
12,26-03-2010,981615.81,60.06,3.083,126.6050645
12,02-04-2010,1011822.3,59.84,3.086,126.6034839
12,09-04-2010,1041238.87,59.25,3.09,126.6019032
12,16-04-2010,957997.52,64.95,3.109,126.5621
12,23-04-2010,993833.44,64.55,3.05,126.4713333
12,30-04-2010,954220.22,67.38,3.105,126.3805667
12,07-05-2010,1043240.27,70.15,3.127,126.2898
12,14-05-2010,966054.97,68.44,3.145,126.2085484
12,21-05-2010,958374.56,76.2,3.12,126.1843871
12,28-05-2010,955451.16,67.84,3.058,126.1602258
12,04-06-2010,1049357.36,81.39,2.941,126.1360645
12,11-06-2010,1016039.71,90.84,2.949,126.1119032
12,18-06-2010,956211.2,81.06,3.043,126.114
12,25-06-2010,958007.69,87.27,3.084,126.1266
12,02-07-2010,951957.31,91.98,3.105,126.1392
12,09-07-2010,943506.28,90.37,3.1,126.1518
12,16-07-2010,916402.76,97.18,3.094,126.1498065
12,23-07-2010,912403.67,99.22,3.112,126.1283548
12,30-07-2010,913548.25,96.31,3.017,126.1069032
12,06-08-2010,967576.95,92.95,3.123,126.0854516
12,13-08-2010,928264.4,87.01,3.159,126.064
12,20-08-2010,948447.34,92.81,3.041,126.0766452
12,27-08-2010,1004516.46,93.19,3.129,126.0892903
12,03-09-2010,1075758.55,83.12,3.087,126.1019355
12,10-09-2010,903119.03,83.63,3.044,126.1145806
12,17-09-2010,852882.61,82.45,3.028,126.1454667
12,24-09-2010,851919.34,81.77,2.939,126.1900333
12,01-10-2010,850936.26,85.2,3.001,126.2346
12,08-10-2010,918335.68,71.82,3.013,126.2791667
12,15-10-2010,862419.84,75.0,2.976,126.3266774
12,22-10-2010,857883.46,68.85,3.014,126.3815484
12,29-10-2010,955294.7,61.09,3.016,126.4364194
12,05-11-2010,929690.71,65.49,3.129,126.4912903
12,12-11-2010,942475.24,57.79,3.13,126.5461613
12,19-11-2010,894493.7,58.18,3.161,126.6072
12,26-11-2010,1601377.41,47.66,3.162,126.6692667
12,03-12-2010,1069533.17,43.33,3.041,126.7313333
12,10-12-2010,1121934.15,50.01,3.203,126.7934
12,17-12-2010,1295605.35,52.77,3.236,126.8794839
12,24-12-2010,1768249.89,52.02,3.236,126.9835806
12,31-12-2010,891736.91,45.64,3.148,127.0876774
12,07-01-2011,910110.24,37.64,3.287,127.1917742
12,14-01-2011,812011.8,43.15,3.312,127.3009355
12,21-01-2011,802105.5,53.53,3.223,127.4404839
12,28-01-2011,873119.06,50.74,3.342,127.5800323
12,04-02-2011,1046068.17,45.14,3.348,127.7195806
12,11-02-2011,1086421.57,51.3,3.381,127.859129
12,18-02-2011,1128485.1,53.35,3.43,127.99525
12,25-02-2011,1046203.72,48.45,3.53,128.13
12,04-03-2011,1085248.21,51.72,3.674,128.26475
12,11-03-2011,997672.62,57.75,3.818,128.3995
12,18-03-2011,1009502.01,64.21,3.692,128.5121935
12,25-03-2011,954107.32,54.4,3.909,128.6160645
12,01-04-2011,1005463.49,63.63,3.772,128.7199355
12,08-04-2011,998362.05,64.47,4.003,128.8238065
12,15-04-2011,990951.77,57.63,3.868,128.9107333
12,22-04-2011,1016019.47,72.12,4.134,128.9553
12,29-04-2011,994966.1,68.27,4.151,128.9998667
12,06-05-2011,1021154.48,68.4,4.193,129.0444333
12,13-05-2011,977033.5,70.93,4.202,129.089
12,20-05-2011,924134.99,66.59,4.169,129.0756774
12,27-05-2011,964332.51,76.67,4.087,129.0623548
12,03-06-2011,970328.68,71.81,4.031,129.0490323
12,10-06-2011,996937.95,78.72,3.981,129.0357097
12,17-06-2011,986504.93,86.84,3.935,129.0432
12,24-06-2011,997282.75,88.95,3.898,129.0663
12,01-07-2011,961993.34,89.85,3.842,129.0894
12,08-07-2011,943717.38,89.9,3.705,129.1125
12,15-07-2011,936001.98,88.1,3.692,129.1338387
12,22-07-2011,922231.92,91.17,3.794,129.1507742
12,29-07-2011,890547.07,93.29,3.805,129.1677097
12,05-08-2011,988712.52,90.61,3.803,129.1846452
12,12-08-2011,955913.68,91.04,3.701,129.2015806
12,19-08-2011,966817.24,91.74,3.743,129.2405806
12,26-08-2011,1017593.47,94.61,3.74,129.2832581
12,02-09-2011,1052051.45,93.66,3.798,129.3259355
12,09-09-2011,922850.57,88.0,3.913,129.3686129
12,16-09-2011,889290.23,76.36,3.918,129.4306
12,23-09-2011,871692.74,82.95,3.789,129.5183333
12,30-09-2011,866401.45,83.26,3.877,129.6060667
12,07-10-2011,951244.66,70.44,3.827,129.6938
12,14-10-2011,927600.01,67.31,3.805,129.7706452
12,21-10-2011,938604.58,73.05,3.842,129.7821613
12,28-10-2011,990926.38,67.41,3.727,129.7936774
12,04-11-2011,1051944.79,59.77,3.828,129.8051935
12,11-11-2011,1095091.53,48.76,3.824,129.8167097
12,18-11-2011,970641.34,54.2,3.813,129.8268333
12,25-11-2011,1591920.42,53.25,3.622,129.8364
12,02-12-2011,1071383.1,52.5,3.701,129.8459667
12,09-12-2011,1189646.45,42.17,3.644,129.8555333
12,16-12-2011,1293404.18,43.29,3.6,129.8980645
12,23-12-2011,1617612.03,45.4,3.541,129.9845484
12,30-12-2011,1111638.07,44.64,3.428,130.0710323
12,06-01-2012,945823.65,50.43,3.599,130.1575161
12,13-01-2012,865467.86,48.07,3.657,130.244
12,20-01-2012,855922.64,46.2,3.66,130.2792258
12,27-01-2012,888203.69,50.43,3.675,130.3144516
12,03-02-2012,1058767.95,50.58,3.702,130.3496774
12,10-02-2012,1199330.85,52.27,3.722,130.3849032
12,17-02-2012,1240048.85,51.8,3.781,130.4546207
12,24-02-2012,1112034.72,53.13,3.95,130.5502069
12,02-03-2012,1147636.96,52.27,4.178,130.6457931
12,09-03-2012,1113208.57,54.54,4.25,130.7413793
12,16-03-2012,1088498.52,64.44,4.273,130.8261935
12,23-03-2012,1045419.87,56.26,4.038,130.8966452
12,30-03-2012,1025382.22,64.36,4.294,130.9670968
12,06-04-2012,1128765.71,64.05,4.121,131.0375484
12,13-04-2012,1083811.19,64.28,4.254,131.108
12,20-04-2012,1006486.96,66.73,4.222,131.1173333
12,27-04-2012,1004252.38,77.99,4.193,131.1266667
12,04-05-2012,1073433.69,76.03,4.171,131.136
12,11-05-2012,1041995.22,77.27,4.186,131.1453333
12,18-05-2012,1020486.05,84.51,4.11,131.0983226
12,25-05-2012,991514.21,83.84,4.293,131.0287742
12,01-06-2012,981345.2,78.11,4.277,130.9592258
12,08-06-2012,1086231.47,84.83,4.103,130.8896774
12,15-06-2012,1019555.51,85.94,4.144,130.8295333
12,22-06-2012,981386.25,91.61,4.014,130.7929
12,29-06-2012,943124.74,90.47,3.875,130.7562667
12,06-07-2012,1014898.78,89.13,3.765,130.7196333
12,13-07-2012,960312.75,95.61,3.723,130.683
12,20-07-2012,941550.34,85.53,3.726,130.7012903
12,27-07-2012,916967.92,93.47,3.769,130.7195806
12,03-08-2012,958667.23,88.16,3.76,130.737871
12,10-08-2012,984689.9,95.91,3.811,130.7561613
12,17-08-2012,1005003.12,94.87,4.002,130.7909677
12,24-08-2012,1048101.39,85.32,4.055,130.8381613
12,31-08-2012,1061943.49,89.78,4.093,130.8853548
12,07-09-2012,955146.04,88.52,4.124,130.9325484
12,14-09-2012,885892.37,83.64,4.133,130.9776667
12,21-09-2012,922735.37,82.97,4.125,131.0103333
12,28-09-2012,880415.67,81.22,3.966,131.043
12,05-10-2012,979825.92,81.61,3.966,131.0756667
12,12-10-2012,934917.47,71.74,4.468,131.1083333
12,19-10-2012,960945.43,68.66,4.449,131.1499677
12,26-10-2012,974697.6,65.95,4.301,131.1930968
13,05-02-2010,1967220.53,31.53,2.666,126.4420645
13,12-02-2010,2030933.46,33.16,2.671,126.4962581
13,19-02-2010,1970274.64,35.7,2.654,126.5262857
13,26-02-2010,1817850.32,29.98,2.667,126.5522857
13,05-03-2010,1939980.43,40.65,2.681,126.5782857
13,12-03-2010,1840686.94,37.62,2.733,126.6042857
13,19-03-2010,1879794.89,42.49,2.782,126.6066452
13,26-03-2010,1882095.98,41.48,2.819,126.6050645
13,02-04-2010,2142482.14,42.15,2.842,126.6034839
13,09-04-2010,1898321.33,38.97,2.877,126.6019032
13,16-04-2010,1819660.44,50.39,2.915,126.5621
13,23-04-2010,1909330.77,55.66,2.936,126.4713333
13,30-04-2010,1785823.37,48.33,2.941,126.3805667
13,07-05-2010,2005478.46,44.42,2.948,126.2898
13,14-05-2010,1890273.44,50.15,2.962,126.2085484
13,21-05-2010,1853657.6,57.71,2.95,126.1843871
13,28-05-2010,1877358.86,53.11,2.908,126.1602258
13,04-06-2010,2022705.22,59.85,2.871,126.1360645
13,11-06-2010,2037880.96,65.24,2.841,126.1119032
13,18-06-2010,2003435.31,58.41,2.819,126.114
13,25-06-2010,1970340.25,71.83,2.82,126.1266
13,02-07-2010,2018314.71,78.82,2.814,126.1392
13,09-07-2010,1870843.9,71.33,2.802,126.1518
13,16-07-2010,1932231.05,77.79,2.791,126.1498065
13,23-07-2010,1907351.2,82.27,2.797,126.1283548
13,30-07-2010,1817887.23,78.94,2.797,126.1069032
13,06-08-2010,1969121.45,81.24,2.802,126.0854516
13,13-08-2010,1877592.55,74.93,2.837,126.064
13,20-08-2010,1997397.63,76.34,2.85,126.0766452
13,27-08-2010,1908278.27,75.31,2.854,126.0892903
13,03-09-2010,1911852.58,65.71,2.868,126.1019355
13,10-09-2010,1772143.94,65.74,2.87,126.1145806
13,17-09-2010,1790279.74,66.84,2.875,126.1454667
13,24-09-2010,1705655.09,68.22,2.872,126.1900333
13,01-10-2010,1765584.48,68.74,2.853,126.2346
13,08-10-2010,1871924.07,63.03,2.841,126.2791667
13,15-10-2010,1851431.06,54.12,2.845,126.3266774
13,22-10-2010,1796949.59,56.89,2.849,126.3815484
13,29-10-2010,1887895.07,45.12,2.841,126.4364194
13,05-11-2010,1854967.66,49.96,2.831,126.4912903
13,12-11-2010,1939964.63,42.55,2.831,126.5461613
13,19-11-2010,1925393.91,42.0,2.842,126.6072
13,26-11-2010,2766400.05,28.22,2.83,126.6692667
13,03-12-2010,2083379.89,25.8,2.812,126.7313333
13,10-12-2010,2461468.35,36.78,2.817,126.7934
13,17-12-2010,2771646.81,35.21,2.842,126.8794839
13,24-12-2010,3595903.2,34.9,2.846,126.9835806
13,31-12-2010,1675292.0,26.79,2.868,127.0876774
13,07-01-2011,1744544.39,16.94,2.891,127.1917742
13,14-01-2011,1682316.31,20.6,2.903,127.3009355
13,21-01-2011,1770177.37,34.8,2.934,127.4404839
13,28-01-2011,1633663.12,31.64,2.96,127.5800323
13,04-02-2011,1848186.58,23.35,2.974,127.7195806
13,11-02-2011,1944438.9,30.83,3.034,127.859129
13,18-02-2011,2003480.59,40.85,3.062,127.99525
13,25-02-2011,1831933.95,33.17,3.12,128.13
13,04-03-2011,1894960.68,34.23,3.23,128.26475
13,11-03-2011,1852432.58,41.28,3.346,128.3995
13,18-03-2011,1852443.78,44.69,3.407,128.5121935
13,25-03-2011,1807545.43,42.38,3.435,128.6160645
13,01-04-2011,1864238.64,42.49,3.487,128.7199355
13,08-04-2011,1887465.04,42.75,3.547,128.8238065
13,15-04-2011,1950994.04,41.72,3.616,128.9107333
13,22-04-2011,2124316.34,47.55,3.655,128.9553
13,29-04-2011,1895583.12,43.85,3.683,128.9998667
13,06-05-2011,1986380.4,47.75,3.744,129.0444333
13,13-05-2011,1958823.56,52.4,3.77,129.089
13,20-05-2011,1860923.55,52.12,3.802,129.0756774
13,27-05-2011,1866369.93,54.62,3.778,129.0623548
13,03-06-2011,1935593.87,52.76,3.752,129.0490323
13,10-06-2011,1997816.98,61.39,3.732,129.0357097
13,17-06-2011,2086433.49,63.35,3.704,129.0432
13,24-06-2011,2009163.08,66.38,3.668,129.0663
13,01-07-2011,2048035.74,74.29,3.613,129.0894
13,08-07-2011,2021699.38,77.3,3.563,129.1125
13,15-07-2011,1956813.31,75.59,3.553,129.1338387
13,22-07-2011,1987089.36,78.5,3.563,129.1507742
13,29-07-2011,1880785.69,77.62,3.574,129.1677097
13,05-08-2011,2076231.8,75.56,3.595,129.1846452
13,12-08-2011,1970341.38,75.95,3.606,129.2015806
13,19-08-2011,2090340.98,76.68,3.578,129.2405806
13,26-08-2011,2035244.54,81.53,3.57,129.2832581
13,02-09-2011,1953628.82,77.0,3.58,129.3259355
13,09-09-2011,1872921.31,70.19,3.619,129.3686129
13,16-09-2011,1923223.82,67.54,3.641,129.4306
13,23-09-2011,1847430.96,63.6,3.648,129.5183333
13,30-09-2011,1835662.69,68.28,3.623,129.6060667
13,07-10-2011,2067232.56,60.62,3.592,129.6938
13,14-10-2011,1929659.07,51.74,3.567,129.7706452
13,21-10-2011,1973544.27,54.66,3.579,129.7821613
13,28-10-2011,1948733.81,47.41,3.567,129.7936774
13,04-11-2011,2036317.54,43.51,3.538,129.8051935
13,11-11-2011,2111592.09,33.8,3.513,129.8167097
13,18-11-2011,2016323.51,40.65,3.489,129.8268333
13,25-11-2011,2864170.61,38.89,3.445,129.8364
13,02-12-2011,2051315.66,33.94,3.389,129.8459667
13,09-12-2011,2462779.06,24.82,3.341,129.8555333
13,16-12-2011,2760346.71,27.85,3.282,129.8980645
13,23-12-2011,3556766.03,24.76,3.186,129.9845484
13,30-12-2011,1969056.91,31.53,3.119,130.0710323
13,06-01-2012,1865752.78,33.8,3.08,130.1575161
13,13-01-2012,1794962.64,25.61,3.056,130.244
13,20-01-2012,1811606.21,32.71,3.047,130.2792258
13,27-01-2012,1733983.09,34.32,3.058,130.3144516
13,03-02-2012,1927780.74,31.39,3.077,130.3496774
13,10-02-2012,2069284.57,33.73,3.116,130.3849032
13,17-02-2012,2214477.06,36.57,3.119,130.4546207
13,24-02-2012,1929768.03,35.38,3.145,130.5502069
13,02-03-2012,1969742.76,32.36,3.242,130.6457931
13,09-03-2012,1986445.65,38.24,3.38,130.7413793
13,16-03-2012,2025582.62,52.5,3.529,130.8261935
13,23-03-2012,1904421.74,47.83,3.671,130.8966452
13,30-03-2012,1948982.7,53.2,3.734,130.9670968
13,06-04-2012,2271614.76,48.85,3.793,131.0375484
13,13-04-2012,2057637.86,51.7,3.833,131.108
13,20-04-2012,1955689.12,50.24,3.845,131.1173333
13,27-04-2012,1970121.65,64.8,3.842,131.1266667
13,04-05-2012,1995994.51,54.41,3.831,131.136
13,11-05-2012,2080764.17,56.47,3.809,131.1453333
13,18-05-2012,2131900.55,65.17,3.808,131.0983226
13,25-05-2012,2043349.41,62.39,3.801,131.0287742
13,01-06-2012,2035431.39,61.11,3.788,130.9592258
13,08-06-2012,2182437.9,68.4,3.776,130.8896774
13,15-06-2012,2152229.11,65.97,3.756,130.8295333
13,22-06-2012,2094373.0,72.89,3.737,130.7929
13,29-06-2012,2037663.71,82.0,3.681,130.7562667
13,06-07-2012,2184980.35,79.23,3.63,130.7196333
13,13-07-2012,2002750.99,83.68,3.595,130.683
13,20-07-2012,2053089.32,75.69,3.556,130.7012903
13,27-07-2012,1914430.53,80.42,3.537,130.7195806
13,03-08-2012,2044148.23,81.99,3.512,130.737871
13,10-08-2012,2041019.92,81.69,3.509,130.7561613
13,17-08-2012,2095769.18,79.4,3.545,130.7909677
13,24-08-2012,2059458.25,77.37,3.582,130.8381613
13,31-08-2012,2073855.42,79.18,3.624,130.8853548
13,07-09-2012,2165796.31,70.65,3.689,130.9325484
13,14-09-2012,1919917.03,68.55,3.749,130.9776667
13,21-09-2012,1938379.66,67.96,3.821,131.0103333
13,28-09-2012,1927664.11,64.8,3.821,131.043
13,05-10-2012,2041918.74,61.79,3.815,131.0756667
13,12-10-2012,1999079.44,55.1,3.797,131.1083333
13,19-10-2012,2018010.15,52.06,3.781,131.1499677
13,26-10-2012,2035189.66,46.97,3.755,131.1930968
14,05-02-2010,2623469.95,27.31,2.784,181.8711898
14,12-02-2010,1704218.84,27.73,2.773,181.982317
14,19-02-2010,2204556.7,31.27,2.745,182.0347816
14,26-02-2010,2095591.63,34.89,2.754,182.0774691
14,05-03-2010,2237544.75,37.13,2.777,182.1201566
14,12-03-2010,2156035.06,45.8,2.818,182.1628441
14,19-03-2010,2066219.3,48.79,2.844,182.0779857
14,26-03-2010,2050396.27,54.36,2.854,181.9718697
14,02-04-2010,2495630.51,47.74,2.85,181.8657537
14,09-04-2010,2258781.28,65.45,2.869,181.7596377
14,16-04-2010,2121788.61,54.28,2.899,181.6924769
14,23-04-2010,2138144.91,53.47,2.902,181.6772564
14,30-04-2010,2082355.12,53.15,2.921,181.6620359
14,07-05-2010,2370116.52,70.75,2.966,181.6468154
14,14-05-2010,2129771.13,54.26,2.982,181.6612792
14,21-05-2010,2108187.1,62.62,2.958,181.8538486
14,28-05-2010,2227152.16,69.27,2.899,182.0464181
14,04-06-2010,2363601.47,75.93,2.847,182.2389876
14,11-06-2010,2249570.04,69.71,2.809,182.4315571
14,18-06-2010,2248645.59,72.62,2.78,182.4424199
14,25-06-2010,2246179.91,79.32,2.808,182.3806
14,02-07-2010,2334788.42,76.61,2.815,182.3187801
14,09-07-2010,2236209.13,82.45,2.793,182.2569603
14,16-07-2010,2130287.27,77.84,2.783,182.2604411
14,23-07-2010,2044155.39,81.46,2.771,182.3509895
14,30-07-2010,2054843.28,79.78,2.781,182.4415378
14,06-08-2010,2219813.5,77.17,2.784,182.5320862
14,13-08-2010,2052984.81,78.44,2.805,182.6226346
14,20-08-2010,2057138.31,76.01,2.779,182.6165205
14,27-08-2010,2020332.07,71.36,2.755,182.6104063
14,03-09-2010,2182563.66,78.37,2.715,182.6042922
14,10-09-2010,2191767.76,70.87,2.699,182.598178
14,17-09-2010,1953539.85,66.55,2.706,182.622509
14,24-09-2010,1879891.13,68.59,2.713,182.6696737
14,01-10-2010,1855703.66,70.58,2.707,182.7168385
14,08-10-2010,2091663.2,56.49,2.764,182.7640032
14,15-10-2010,1932162.63,58.61,2.868,182.8106203
14,22-10-2010,1936621.09,53.15,2.917,182.8558685
14,29-10-2010,1984768.34,61.3,2.921,182.9011166
14,05-11-2010,2078417.47,45.65,2.917,182.9463648
14,12-11-2010,2092189.06,46.14,2.931,182.9916129
14,19-11-2010,1968462.58,50.02,3.0,182.8989385
14,26-11-2010,2921709.71,46.15,3.039,182.7832769
14,03-12-2010,2258489.63,40.93,3.046,182.6676154
14,10-12-2010,2600519.26,30.54,3.109,182.5519538
14,17-12-2010,2762861.41,30.51,3.14,182.517732
14,24-12-2010,3818686.45,30.59,3.141,182.54459
14,31-12-2010,1623716.46,29.67,3.179,182.5714479
14,07-01-2011,1864746.1,34.32,3.193,182.5983058
14,14-01-2011,1699095.9,24.78,3.205,182.6585782
14,21-01-2011,1743188.87,30.55,3.229,182.9193368
14,28-01-2011,1613718.38,24.05,3.237,183.1800955
14,04-02-2011,1995891.87,28.73,3.231,183.4408542
14,11-02-2011,1980405.03,30.3,3.239,183.7016129
14,18-02-2011,2019031.67,40.7,3.245,183.9371353
14,25-02-2011,1875708.88,35.78,3.274,184.1625632
14,04-03-2011,2041215.61,38.65,3.433,184.3879911
14,11-03-2011,1931104.67,45.01,3.582,184.613419
14,18-03-2011,1932491.42,46.66,3.631,184.809719
14,25-03-2011,1879451.23,41.76,3.625,184.9943679
14,01-04-2011,1869110.55,37.27,3.638,185.1790167
14,08-04-2011,2037798.88,48.71,3.72,185.3636656
14,15-04-2011,1974960.86,53.69,3.821,185.5339821
14,22-04-2011,2256461.39,53.04,3.892,185.6684673
14,29-04-2011,1930617.64,66.18,3.962,185.8029526
14,06-05-2011,2095599.93,58.21,4.046,185.9374378
14,13-05-2011,2004330.3,60.38,4.066,186.0719231
14,20-05-2011,1959967.8,62.28,4.062,185.9661154
14,27-05-2011,2080694.24,69.7,3.985,185.8603077
14,03-06-2011,2079899.47,76.38,3.922,185.7545
14,10-06-2011,2132446.0,73.88,3.881,185.6486923
14,17-06-2011,2082083.34,69.32,3.842,185.6719333
14,24-06-2011,2069523.52,74.85,3.804,185.7919609
14,01-07-2011,2074668.19,74.04,3.748,185.9119885
14,08-07-2011,2063401.06,77.49,3.711,186.032016
14,15-07-2011,1953544.76,78.47,3.76,186.1399808
14,22-07-2011,1882070.88,82.33,3.811,186.2177885
14,29-07-2011,1871021.01,81.31,3.829,186.2955962
14,05-08-2011,2066020.69,78.22,3.842,186.3734038
14,12-08-2011,1928773.82,77.0,3.812,186.4512115
14,19-08-2011,1896873.99,72.98,3.747,186.5093071
14,26-08-2011,2273470.62,72.55,3.704,186.5641172
14,02-09-2011,1750891.47,70.63,3.703,186.6189274
14,09-09-2011,2202742.9,71.48,3.738,186.6737376
14,16-09-2011,1864637.89,69.17,3.742,186.8024
14,23-09-2011,1871555.64,63.75,3.711,187.0295321
14,30-09-2011,1809989.29,70.66,3.645,187.2566641
14,07-10-2011,2078796.76,55.82,3.583,187.4837962
14,14-10-2011,1890870.75,63.82,3.541,187.6917481
14,21-10-2011,2009004.59,59.6,3.57,187.7846197
14,28-10-2011,2056846.12,51.78,3.569,187.8774913
14,04-11-2011,2174056.71,43.92,3.551,187.9703629
14,11-11-2011,2081534.65,47.65,3.53,188.0632345
14,18-11-2011,1969360.72,51.34,3.53,188.1983654
14,25-11-2011,2685351.81,48.71,3.492,188.3504
14,02-12-2011,2143080.57,50.19,3.452,188.5024346
14,09-12-2011,2470581.29,46.57,3.415,188.6544692
14,16-12-2011,2594363.09,39.93,3.413,188.7979349
14,23-12-2011,3369068.99,42.27,3.389,188.9299752
14,30-12-2011,1914148.89,37.79,3.389,189.0620155
14,06-01-2012,1859144.96,35.88,3.422,189.1940558
14,13-01-2012,1696248.27,41.18,3.513,189.3260962
14,20-01-2012,1789113.32,31.85,3.533,189.4214733
14,27-01-2012,1595362.27,37.93,3.567,189.5168505
14,03-02-2012,1877410.36,42.96,3.617,189.6122277
14,10-02-2012,2077256.24,37.0,3.64,189.7076048
14,17-02-2012,2020550.99,36.85,3.695,189.8424834
14,24-02-2012,1875040.16,42.86,3.739,190.0069881
14,02-03-2012,1926004.99,41.55,3.816,190.1714927
14,09-03-2012,2020839.31,45.52,3.848,190.3359973
14,16-03-2012,1941040.5,50.56,3.862,190.4618964
14,23-03-2012,1893447.71,59.45,3.9,190.5363213
14,30-03-2012,1905033.01,50.04,3.953,190.6107463
14,06-04-2012,2376022.26,49.73,3.996,190.6851712
14,13-04-2012,1912909.69,51.83,4.044,190.7595962
14,20-04-2012,1875686.44,63.13,4.027,190.8138013
14,27-04-2012,1784029.95,53.2,4.004,190.8680064
14,04-05-2012,1949354.29,55.21,3.951,190.9222115
14,11-05-2012,1987531.05,61.24,3.889,190.9764167
14,18-05-2012,1932233.17,66.3,3.848,190.9964479
14,25-05-2012,2030869.61,67.21,3.798,191.0028096
14,01-06-2012,2049485.49,74.48,3.742,191.0091712
14,08-06-2012,2099615.88,64.3,3.689,191.0155329
14,15-06-2012,1905733.68,71.93,3.62,191.0299731
14,22-06-2012,1660228.88,74.22,3.564,191.0646096
14,29-06-2012,1591835.02,75.22,3.506,191.0992462
14,06-07-2012,1862128.95,82.99,3.475,191.1338827
14,13-07-2012,1544422.35,79.97,3.523,191.1685192
14,20-07-2012,1553250.16,78.89,3.567,191.1670428
14,27-07-2012,1479514.66,77.2,3.647,191.1655664
14,03-08-2012,1656886.46,76.58,3.654,191.16409
14,10-08-2012,1648570.03,78.65,3.722,191.1626135
14,17-08-2012,1660433.3,75.71,3.807,191.2284919
14,24-08-2012,1621841.33,72.62,3.834,191.3448865
14,31-08-2012,1613342.19,75.09,3.867,191.461281
14,07-09-2012,1904512.34,75.7,3.911,191.5776756
14,14-09-2012,1554794.22,67.87,3.948,191.69985
14,21-09-2012,1565352.46,65.32,4.038,191.8567038
14,28-09-2012,1522512.2,64.88,3.997,192.0135577
14,05-10-2012,1687592.16,64.89,3.985,192.1704115
14,12-10-2012,1639585.61,54.47,4.0,192.3272654
14,19-10-2012,1590274.72,56.47,3.969,192.3308542
14,26-10-2012,1704357.62,58.85,3.882,192.3088989
15,05-02-2010,652122.44,19.83,2.954,131.5279032
15,12-02-2010,682447.1,22.0,2.94,131.5866129
15,19-02-2010,660838.75,27.54,2.909,131.637
15,26-02-2010,564883.2,29.87,2.91,131.686
15,05-03-2010,605325.43,31.79,2.919,131.735
15,12-03-2010,604173.59,41.39,2.938,131.784
15,19-03-2010,593710.67,44.69,2.96,131.8242903
15,26-03-2010,592111.49,39.53,2.963,131.863129
15,02-04-2010,718470.71,45.27,2.957,131.9019677
15,09-04-2010,634605.77,57.77,2.992,131.9408065
15,16-04-2010,641208.65,49.63,3.01,131.9809
15,23-04-2010,643097.6,46.54,3.021,132.0226667
15,30-04-2010,570791.11,49.09,3.042,132.0644333
15,07-05-2010,661348.88,63.16,3.095,132.1062
15,14-05-2010,594385.2,47.13,3.112,132.152129
15,21-05-2010,616598.1,59.09,3.096,132.2230323
15,28-05-2010,744772.88,70.61,3.046,132.2939355
15,04-06-2010,693192.5,69.99,3.006,132.3648387
15,11-06-2010,619337.29,61.04,2.972,132.4357419
15,18-06-2010,652329.53,65.83,2.942,132.4733333
15,25-06-2010,672194.03,72.79,2.958,132.4976
15,02-07-2010,709337.11,66.13,2.958,132.5218667
15,09-07-2010,691497.62,77.33,2.94,132.5461333
15,16-07-2010,633203.69,72.83,2.933,132.5667742
15,23-07-2010,598553.43,73.2,2.924,132.5825806
15,30-07-2010,619224.06,72.04,2.932,132.5983871
15,06-08-2010,639651.24,72.7,2.942,132.6141935
15,13-08-2010,622437.08,72.17,2.923,132.63
15,20-08-2010,637090.44,71.1,2.913,132.6616129
15,27-08-2010,649791.15,65.07,2.885,132.6932258
15,03-09-2010,638647.21,73.17,2.86,132.7248387
15,10-09-2010,641965.2,62.36,2.837,132.7564516
15,17-09-2010,583210.87,57.94,2.846,132.7670667
15,24-09-2010,548542.47,62.53,2.837,132.7619333
15,01-10-2010,566945.95,59.69,2.84,132.7568
15,08-10-2010,591603.79,52.19,2.903,132.7516667
15,15-10-2010,577011.26,49.96,2.999,132.7633548
15,22-10-2010,600395.73,47.1,3.049,132.8170968
15,29-10-2010,598301.5,55.09,3.055,132.8708387
15,05-11-2010,612987.64,40.29,3.049,132.9245806
15,12-11-2010,619639.74,39.63,3.065,132.9783226
15,19-11-2010,608200.81,44.1,3.138,132.9172
15,26-11-2010,1120018.92,40.71,3.186,132.8369333
15,03-12-2010,754134.95,36.0,3.2,132.7566667
15,10-12-2010,847294.04,23.97,3.255,132.6764
15,17-12-2010,983825.15,25.3,3.301,132.6804516
15,24-12-2010,1368318.17,25.07,3.309,132.7477419
15,31-12-2010,543754.17,26.54,3.336,132.8150323
15,07-01-2011,509640.77,30.53,3.351,132.8823226
15,14-01-2011,479424.2,19.53,3.367,132.9510645
15,21-01-2011,487311.03,21.84,3.391,133.0285161
15,28-01-2011,481119.6,19.61,3.402,133.1059677
15,04-02-2011,556550.85,20.69,3.4,133.1834194
15,11-02-2011,582864.35,21.64,3.416,133.260871
15,18-02-2011,649993.5,33.06,3.42,133.3701429
15,25-02-2011,547564.09,20.87,3.452,133.4921429
15,04-03-2011,573374.49,28.16,3.605,133.6141429
15,11-03-2011,537035.28,34.27,3.752,133.7361429
15,18-03-2011,551553.99,40.23,3.796,133.8492258
15,25-03-2011,527389.28,32.63,3.789,133.9587419
15,01-04-2011,542556.05,30.34,3.811,134.0682581
15,08-04-2011,587370.81,40.94,3.895,134.1777742
15,15-04-2011,607691.36,48.63,3.981,134.2784667
15,22-04-2011,655318.26,41.37,4.061,134.3571
15,29-04-2011,560764.41,55.46,4.117,134.4357333
15,06-05-2011,630522.67,49.87,4.192,134.5143667
15,13-05-2011,630482.91,57.07,4.211,134.593
15,20-05-2011,593941.9,57.19,4.202,134.6803871
15,27-05-2011,636193.24,65.87,4.134,134.7677742
15,03-06-2011,695396.19,69.8,4.069,134.8551613
15,10-06-2011,642679.81,69.86,4.025,134.9425484
15,17-06-2011,639928.85,63.9,3.989,135.0837333
15,24-06-2011,656594.95,69.96,3.964,135.2652667
15,01-07-2011,674669.16,67.43,3.916,135.4468
15,08-07-2011,635118.48,73.47,3.886,135.6283333
15,15-07-2011,624114.56,73.34,3.915,135.7837419
15,22-07-2011,607475.44,79.97,3.972,135.8738387
15,29-07-2011,577511.02,74.67,4.004,135.9639355
15,05-08-2011,607961.21,73.63,4.02,136.0540323
15,12-08-2011,590836.37,70.63,3.995,136.144129
15,19-08-2011,599488.98,70.41,3.942,136.183129
15,26-08-2011,605413.17,69.19,3.906,136.2136129
15,02-09-2011,649159.68,67.63,3.879,136.2440968
15,09-09-2011,607593.51,67.59,3.93,136.2745806
15,16-09-2011,545052.34,62.1,3.937,136.3145
15,23-09-2011,545570.86,59.0,3.899,136.367
15,30-09-2011,521297.31,64.87,3.858,136.4195
15,07-10-2011,579068.88,51.24,3.775,136.472
15,14-10-2011,537300.94,61.3,3.744,136.5150968
15,21-10-2011,603318.89,51.67,3.757,136.5017742
15,28-10-2011,589842.69,45.54,3.757,136.4884516
15,04-11-2011,615121.78,43.39,3.738,136.475129
15,11-11-2011,618949.82,47.13,3.719,136.4618065
15,18-11-2011,597856.51,46.53,3.717,136.4666667
15,25-11-2011,1066478.1,41.1,3.689,136.4788
15,02-12-2011,699028.66,45.67,3.666,136.4909333
15,09-12-2011,764565.55,38.53,3.627,136.5030667
15,16-12-2011,870415.49,35.49,3.611,136.5335161
15,23-12-2011,1182691.87,34.93,3.587,136.5883871
15,30-12-2011,603460.79,31.44,3.566,136.6432581
15,06-01-2012,516087.65,30.24,3.585,136.698129
15,13-01-2012,454183.42,36.26,3.666,136.753
15,20-01-2012,492721.85,21.39,3.705,136.8564194
15,27-01-2012,466045.63,30.87,3.737,136.9598387
15,03-02-2012,523831.64,35.3,3.796,137.0632581
15,10-02-2012,628218.22,31.91,3.826,137.1666774
15,17-02-2012,598502.83,30.26,3.874,137.2583103
15,24-02-2012,561137.06,33.18,3.917,137.3411034
15,02-03-2012,541292.64,33.24,3.983,137.4238966
15,09-03-2012,545120.67,36.97,4.021,137.5066897
15,16-03-2012,570611.23,47.42,4.021,137.5843871
15,23-03-2012,565481.88,58.92,4.054,137.6552903
15,30-03-2012,557547.25,42.65,4.098,137.7261935
15,06-04-2012,659950.36,40.01,4.143,137.7970968
15,13-04-2012,558585.13,43.52,4.187,137.868
15,20-04-2012,534780.57,54.47,4.17,137.9230667
15,27-04-2012,527402.62,41.57,4.163,137.9781333
15,04-05-2012,577868.38,51.04,4.124,138.0332
15,11-05-2012,579539.95,54.23,4.055,138.0882667
15,18-05-2012,600050.98,58.84,4.029,138.1065806
15,25-05-2012,693780.42,67.97,3.979,138.1101935
15,01-06-2012,663971.26,67.61,3.915,138.1138065
15,08-06-2012,611390.67,59.35,3.871,138.1174194
15,15-06-2012,636737.65,67.7,3.786,138.1295333
15,22-06-2012,687085.6,74.28,3.722,138.1629
15,29-06-2012,624099.48,68.91,3.667,138.1962667
15,06-07-2012,678024.75,74.64,3.646,138.2296333
15,13-07-2012,591335.5,72.62,3.689,138.263
15,20-07-2012,592369.22,75.31,3.732,138.2331935
15,27-07-2012,571190.83,73.9,3.82,138.2033871
15,03-08-2012,590739.62,73.13,3.819,138.1735806
15,10-08-2012,590453.63,73.99,3.863,138.1437742
15,17-08-2012,579738.2,70.29,3.963,138.1857097
15,24-08-2012,606210.77,66.98,3.997,138.2814516
15,31-08-2012,610185.32,71.42,4.026,138.3771935
15,07-09-2012,587259.82,71.61,4.076,138.4729355
15,14-09-2012,527509.76,65.44,4.088,138.5673
15,21-09-2012,533161.64,60.34,4.203,138.6534
15,28-09-2012,553901.97,57.13,4.158,138.7395
15,05-10-2012,573498.64,59.57,4.151,138.8256
15,12-10-2012,551799.63,49.12,4.186,138.9117
15,19-10-2012,555652.77,52.89,4.153,138.8336129
15,26-10-2012,558473.6,55.75,4.071,138.7281613
16,05-02-2010,477409.3,19.79,2.58,189.3816974
16,12-02-2010,472044.28,20.87,2.572,189.4642725
16,19-02-2010,469868.7,21.13,2.55,189.5340998
16,26-02-2010,443242.17,18.12,2.586,189.6018023
16,05-03-2010,444181.85,27.92,2.62,189.6695049
16,12-03-2010,445393.74,28.64,2.684,189.7372075
16,19-03-2010,504307.35,33.45,2.692,189.734262
16,26-03-2010,483177.2,29.88,2.717,189.7195417
16,02-04-2010,490503.69,36.19,2.725,189.7048215
16,09-04-2010,424083.99,34.21,2.75,189.6901012
16,16-04-2010,436312.41,45.69,2.765,189.6628845
16,23-04-2010,370230.94,44.9,2.776,189.6190057
16,30-04-2010,383550.93,37.75,2.766,189.575127
16,07-05-2010,403217.22,37.43,2.771,189.5312483
16,14-05-2010,401770.9,41.26,2.788,189.4904116
16,21-05-2010,435300.51,47.34,2.776,189.467827
16,28-05-2010,479430.0,52.08,2.737,189.4452425
16,04-06-2010,516295.81,53.76,2.7,189.422658
16,11-06-2010,535587.31,62.63,2.684,189.4000734
16,18-06-2010,540149.85,52.4,2.674,189.4185259
16,25-06-2010,546554.96,62.37,2.715,189.4533931
16,02-07-2010,610641.42,64.44,2.728,189.4882603
16,09-07-2010,614253.33,61.79,2.711,189.5231276
16,16-07-2010,586583.69,67.68,2.699,189.6125456
16,23-07-2010,588344.18,70.67,2.691,189.774698
16,30-07-2010,562633.67,70.71,2.69,189.9368504
16,06-08-2010,586936.45,67.42,2.69,190.0990028
16,13-08-2010,543757.97,63.91,2.723,190.2611552
16,20-08-2010,521516.96,63.59,2.732,190.2948237
16,27-08-2010,581010.52,65.66,2.731,190.3284922
16,03-09-2010,542087.89,58.02,2.773,190.3621607
16,10-09-2010,537518.57,57.24,2.78,190.3958293
16,17-09-2010,522049.52,56.55,2.8,190.4688287
16,24-09-2010,511330.32,58.19,2.793,190.5713264
16,01-10-2010,463977.54,59.39,2.759,190.6738241
16,08-10-2010,442894.2,54.29,2.745,190.7763218
16,15-10-2010,452169.28,45.0,2.762,190.8623087
16,22-10-2010,541216.92,45.85,2.762,190.9070184
16,29-10-2010,495022.51,35.76,2.748,190.951728
16,05-11-2010,446905.02,39.94,2.729,190.9964377
16,12-11-2010,453632.76,34.04,2.737,191.0411474
16,19-11-2010,458634.68,27.26,2.758,191.0312172
16,26-11-2010,651837.77,23.46,2.742,191.0121805
16,03-12-2010,512260.59,23.68,2.712,190.9931437
16,10-12-2010,570103.64,32.02,2.728,190.9741069
16,17-12-2010,648652.01,26.01,2.778,191.0303376
16,24-12-2010,1004730.69,32.46,2.781,191.1430189
16,31-12-2010,575317.38,19.66,2.829,191.2557002
16,07-01-2011,573545.96,12.39,2.882,191.3683815
16,14-01-2011,470365.59,17.46,2.911,191.4784939
16,21-01-2011,462888.13,28.6,2.973,191.5731924
16,28-01-2011,448391.99,20.8,3.008,191.667891
16,04-02-2011,479263.15,13.64,3.011,191.7625895
16,11-02-2011,466806.89,15.02,3.037,191.8572881
16,18-02-2011,491179.79,27.18,3.051,191.9178331
16,25-02-2011,475201.64,26.15,3.101,191.9647167
16,04-03-2011,484829.07,31.77,3.232,192.0116004
16,11-03-2011,457504.35,29.36,3.372,192.058484
16,18-03-2011,497373.49,36.5,3.406,192.1237981
16,25-03-2011,465279.68,32.61,3.414,192.1964844
16,01-04-2011,459756.11,35.75,3.461,192.2691707
16,08-04-2011,439276.5,38.04,3.532,192.3418571
16,15-04-2011,427855.24,34.59,3.611,192.4225954
16,22-04-2011,368600.0,40.74,3.636,192.5234638
16,29-04-2011,378100.31,37.77,3.663,192.6243322
16,06-05-2011,423805.22,38.64,3.735,192.7252006
16,13-05-2011,410406.95,43.29,3.767,192.826069
16,20-05-2011,435397.19,43.95,3.828,192.831317
16,27-05-2011,444718.68,45.17,3.795,192.8365651
16,03-06-2011,531080.31,54.08,3.763,192.8418131
16,10-06-2011,600952.06,55.78,3.735,192.8470612
16,17-06-2011,581546.23,58.34,3.697,192.9034759
16,24-06-2011,569105.03,54.36,3.661,192.9982655
16,01-07-2011,608737.56,63.59,3.597,193.0930552
16,08-07-2011,634634.66,65.0,3.54,193.1878448
16,15-07-2011,586841.77,65.16,3.532,193.3125484
16,22-07-2011,581758.22,65.36,3.545,193.5120367
16,29-07-2011,582381.95,66.84,3.547,193.711525
16,05-08-2011,592981.33,63.96,3.554,193.9110133
16,12-08-2011,563884.47,67.09,3.542,194.1105017
16,19-08-2011,554630.42,68.83,3.499,194.2500634
16,26-08-2011,557312.01,67.51,3.485,194.3796374
16,02-09-2011,580805.33,63.44,3.511,194.5092113
16,09-09-2011,574622.56,56.99,3.566,194.6387853
16,16-09-2011,539081.09,53.68,3.596,194.7419707
16,23-09-2011,504856.97,50.39,3.581,194.8099713
16,30-09-2011,450075.31,57.61,3.538,194.8779718
16,07-10-2011,482926.93,48.91,3.498,194.9459724
16,14-10-2011,498241.06,39.97,3.491,195.0261012
16,21-10-2011,560104.16,46.99,3.548,195.1789994
16,28-10-2011,505918.21,41.97,3.55,195.3318977
16,04-11-2011,511059.95,33.43,3.527,195.4847959
16,11-11-2011,513181.31,29.56,3.505,195.6376941
16,18-11-2011,480353.64,31.73,3.479,195.7184713
16,25-11-2011,712422.4,31.39,3.424,195.7704
16,02-12-2011,530492.84,27.83,3.378,195.8223287
16,09-12-2011,574798.86,14.44,3.331,195.8742575
16,16-12-2011,679481.9,22.5,3.266,195.9841685
16,23-12-2011,950691.96,20.79,3.173,196.1713893
16,30-12-2011,665861.06,23.91,3.119,196.3586101
16,06-01-2012,564538.07,26.49,3.095,196.5458309
16,13-01-2012,508520.09,19.55,3.077,196.7330517
16,20-01-2012,474389.75,29.3,3.055,196.7796652
16,27-01-2012,453979.19,28.17,3.038,196.8262786
16,03-02-2012,475905.1,25.53,3.031,196.8728921
16,10-02-2012,473766.97,23.69,3.103,196.9195056
16,17-02-2012,494069.49,31.19,3.113,196.9432711
16,24-02-2012,495720.3,26.21,3.129,196.9499007
16,02-03-2012,464189.09,23.4,3.191,196.9565303
16,09-03-2012,495951.66,28.16,3.286,196.9631599
16,16-03-2012,520850.71,38.02,3.486,197.0457208
16,23-03-2012,493503.89,38.7,3.664,197.2295234
16,30-03-2012,485095.41,48.29,3.75,197.4133259
16,06-04-2012,502662.07,48.93,3.854,197.5971285
16,13-04-2012,450756.71,45.83,3.901,197.780931
16,20-04-2012,436221.26,43.61,3.936,197.7227385
16,27-04-2012,398445.15,59.69,3.927,197.664546
16,04-05-2012,426959.62,51.34,3.903,197.6063534
16,11-05-2012,479855.0,53.57,3.87,197.5481609
16,18-05-2012,493506.47,56.74,3.837,197.5553137
16,25-05-2012,518045.09,57.36,3.804,197.5886046
16,01-06-2012,532311.93,58.97,3.764,197.6218954
16,08-06-2012,603618.89,65.43,3.741,197.6551863
16,15-06-2012,570045.79,65.36,3.723,197.692292
16,22-06-2012,581745.72,70.41,3.735,197.7389345
16,29-06-2012,570162.28,77.31,3.693,197.785577
16,06-07-2012,641763.53,70.49,3.646,197.8322195
16,13-07-2012,569005.06,70.29,3.613,197.8788621
16,20-07-2012,565297.54,68.43,3.585,197.9290378
16,27-07-2012,539337.87,69.0,3.57,197.9792136
16,03-08-2012,584000.71,68.59,3.528,198.0293893
16,10-08-2012,554036.84,70.24,3.509,198.0795651
16,17-08-2012,521896.6,62.07,3.545,198.1001057
16,24-08-2012,551152.15,61.44,3.558,198.0984199
16,31-08-2012,551837.31,64.19,3.556,198.0967341
16,07-09-2012,537138.58,60.09,3.596,198.0950484
16,14-09-2012,526525.16,56.69,3.659,198.1267184
16,21-09-2012,509942.56,56.48,3.765,198.358523
16,28-09-2012,469607.73,51.4,3.789,198.5903276
16,05-10-2012,471281.68,50.46,3.779,198.8221322
16,12-10-2012,491817.19,43.26,3.76,199.0539368
16,19-10-2012,577198.97,40.59,3.75,199.1481963
16,26-10-2012,475770.14,40.99,3.686,199.2195317
17,05-02-2010,789036.02,23.11,2.666,126.4420645
17,12-02-2010,841951.91,18.36,2.671,126.4962581
17,19-02-2010,800714.0,25.06,2.654,126.5262857
17,26-02-2010,749549.55,15.64,2.667,126.5522857
17,05-03-2010,783300.05,31.58,2.681,126.5782857
17,12-03-2010,763961.82,29.71,2.733,126.6042857
17,19-03-2010,752034.52,33.96,2.782,126.6066452
17,26-03-2010,793097.64,35.59,2.819,126.6050645
17,02-04-2010,848521.17,36.94,2.842,126.6034839
17,09-04-2010,770228.02,34.05,2.877,126.6019032
17,16-04-2010,757738.76,45.22,2.915,126.5621
17,23-04-2010,977790.83,52.25,2.936,126.4713333
17,30-04-2010,807798.73,43.82,2.941,126.3805667
17,07-05-2010,843848.65,40.26,2.948,126.2898
17,14-05-2010,813756.09,47.28,2.962,126.2085484
17,21-05-2010,826626.5,53.94,2.95,126.1843871
17,28-05-2010,872817.62,48.19,2.908,126.1602258
17,04-06-2010,876902.87,53.79,2.871,126.1360645
17,11-06-2010,845252.21,57.14,2.841,126.1119032
17,18-06-2010,877996.27,54.94,2.819,126.114
17,25-06-2010,893995.44,62.64,2.82,126.1266
17,02-07-2010,958875.37,68.98,2.814,126.1392
17,09-07-2010,836915.92,62.41,2.802,126.1518
17,16-07-2010,876591.41,65.66,2.791,126.1498065
17,23-07-2010,893504.87,69.66,2.797,126.1283548
17,30-07-2010,833517.19,69.96,2.797,126.1069032
17,06-08-2010,795301.17,70.53,2.802,126.0854516
17,13-08-2010,759995.18,65.17,2.837,126.064
17,20-08-2010,783929.7,67.04,2.85,126.0766452
17,27-08-2010,802583.89,65.03,2.854,126.0892903
17,03-09-2010,834373.73,57.86,2.868,126.1019355
17,10-09-2010,1200888.28,56.28,2.87,126.1145806
17,17-09-2010,871264.25,58.53,2.875,126.1454667
17,24-09-2010,852876.29,58.39,2.872,126.1900333
17,01-10-2010,829207.27,60.07,2.853,126.2346
17,08-10-2010,827738.06,58.06,2.841,126.2791667
17,15-10-2010,838297.32,47.35,2.845,126.3266774
17,22-10-2010,815093.76,47.95,2.849,126.3815484
17,29-10-2010,861941.25,39.87,2.841,126.4364194
17,05-11-2010,818434.49,42.54,2.831,126.4912903
17,12-11-2010,855459.96,36.32,2.831,126.5461613
17,19-11-2010,782252.57,36.31,2.842,126.6072
17,26-11-2010,1005448.76,19.03,2.83,126.6692667
17,03-12-2010,926573.81,22.47,2.812,126.7313333
17,10-12-2010,962475.55,31.64,2.817,126.7934
17,17-12-2010,1049372.38,25.13,2.842,126.8794839
17,24-12-2010,1309226.79,26.58,2.846,126.9835806
17,31-12-2010,635862.55,20.79,2.868,127.0876774
17,07-01-2011,1083071.14,6.23,2.891,127.1917742
17,14-01-2011,758510.36,16.57,2.903,127.3009355
17,21-01-2011,755804.37,26.62,2.934,127.4404839
17,28-01-2011,736335.69,22.16,2.96,127.5800323
17,04-02-2011,816603.05,11.29,2.974,127.7195806
17,11-02-2011,813211.46,14.19,3.034,127.859129
17,18-02-2011,860962.91,26.86,3.062,127.99525
17,25-02-2011,767256.53,24.36,3.12,128.13
17,04-03-2011,816138.33,24.21,3.23,128.26475
17,11-03-2011,779602.36,32.42,3.346,128.3995
17,18-03-2011,778436.81,34.48,3.407,128.5121935
17,25-03-2011,781267.76,36.71,3.435,128.6160645
17,01-04-2011,795859.23,39.38,3.487,128.7199355
17,08-04-2011,811855.72,39.16,3.547,128.8238065
17,15-04-2011,825283.43,39.98,3.616,128.9107333
17,22-04-2011,1060770.11,42.24,3.655,128.9553
17,29-04-2011,806979.15,40.14,3.683,128.9998667
17,06-05-2011,882132.28,45.66,3.744,129.0444333
17,13-05-2011,870625.49,49.26,3.77,129.089
17,20-05-2011,844443.35,51.93,3.802,129.0756774
17,27-05-2011,892056.64,51.04,3.778,129.0623548
17,03-06-2011,895020.48,49.61,3.752,129.0490323
17,10-06-2011,881190.46,54.57,3.732,129.0357097
17,17-06-2011,894686.67,56.61,3.704,129.0432
17,24-06-2011,920719.98,60.99,3.668,129.0663
17,01-07-2011,940554.34,67.39,3.613,129.0894
17,08-07-2011,915064.22,70.6,3.563,129.1125
17,15-07-2011,902727.76,67.93,3.553,129.1338387
17,22-07-2011,899044.34,69.82,3.563,129.1507742
17,29-07-2011,861894.77,68.59,3.574,129.1677097
17,05-08-2011,866184.92,65.71,3.595,129.1846452
17,12-08-2011,800819.79,64.79,3.606,129.2015806
17,19-08-2011,797523.04,67.59,3.578,129.2405806
17,26-08-2011,837390.79,72.04,3.57,129.2832581
17,02-09-2011,847380.07,69.31,3.58,129.3259355
17,09-09-2011,1161900.18,61.94,3.619,129.3686129
17,16-09-2011,1051116.95,61.48,3.641,129.4306
17,23-09-2011,895535.31,56.96,3.648,129.5183333
17,30-09-2011,868191.05,61.4,3.623,129.6060667
17,07-10-2011,918006.9,54.4,3.592,129.6938
17,14-10-2011,884042.63,47.69,3.567,129.7706452
17,21-10-2011,877380.22,47.27,3.579,129.7821613
17,28-10-2011,936508.43,41.89,3.567,129.7936774
17,04-11-2011,927657.63,37.52,3.538,129.8051935
17,11-11-2011,914759.2,27.61,3.513,129.8167097
17,18-11-2011,877724.31,32.93,3.489,129.8268333
17,25-11-2011,1225700.28,32.81,3.445,129.8364
17,02-12-2011,945267.68,26.47,3.389,129.8459667
17,09-12-2011,976522.93,17.56,3.341,129.8555333
17,16-12-2011,1067754.06,21.07,3.282,129.8980645
17,23-12-2011,1289156.9,18.76,3.186,129.9845484
17,30-12-2011,777207.3,26.73,3.119,130.0710323
17,06-01-2012,1198104.22,27.64,3.08,130.1575161
17,13-01-2012,873576.96,20.28,3.056,130.244
17,20-01-2012,809272.65,27.26,3.047,130.2792258
17,27-01-2012,769522.33,29.99,3.058,130.3144516
17,03-02-2012,864852.85,26.26,3.077,130.3496774
17,10-02-2012,880165.7,23.63,3.116,130.3849032
17,17-02-2012,927084.65,30.76,3.119,130.4546207
17,24-02-2012,843864.43,30.01,3.145,130.5502069
17,02-03-2012,856178.47,26.28,3.242,130.6457931
17,09-03-2012,860224.98,32.02,3.38,130.7413793
17,16-03-2012,853136.46,43.69,3.529,130.8261935
17,23-03-2012,851762.28,40.69,3.671,130.8966452
17,30-03-2012,872469.03,45.29,3.734,130.9670968
17,06-04-2012,986922.62,43.92,3.793,131.0375484
17,13-04-2012,877055.32,46.94,3.833,131.108
17,20-04-2012,1119979.98,47.69,3.845,131.1173333
17,27-04-2012,925916.65,59.11,3.842,131.1266667
17,04-05-2012,930121.14,48.86,3.831,131.136
17,11-05-2012,944100.3,49.96,3.809,131.1453333
17,18-05-2012,968816.33,59.67,3.808,131.0983226
17,25-05-2012,984881.59,55.69,3.801,131.0287742
17,01-06-2012,938914.28,54.13,3.788,130.9592258
17,08-06-2012,987990.24,60.51,3.776,130.8896774
17,15-06-2012,964169.67,56.67,3.756,130.8295333
17,22-06-2012,981210.57,62.9,3.737,130.7929
17,29-06-2012,982322.24,71.14,3.681,130.7562667
17,06-07-2012,1046782.52,68.91,3.63,130.7196333
17,13-07-2012,960746.04,72.94,3.595,130.683
17,20-07-2012,944698.7,70.59,3.556,130.7012903
17,27-07-2012,907493.24,74.2,3.537,130.7195806
17,03-08-2012,877813.33,72.94,3.512,130.737871
17,10-08-2012,849074.04,73.29,3.509,130.7561613
17,17-08-2012,844928.17,70.98,3.545,130.7909677
17,24-08-2012,924299.78,68.89,3.582,130.8381613
17,31-08-2012,865924.2,68.07,3.624,130.8853548
17,07-09-2012,1255633.29,61.99,3.689,130.9325484
17,14-09-2012,1071040.22,59.64,3.749,130.9776667
17,21-09-2012,938303.28,58.43,3.821,131.0103333
17,28-09-2012,972716.24,57.77,3.821,131.043
17,05-10-2012,952609.17,52.81,3.815,131.0756667
17,12-10-2012,919878.34,44.82,3.797,131.1083333
17,19-10-2012,957356.84,48.16,3.781,131.1499677
17,26-10-2012,943465.29,39.94,3.755,131.1930968
18,05-02-2010,1205307.5,21.33,2.788,131.5279032
18,12-02-2010,1187880.7,26.41,2.771,131.5866129
18,19-02-2010,1150663.42,30.91,2.747,131.637
18,26-02-2010,1068157.45,35.42,2.753,131.686
18,05-03-2010,1179738.5,37.17,2.766,131.735
18,12-03-2010,1138800.32,42.39,2.805,131.784
18,19-03-2010,1087507.47,45.42,2.834,131.8242903
18,26-03-2010,1092704.09,47.55,2.831,131.863129
18,02-04-2010,1254107.84,45.63,2.826,131.9019677
18,09-04-2010,1174447.55,59.91,2.849,131.9408065
18,16-04-2010,1135577.62,50.26,2.885,131.9809
18,23-04-2010,1132433.55,50.3,2.895,132.0226667
18,30-04-2010,1060446.16,51.12,2.935,132.0644333
18,07-05-2010,1222255.47,65.64,2.981,132.1062
18,14-05-2010,1092616.49,49.9,2.983,132.152129
18,21-05-2010,1101621.36,60.27,2.961,132.2230323
18,28-05-2010,1256282.79,69.12,2.906,132.2939355
18,04-06-2010,1271311.76,70.28,2.857,132.3648387
18,11-06-2010,1173521.82,64.08,2.83,132.4357419
18,18-06-2010,1183225.92,65.96,2.805,132.4733333
18,25-06-2010,1220983.17,74.04,2.81,132.4976
18,02-07-2010,1257928.35,71.22,2.815,132.5218667
18,09-07-2010,1171391.41,79.75,2.806,132.5461333
18,16-07-2010,1115514.61,76.9,2.796,132.5667742
18,23-07-2010,1032908.23,75.71,2.784,132.5825806
18,30-07-2010,1078557.62,75.79,2.792,132.5983871
18,06-08-2010,1166117.85,73.67,2.792,132.6141935
18,13-08-2010,1084722.78,74.19,2.81,132.63
18,20-08-2010,1141860.67,71.76,2.796,132.6616129
18,27-08-2010,1214302.76,67.05,2.77,132.6932258
18,03-09-2010,1187359.77,75.42,2.735,132.7248387
18,10-09-2010,1011201.12,67.09,2.717,132.7564516
18,17-09-2010,997998.21,60.94,2.716,132.7670667
18,24-09-2010,950862.92,64.82,2.718,132.7619333
18,01-10-2010,948977.5,67.76,2.717,132.7568
18,08-10-2010,1107432.71,54.73,2.776,132.7516667
18,15-10-2010,1029618.1,52.02,2.878,132.7633548
18,22-10-2010,1052120.43,47.12,2.919,132.8170968
18,29-10-2010,1038576.54,55.85,2.938,132.8708387
18,05-11-2010,1089530.94,42.05,2.938,132.9245806
18,12-11-2010,1081322.12,43.17,2.961,132.9783226
18,19-11-2010,1045722.37,45.26,3.03,132.9172
18,26-11-2010,1653759.36,40.81,3.07,132.8369333
18,03-12-2010,1211026.13,37.09,3.065,132.7566667
18,10-12-2010,1416168.98,25.64,3.132,132.6764
18,17-12-2010,1588430.71,27.4,3.139,132.6804516
18,24-12-2010,2027507.15,28.16,3.15,132.7477419
18,31-12-2010,887907.01,26.1,3.177,132.8150323
18,07-01-2011,933960.3,30.1,3.193,132.8823226
18,14-01-2011,777175.28,22.69,3.215,132.9510645
18,21-01-2011,891148.55,22.55,3.232,133.0285161
18,28-01-2011,849540.85,14.84,3.243,133.1059677
18,04-02-2011,1055841.24,20.79,3.24,133.1834194
18,11-02-2011,1122053.58,24.3,3.255,133.260871
18,18-02-2011,1095058.57,31.59,3.263,133.3701429
18,25-02-2011,1005983.31,26.15,3.281,133.4921429
18,04-03-2011,1063310.62,28.49,3.437,133.6141429
18,11-03-2011,1002714.25,38.4,3.6,133.7361429
18,18-03-2011,945889.59,41.12,3.634,133.8492258
18,25-03-2011,944523.3,36.65,3.624,133.9587419
18,01-04-2011,938083.17,35.06,3.638,134.0682581
18,08-04-2011,1018541.3,43.32,3.72,134.1777742
18,15-04-2011,988157.72,49.91,3.823,134.2784667
18,22-04-2011,1105860.06,45.99,3.919,134.3571
18,29-04-2011,974114.39,58.82,3.988,134.4357333
18,06-05-2011,1065427.37,54.17,4.078,134.5143667
18,13-05-2011,993172.98,58.48,4.095,134.593
18,20-05-2011,994610.43,57.55,4.101,134.6803871
18,27-05-2011,1065214.14,64.6,4.034,134.7677742
18,03-06-2011,1178039.0,70.9,3.973,134.8551613
18,10-06-2011,1044079.2,69.49,3.924,134.9425484
18,17-06-2011,1045859.39,63.23,3.873,135.0837333
18,24-06-2011,1056478.65,67.41,3.851,135.2652667
18,01-07-2011,1087051.26,69.75,3.815,135.4468
18,08-07-2011,1048802.62,73.12,3.784,135.6283333
18,15-07-2011,974916.13,74.36,3.827,135.7837419
18,22-07-2011,991262.46,78.68,3.882,135.8738387
18,29-07-2011,954148.64,73.85,3.898,135.9639355
18,05-08-2011,1002806.39,74.58,3.903,136.0540323
18,12-08-2011,928470.83,73.57,3.88,136.144129
18,19-08-2011,932679.79,69.24,3.82,136.183129
18,26-08-2011,1147906.46,70.32,3.796,136.2136129
18,02-09-2011,540922.94,68.23,3.784,136.2440968
18,09-09-2011,951549.61,68.11,3.809,136.2745806
18,16-09-2011,845715.37,66.23,3.809,136.3145
18,23-09-2011,853073.17,60.44,3.758,136.367
18,30-09-2011,847348.08,69.01,3.684,136.4195
18,07-10-2011,1019741.1,54.65,3.633,136.472
18,14-10-2011,953533.95,60.26,3.583,136.5150968
18,21-10-2011,1048212.62,55.83,3.618,136.5017742
18,28-10-2011,1106642.63,45.61,3.604,136.4884516
18,04-11-2011,1100625.06,38.29,3.586,136.475129
18,11-11-2011,1079931.63,45.69,3.57,136.4618065
18,18-11-2011,1056992.18,47.88,3.571,136.4666667
18,25-11-2011,1624170.99,41.97,3.536,136.4788
18,02-12-2011,1188047.61,46.25,3.501,136.4909333
18,09-12-2011,1368471.23,42.36,3.47,136.5030667
18,16-12-2011,1516924.23,35.52,3.445,136.5335161
18,23-12-2011,1882393.4,35.78,3.413,136.5883871
18,30-12-2011,1010562.49,32.36,3.402,136.6432581
18,06-01-2012,977286.07,31.27,3.439,136.698129
18,13-01-2012,890130.25,35.25,3.523,136.753
18,20-01-2012,937522.77,24.2,3.542,136.8564194
18,27-01-2012,825584.22,30.44,3.568,136.9598387
18,03-02-2012,1049772.04,37.62,3.633,137.0632581
18,10-02-2012,1161615.51,32.83,3.655,137.1666774
18,17-02-2012,1115985.81,32.87,3.703,137.2583103
18,24-02-2012,1037861.11,36.34,3.751,137.3411034
18,02-03-2012,1047178.91,33.59,3.827,137.4238966
18,09-03-2012,1084894.47,38.1,3.876,137.5066897
18,16-03-2012,1022018.43,45.84,3.867,137.5843871
18,23-03-2012,1031139.3,58.06,3.889,137.6552903
18,30-03-2012,1009121.2,45.35,3.921,137.7261935
18,06-04-2012,1200815.3,43.8,3.957,137.7970968
18,13-04-2012,998443.5,47.75,4.025,137.868
18,20-04-2012,1025813.8,60.88,4.046,137.9230667
18,27-04-2012,961186.23,50.43,4.023,137.9781333
18,04-05-2012,1050027.89,49.66,3.991,138.0332
18,11-05-2012,1060433.1,57.44,3.947,138.0882667
18,18-05-2012,1047444.59,62.31,3.899,138.1065806
18,25-05-2012,1088446.58,65.48,3.85,138.1101935
18,01-06-2012,1118313.7,71.42,3.798,138.1138065
18,08-06-2012,1110479.94,59.1,3.746,138.1174194
18,15-06-2012,1057425.83,66.58,3.683,138.1295333
18,22-06-2012,1080357.89,70.92,3.629,138.1629
18,29-06-2012,1097006.3,70.17,3.577,138.1962667
18,06-07-2012,1158247.31,76.08,3.538,138.2296333
18,13-07-2012,1024784.92,75.09,3.561,138.263
18,20-07-2012,1033543.56,77.43,3.61,138.2331935
18,27-07-2012,924506.26,72.97,3.701,138.2033871
18,03-08-2012,1052066.58,72.67,3.698,138.1735806
18,10-08-2012,967304.07,75.7,3.772,138.1437742
18,17-08-2012,1048134.24,73.25,3.84,138.1857097
18,24-08-2012,1145840.91,68.52,3.874,138.2814516
18,31-08-2012,1117097.23,70.09,3.884,138.3771935
18,07-09-2012,1083521.24,71.85,3.921,138.4729355
18,14-09-2012,960476.1,64.45,3.988,138.5673
18,21-09-2012,971386.65,60.23,4.056,138.6534
18,28-09-2012,1002856.2,58.24,4.018,138.7395
18,05-10-2012,1092204.79,59.68,4.027,138.8256
18,12-10-2012,1074079.0,50.97,4.029,138.9117
18,19-10-2012,1048706.75,51.96,4.0,138.8336129
18,26-10-2012,1127516.25,56.09,3.917,138.7281613
19,05-02-2010,1507637.17,20.96,2.954,131.5279032
19,12-02-2010,1536549.95,23.22,2.94,131.5866129
19,19-02-2010,1515976.11,28.57,2.909,131.637
19,26-02-2010,1373270.06,30.33,2.91,131.686
19,05-03-2010,1495844.57,32.92,2.919,131.735
19,12-03-2010,1467889.2,39.06,2.938,131.784
19,19-03-2010,1332940.35,43.74,2.96,131.8242903
19,26-03-2010,1427023.45,39.07,2.963,131.863129
19,02-04-2010,1642970.27,45.26,2.957,131.9019677
19,09-04-2010,1489613.32,55.66,2.992,131.9408065
19,16-04-2010,1460354.67,49.67,3.01,131.9809
19,23-04-2010,1456793.33,46.87,3.021,132.0226667
19,30-04-2010,1405065.57,49.89,3.042,132.0644333
19,07-05-2010,1566219.77,62.54,3.095,132.1062
19,14-05-2010,1437319.45,46.53,3.112,132.152129
19,21-05-2010,1377716.17,57.53,3.096,132.2230323
19,28-05-2010,1648882.62,68.85,3.046,132.2939355
19,04-06-2010,1519013.49,68.88,3.006,132.3648387
19,11-06-2010,1410683.94,61.64,2.972,132.4357419
19,18-06-2010,1457314.39,66.25,2.942,132.4733333
19,25-06-2010,1450407.32,72.3,2.958,132.4976
19,02-07-2010,1549018.68,66.25,2.958,132.5218667
19,09-07-2010,1577541.24,78.22,2.94,132.5461333
19,16-07-2010,1412157.02,74.6,2.933,132.5667742
19,23-07-2010,1372043.71,74.68,2.924,132.5825806
19,30-07-2010,1366395.96,72.83,2.932,132.5983871
19,06-08-2010,1492060.89,74.2,2.942,132.6141935
19,13-08-2010,1418027.08,72.71,2.923,132.63
19,20-08-2010,1419383.19,72.22,2.913,132.6616129
19,27-08-2010,1557888.16,66.4,2.885,132.6932258
19,03-09-2010,1623519.64,74.69,2.86,132.7248387
19,10-09-2010,1591453.39,63.36,2.837,132.7564516
19,17-09-2010,1386789.31,58.68,2.846,132.7670667
19,24-09-2010,1318343.58,63.43,2.837,132.7619333
19,01-10-2010,1379456.3,59.91,2.84,132.7568
19,08-10-2010,1428960.72,53.74,2.903,132.7516667
19,15-10-2010,1369317.63,51.32,2.999,132.7633548
19,22-10-2010,1357154.71,48.45,3.049,132.8170968
19,29-10-2010,1404576.48,56.11,3.055,132.8708387
19,05-11-2010,1435379.25,41.78,3.049,132.9245806
19,12-11-2010,1490235.86,40.3,3.065,132.9783226
19,19-11-2010,1377593.1,44.22,3.138,132.9172
19,26-11-2010,1993367.83,42.62,3.186,132.8369333
19,03-12-2010,1615987.96,36.64,3.2,132.7566667
19,10-12-2010,1799070.98,25.12,3.255,132.6764
19,17-12-2010,1911967.44,26.83,3.301,132.6804516
19,24-12-2010,2678206.42,26.05,3.309,132.7477419
19,31-12-2010,1275146.94,28.65,3.336,132.8150323
19,07-01-2011,1224175.99,31.34,3.351,132.8823226
19,14-01-2011,1181204.53,21.68,3.367,132.9510645
19,21-01-2011,1212967.84,22.8,3.391,133.0285161
19,28-01-2011,1284185.49,20.66,3.402,133.1059677
19,04-02-2011,1370562.11,21.02,3.4,133.1834194
19,11-02-2011,1430851.11,21.79,3.416,133.260871
19,18-02-2011,1457270.16,34.74,3.42,133.3701429
19,25-02-2011,1296658.47,23.24,3.452,133.4921429
19,04-03-2011,1433569.44,29.28,3.605,133.6141429
19,11-03-2011,1351450.43,35.59,3.752,133.7361429
19,18-03-2011,1257972.37,40.32,3.796,133.8492258
19,25-03-2011,1266564.94,33.26,3.789,133.9587419
19,01-04-2011,1305950.22,30.68,3.811,134.0682581
19,08-04-2011,1419911.91,41.26,3.895,134.1777742
19,15-04-2011,1392093.04,48.67,3.981,134.2784667
19,22-04-2011,1514288.82,41.66,4.061,134.3571
19,29-04-2011,1297237.7,54.23,4.117,134.4357333
19,06-05-2011,1451953.95,50.43,4.192,134.5143667
19,13-05-2011,1429143.06,54.2,4.211,134.593
19,20-05-2011,1355234.3,52.8,4.202,134.6803871
19,27-05-2011,1388553.11,63.2,4.134,134.7677742
19,03-06-2011,1457345.75,66.01,4.069,134.8551613
19,10-06-2011,1467473.63,68.26,4.025,134.9425484
19,17-06-2011,1418973.62,64.02,3.989,135.0837333
19,24-06-2011,1440785.7,68.4,3.964,135.2652667
19,01-07-2011,1462731.93,67.64,3.916,135.4468
19,08-07-2011,1465489.75,73.2,3.886,135.6283333
19,15-07-2011,1391580.41,73.7,3.915,135.7837419
19,22-07-2011,1377119.45,79.37,3.972,135.8738387
19,29-07-2011,1298775.8,74.86,4.004,135.9639355
19,05-08-2011,1408968.55,73.84,4.02,136.0540323
19,12-08-2011,1360969.45,70.92,3.995,136.144129
19,19-08-2011,1391792.69,71.14,3.942,136.183129
19,26-08-2011,1547729.24,69.34,3.906,136.2136129
19,02-09-2011,1609951.02,69.27,3.879,136.2440968
19,09-09-2011,1566712.79,68.28,3.93,136.2745806
19,16-09-2011,1365633.53,62.76,3.937,136.3145
19,23-09-2011,1300375.76,61.32,3.899,136.367
19,30-09-2011,1330757.22,64.99,3.858,136.4195
19,07-10-2011,1461718.87,53.1,3.775,136.472
19,14-10-2011,1318905.53,61.86,3.744,136.5150968
19,21-10-2011,1374863.1,52.05,3.757,136.5017742
19,28-10-2011,1396612.36,46.49,3.757,136.4884516
19,04-11-2011,1480289.64,44.97,3.738,136.475129
19,11-11-2011,1502078.93,48.22,3.719,136.4618065
19,18-11-2011,1411835.57,48.21,3.717,136.4666667
19,25-11-2011,1974646.78,42.75,3.689,136.4788
19,02-12-2011,1484708.38,45.67,3.666,136.4909333
19,09-12-2011,1713769.06,40.18,3.627,136.5030667
19,16-12-2011,1852179.15,37.07,3.611,136.5335161
19,23-12-2011,2480159.47,36.09,3.587,136.5883871
19,30-12-2011,1405168.06,31.65,3.566,136.6432581
19,06-01-2012,1266570.4,31.84,3.585,136.698129
19,13-01-2012,1182198.7,37.08,3.666,136.753
19,20-01-2012,1237104.73,23.44,3.705,136.8564194
19,27-01-2012,1279623.26,32.41,3.737,136.9598387
19,03-02-2012,1345311.65,36.22,3.796,137.0632581
19,10-02-2012,1499496.67,32.61,3.826,137.1666774
19,17-02-2012,1424720.27,30.95,3.874,137.2583103
19,24-02-2012,1352470.09,33.91,3.917,137.3411034
19,02-03-2012,1308977.05,34.83,3.983,137.4238966
19,09-03-2012,1358816.46,38.15,4.021,137.5066897
19,16-03-2012,1312849.1,48.2,4.021,137.5843871
19,23-03-2012,1342254.55,56.72,4.054,137.6552903
19,30-03-2012,1327139.35,43.47,4.098,137.7261935
19,06-04-2012,1631737.68,40.23,4.143,137.7970968
19,13-04-2012,1365098.46,44.42,4.187,137.868
19,20-04-2012,1255087.26,55.2,4.17,137.9230667
19,27-04-2012,1285897.24,42.45,4.163,137.9781333
19,04-05-2012,1405007.44,50.76,4.124,138.0332
19,11-05-2012,1442873.22,55.33,4.055,138.0882667
19,18-05-2012,1366937.1,58.81,4.029,138.1065806
19,25-05-2012,1485540.28,67.79,3.979,138.1101935
19,01-06-2012,1450733.29,68.18,3.915,138.1138065
19,08-06-2012,1390122.11,60.19,3.871,138.1174194
19,15-06-2012,1440263.15,68.19,3.786,138.1295333
19,22-06-2012,1468350.36,75.83,3.722,138.1629
19,29-06-2012,1379652.65,69.92,3.667,138.1962667
19,06-07-2012,1557120.44,76.07,3.646,138.2296333
19,13-07-2012,1321741.35,73.17,3.689,138.263
19,20-07-2012,1317672.92,76.17,3.732,138.2331935
19,27-07-2012,1248915.43,74.43,3.82,138.2033871
19,03-08-2012,1342123.78,73.41,3.819,138.1735806
19,10-08-2012,1408907.89,74.45,3.863,138.1437742
19,17-08-2012,1375101.26,69.83,3.963,138.1857097
19,24-08-2012,1544653.37,66.66,3.997,138.2814516
19,31-08-2012,1542719.87,71.85,4.026,138.3771935
19,07-09-2012,1497073.82,72.2,4.076,138.4729355
19,14-09-2012,1370653.41,65.08,4.088,138.5673
19,21-09-2012,1338572.29,60.62,4.203,138.6534
19,28-09-2012,1338299.02,56.81,4.158,138.7395
19,05-10-2012,1408016.1,59.86,4.151,138.8256
19,12-10-2012,1352809.5,48.29,4.186,138.9117
19,19-10-2012,1321102.35,53.44,4.153,138.8336129
19,26-10-2012,1322117.96,56.49,4.071,138.7281613
20,05-02-2010,2401395.47,25.92,2.784,204.2471935
20,12-02-2010,2109107.9,22.12,2.773,204.3857472
20,19-02-2010,2161549.76,25.43,2.745,204.4321004
20,26-02-2010,1898193.95,32.32,2.754,204.4630869
20,05-03-2010,2119213.72,31.75,2.777,204.4940734
20,12-03-2010,2010974.84,43.82,2.818,204.5250598
20,19-03-2010,1951848.43,47.32,2.844,204.3782258
20,26-03-2010,1894742.95,50.49,2.854,204.201755
20,02-04-2010,2405395.22,51.0,2.85,204.0252842
20,09-04-2010,2007796.26,65.1,2.869,203.8488134
20,16-04-2010,1985784.59,55.43,2.899,203.7307486
20,23-04-2010,1878862.42,50.65,2.902,203.6905586
20,30-04-2010,1919053.21,54.75,2.921,203.6503685
20,07-05-2010,2137202.38,66.74,2.966,203.6101784
20,14-05-2010,2033211.62,55.91,2.982,203.6133915
20,21-05-2010,1893736.9,60.38,2.958,203.8770235
20,28-05-2010,2065984.95,70.97,2.899,204.1406556
20,04-06-2010,2203619.35,72.52,2.847,204.4042877
20,11-06-2010,2100489.79,67.32,2.809,204.6679198
20,18-06-2010,2091903.63,72.62,2.78,204.670036
20,25-06-2010,1973135.87,75.17,2.808,204.5675459
20,02-07-2010,2143676.77,70.1,2.815,204.4650559
20,09-07-2010,2107285.85,78.09,2.793,204.3625658
20,16-07-2010,2031852.16,75.14,2.783,204.3571656
20,23-07-2010,1900535.9,77.75,2.771,204.4812188
20,30-07-2010,1955896.59,76.03,2.781,204.605272
20,06-08-2010,1910177.38,74.57,2.784,204.7293252
20,13-08-2010,2071022.45,75.98,2.805,204.8533784
20,20-08-2010,1975374.56,75.34,2.779,204.8217044
20,27-08-2010,1946369.57,70.51,2.755,204.7900305
20,03-09-2010,2121561.41,75.5,2.715,204.7583566
20,10-09-2010,2014954.79,65.02,2.699,204.7266827
20,17-09-2010,1948359.78,65.28,2.706,204.7513279
20,24-09-2010,1789687.65,69.37,2.713,204.8182126
20,01-10-2010,1933719.21,61.08,2.707,204.8850973
20,08-10-2010,2060389.27,51.5,2.764,204.951982
20,15-10-2010,1950676.39,59.17,2.868,205.0137637
20,22-10-2010,1893955.27,50.52,2.917,205.0627881
20,29-10-2010,1891816.0,57.56,2.921,205.1118126
20,05-11-2010,2184316.64,42.78,2.917,205.160837
20,12-11-2010,2187765.28,42.38,2.931,205.2098614
20,19-11-2010,2105058.91,45.88,3.0,205.0992811
20,26-11-2010,2811634.04,46.66,3.039,204.9621
20,03-12-2010,2416051.17,35.47,3.046,204.8249189
20,10-12-2010,2752122.08,24.27,3.109,204.6877378
20,17-12-2010,2819193.17,24.07,3.14,204.6321194
20,24-12-2010,3766687.43,25.17,3.141,204.6376731
20,31-12-2010,1799737.79,28.85,3.179,204.6432267
20,07-01-2011,1843030.95,31.43,3.193,204.6487803
20,14-01-2011,1884345.01,20.39,3.205,204.7026042
20,21-01-2011,1781805.66,27.43,3.229,205.0460497
20,28-01-2011,1761506.68,23.21,3.237,205.3894952
20,04-02-2011,2351143.07,28.58,3.231,205.7329407
20,11-02-2011,2211388.14,25.38,3.239,206.0763862
20,18-02-2011,2258616.24,42.95,3.245,206.3694701
20,25-02-2011,1938608.52,33.2,3.274,206.6424093
20,04-03-2011,2143424.61,37.33,3.433,206.9153485
20,11-03-2011,1990932.77,39.53,3.582,207.1882876
20,18-03-2011,1931668.64,44.8,3.631,207.4283845
20,25-03-2011,1824711.21,44.83,3.625,207.6553444
20,01-04-2011,1927993.09,32.43,3.638,207.8823043
20,08-04-2011,2027056.39,47.09,3.72,208.1092642
20,15-04-2011,2057406.33,55.0,3.821,208.3172811
20,22-04-2011,2313861.81,52.56,3.892,208.4779405
20,29-04-2011,1881788.19,62.97,3.962,208.6386
20,06-05-2011,2090838.44,53.41,4.046,208.7992595
20,13-05-2011,2036748.53,62.26,4.066,208.9599189
20,20-05-2011,1953416.06,59.01,4.062,208.7583165
20,27-05-2011,1944433.17,69.12,3.985,208.556714
20,03-06-2011,2182246.69,73.51,3.922,208.3551116
20,10-06-2011,2135062.04,73.64,3.881,208.1535092
20,17-06-2011,2065191.27,66.41,3.842,208.1265604
20,24-06-2011,1950826.32,72.4,3.804,208.2306018
20,01-07-2011,2053165.41,69.66,3.748,208.3346432
20,08-07-2011,2123787.79,74.69,3.711,208.4386847
20,15-07-2011,2039875.75,74.88,3.76,208.5309337
20,22-07-2011,1950904.84,78.89,3.811,208.5937018
20,29-07-2011,1858440.92,77.47,3.829,208.6564699
20,05-08-2011,2189353.63,77.8,3.842,208.719238
20,12-08-2011,2052246.4,73.52,3.812,208.7820061
20,19-08-2011,1990017.93,71.25,3.747,208.8424359
20,26-08-2011,1933577.2,70.15,3.704,208.902476
20,02-09-2011,2141765.98,70.82,3.703,208.9625161
20,09-09-2011,2050542.56,68.74,3.738,209.0225562
20,16-09-2011,1979009.46,64.02,3.742,209.1893892
20,23-09-2011,1888119.7,62.15,3.711,209.4986126
20,30-09-2011,1945808.26,63.44,3.645,209.807836
20,07-10-2011,2135982.79,52.42,3.583,210.1170595
20,14-10-2011,2010107.68,62.54,3.541,210.4027602
20,21-10-2011,2104241.9,53.69,3.57,210.5473252
20,28-10-2011,2065421.52,49.36,3.569,210.6918901
20,04-11-2011,2284106.6,43.88,3.551,210.8364551
20,11-11-2011,2269975.85,47.27,3.53,210.9810201
20,18-11-2011,2169933.82,49.3,3.53,211.1847207
20,25-11-2011,2906233.25,46.38,3.492,211.4120757
20,02-12-2011,2298776.83,46.32,3.452,211.6394306
20,09-12-2011,2546123.78,41.64,3.415,211.8667856
20,16-12-2011,2762816.65,37.16,3.413,212.0685039
20,23-12-2011,3555371.03,40.19,3.389,212.2360401
20,30-12-2011,2043245.0,36.35,3.389,212.4035763
20,06-01-2012,1964701.94,33.42,3.422,212.5711125
20,13-01-2012,1911510.64,37.79,3.513,212.7386486
20,20-01-2012,1892775.94,27.65,3.533,212.8336399
20,27-01-2012,1761016.51,37.19,3.567,212.9286312
20,03-02-2012,2203523.2,39.93,3.617,213.0236225
20,10-02-2012,2462978.28,33.47,3.64,213.1186138
20,17-02-2012,2309025.16,31.11,3.695,213.2732106
20,24-02-2012,2045837.55,39.79,3.739,213.4725116
20,02-03-2012,2148822.76,39.98,3.816,213.6718127
20,09-03-2012,2139265.4,41.14,3.848,213.8711137
20,16-03-2012,2064991.71,53.73,3.862,214.0167132
20,23-03-2012,1992436.96,66.11,3.9,214.0907105
20,30-03-2012,2074721.74,51.52,3.953,214.1647079
20,06-04-2012,2565259.92,50.06,3.996,214.2387053
20,13-04-2012,2045396.06,45.68,4.044,214.3127027
20,20-04-2012,1884427.84,60.11,4.027,214.3675045
20,27-04-2012,1886503.93,47.64,4.004,214.4223063
20,04-05-2012,2163510.89,62.74,3.951,214.4771081
20,11-05-2012,2168097.11,63.19,3.889,214.5319099
20,18-05-2012,2039222.26,60.99,3.848,214.5485571
20,25-05-2012,2114989.0,70.04,3.798,214.5499425
20,01-06-2012,2143126.59,73.67,3.742,214.5513278
20,08-06-2012,2231962.13,62.01,3.689,214.5527132
20,15-06-2012,2165160.29,71.51,3.62,214.5653243
20,22-06-2012,2060588.69,76.51,3.564,214.606
20,29-06-2012,2055952.61,74.15,3.506,214.6466757
20,06-07-2012,2358055.3,79.2,3.475,214.6873514
20,13-07-2012,2134680.12,78.27,3.523,214.728027
20,20-07-2012,1970170.29,76.04,3.567,214.7331351
20,27-07-2012,1911559.1,74.6,3.647,214.7382432
20,03-08-2012,2094515.71,74.73,3.654,214.7433514
20,10-08-2012,2144245.39,75.4,3.722,214.7484595
20,17-08-2012,2045061.22,69.57,3.807,214.825578
20,24-08-2012,2005341.43,68.27,3.834,214.9567044
20,31-08-2012,2062481.56,72.66,3.867,215.0878309
20,07-09-2012,2080529.06,76.36,3.911,215.2189573
20,14-09-2012,2047949.98,64.84,3.948,215.3583757
20,21-09-2012,2028587.24,60.94,4.038,215.5475459
20,28-09-2012,2008350.58,58.65,3.997,215.7367162
20,05-10-2012,2246411.89,60.77,3.985,215.9258865
20,12-10-2012,2162951.36,47.2,4.0,216.1150568
20,19-10-2012,1999363.49,56.26,3.969,216.1464699
20,26-10-2012,2031650.55,60.04,3.882,216.1515902
21,05-02-2010,798593.88,39.05,2.572,210.7526053
21,12-02-2010,809321.44,37.77,2.548,210.8979935
21,19-02-2010,867283.25,39.75,2.514,210.9451605
21,26-02-2010,749597.24,45.31,2.561,210.9759573
21,05-03-2010,747444.32,48.61,2.625,211.0067542
21,12-03-2010,712312.89,57.1,2.667,211.037551
21,19-03-2010,727070.0,54.68,2.72,210.8733316
21,26-03-2010,686497.53,51.66,2.732,210.6766095
21,02-04-2010,753664.12,64.12,2.719,210.4798874
21,09-04-2010,751181.4,65.74,2.77,210.2831653
21,16-04-2010,716026.51,67.87,2.808,210.1495463
21,23-04-2010,718780.59,64.21,2.795,210.1000648
21,30-04-2010,680532.69,66.93,2.78,210.0505833
21,07-05-2010,744969.42,70.87,2.835,210.0011018
21,14-05-2010,723559.88,73.08,2.854,209.9984585
21,21-05-2010,753361.72,74.24,2.826,210.2768443
21,28-05-2010,755214.26,80.94,2.759,210.5552301
21,04-06-2010,806012.48,82.68,2.705,210.833616
21,11-06-2010,784305.55,83.51,2.668,211.1120018
21,18-06-2010,785104.29,86.18,2.637,211.1096543
21,25-06-2010,769848.75,87.01,2.653,210.9950134
21,02-07-2010,711470.8,82.29,2.669,210.8803726
21,09-07-2010,714677.47,81.67,2.642,210.7657317
21,16-07-2010,755098.41,85.61,2.623,210.7577954
21,23-07-2010,765823.48,87.17,2.608,210.8921319
21,30-07-2010,715876.27,83.59,2.64,211.0264684
21,06-08-2010,739279.19,90.3,2.627,211.1608049
21,13-08-2010,793589.18,89.65,2.692,211.2951413
21,20-08-2010,848873.28,89.58,2.664,211.2596586
21,27-08-2010,855882.57,86.2,2.619,211.2241759
21,03-09-2010,727772.8,82.57,2.577,211.1886931
21,10-09-2010,674055.81,79.3,2.565,211.1532104
21,17-09-2010,684340.86,83.03,2.582,211.1806415
21,24-09-2010,671688.06,80.79,2.624,211.2552578
21,01-10-2010,677158.39,70.28,2.603,211.3298742
21,08-10-2010,680579.49,65.76,2.633,211.4044906
21,15-10-2010,693412.05,68.61,2.72,211.4713286
21,22-10-2010,710668.45,70.72,2.725,211.5187208
21,29-10-2010,731756.65,67.51,2.716,211.5661131
21,05-11-2010,719888.76,58.71,2.689,211.6135053
21,12-11-2010,735796.38,60.95,2.728,211.6608975
21,19-11-2010,756288.89,51.71,2.771,211.5470304
21,26-11-2010,1245628.61,62.96,2.735,211.4062867
21,03-12-2010,829210.73,50.43,2.708,211.265543
21,10-12-2010,943891.64,46.35,2.843,211.1247993
21,17-12-2010,1147556.83,48.63,2.869,211.0645458
21,24-12-2010,1587257.78,51.29,2.886,211.0646599
21,31-12-2010,672903.23,47.19,2.943,211.064774
21,07-01-2011,629152.06,44.24,2.976,211.0648881
21,14-01-2011,650789.13,34.14,2.983,211.1176713
21,21-01-2011,663941.73,42.72,3.016,211.4864691
21,28-01-2011,649878.29,44.04,3.01,211.8552668
21,04-02-2011,596218.24,36.33,2.989,212.2240646
21,11-02-2011,771908.51,34.61,3.022,212.5928624
21,18-02-2011,884701.92,59.87,3.045,212.9033115
21,25-02-2011,768313.85,61.27,3.065,213.190421
21,04-03-2011,796277.72,59.52,3.288,213.4775305
21,11-03-2011,763479.9,54.69,3.459,213.7646401
21,18-03-2011,793569.0,63.26,3.488,214.0156238
21,25-03-2011,753711.32,70.33,3.473,214.2521573
21,01-04-2011,732056.37,56.36,3.524,214.4886908
21,08-04-2011,744782.89,68.62,3.622,214.7252242
21,15-04-2011,768390.05,71.01,3.743,214.9420631
21,22-04-2011,801302.01,70.79,3.807,215.1096657
21,29-04-2011,783250.75,70.19,3.81,215.2772683
21,06-05-2011,718898.33,61.87,3.906,215.4448709
21,13-05-2011,754236.7,75.04,3.899,215.6124735
21,20-05-2011,744836.56,68.36,3.907,215.3834778
21,27-05-2011,744389.81,76.86,3.786,215.1544822
21,03-06-2011,773878.58,83.82,3.699,214.9254865
21,10-06-2011,794397.89,84.71,3.648,214.6964908
21,17-06-2011,823220.43,87.54,3.637,214.6513538
21,24-06-2011,771298.98,85.72,3.594,214.7441108
21,01-07-2011,784639.12,87.57,3.524,214.8368678
21,08-07-2011,734099.4,89.16,3.48,214.9296249
21,15-07-2011,728311.15,91.05,3.575,215.0134426
21,22-07-2011,784490.67,90.27,3.651,215.0749122
21,29-07-2011,751167.12,91.56,3.682,215.1363819
21,05-08-2011,783614.89,94.22,3.684,215.1978515
21,12-08-2011,776933.37,92.32,3.638,215.2593211
21,19-08-2011,855546.5,90.11,3.554,215.3229307
21,26-08-2011,821127.53,92.07,3.523,215.386897
21,02-09-2011,705557.8,91.94,3.533,215.4508632
21,09-09-2011,653989.65,78.87,3.546,215.5148295
21,16-09-2011,653525.84,80.62,3.526,215.6944378
21,23-09-2011,681913.29,75.68,3.467,216.0282356
21,30-09-2011,651970.48,78.91,3.355,216.3620333
21,07-10-2011,663452.46,71.64,3.285,216.6958311
21,14-10-2011,671379.44,69.79,3.274,217.0048261
21,21-10-2011,729036.06,65.16,3.353,217.1650042
21,28-10-2011,738812.0,65.46,3.372,217.3251824
21,04-11-2011,767358.37,56.01,3.332,217.4853605
21,11-11-2011,757369.87,59.8,3.297,217.6455387
21,18-11-2011,737014.09,61.9,3.308,217.8670218
21,25-11-2011,1219263.4,56.43,3.236,218.1130269
21,02-12-2011,793184.25,48.72,3.172,218.3590319
21,09-12-2011,897747.13,41.44,3.158,218.605037
21,16-12-2011,1027584.51,50.56,3.159,218.8217928
21,23-12-2011,1384552.17,46.54,3.112,218.9995495
21,30-12-2011,804362.36,45.16,3.129,219.1773063
21,06-01-2012,640181.86,48.1,3.157,219.355063
21,13-01-2012,631181.25,45.0,3.261,219.5328198
21,20-01-2012,651178.2,52.21,3.268,219.6258417
21,27-01-2012,611258.71,50.79,3.29,219.7188636
21,03-02-2012,680725.43,55.83,3.36,219.8118854
21,10-02-2012,770652.79,46.52,3.409,219.9049073
21,17-02-2012,834663.52,45.03,3.51,220.0651993
21,24-02-2012,747099.07,54.81,3.555,220.275944
21,02-03-2012,764385.4,59.3,3.63,220.4866886
21,09-03-2012,755084.4,57.16,3.669,220.6974332
21,16-03-2012,767338.32,63.39,3.734,220.8498468
21,23-03-2012,729759.97,62.96,3.787,220.9244858
21,30-03-2012,724798.76,67.87,3.845,220.9991248
21,06-04-2012,761956.58,69.02,3.891,221.0737638
21,13-04-2012,769319.04,69.03,3.891,221.1484028
21,20-04-2012,734858.91,66.97,3.877,221.2021074
21,27-04-2012,674829.58,69.21,3.814,221.255812
21,04-05-2012,697645.32,77.53,3.749,221.3095166
21,11-05-2012,649945.54,74.14,3.688,221.3632212
21,18-05-2012,700554.16,72.42,3.63,221.380331
21,25-05-2012,722891.24,79.49,3.561,221.3828029
21,01-06-2012,695439.83,79.24,3.501,221.3852748
21,08-06-2012,707895.72,79.47,3.452,221.3877467
21,15-06-2012,727049.04,81.51,3.393,221.4009901
21,22-06-2012,735870.0,81.78,3.346,221.4411622
21,29-06-2012,716341.39,88.05,3.286,221.4813343
21,06-07-2012,693013.59,85.26,3.227,221.5215064
21,13-07-2012,668132.36,82.51,3.256,221.5616784
21,20-07-2012,691200.33,84.25,3.311,221.5701123
21,27-07-2012,677789.14,88.09,3.407,221.5785461
21,03-08-2012,693785.85,91.57,3.417,221.5869799
21,10-08-2012,700272.01,89.57,3.494,221.5954138
21,17-08-2012,751963.81,85.55,3.571,221.6751459
21,24-08-2012,802003.61,77.72,3.62,221.8083518
21,31-08-2012,763867.59,83.58,3.638,221.9415576
21,07-09-2012,642827.29,88.4,3.73,222.0747635
21,14-09-2012,628494.63,76.1,3.717,222.2174395
21,21-09-2012,667151.46,71.54,3.721,222.4169362
21,28-09-2012,647097.65,80.38,3.666,222.6164329
21,05-10-2012,651768.91,70.28,3.617,222.8159296
21,12-10-2012,653043.44,61.53,3.601,223.0154263
21,19-10-2012,641368.14,68.52,3.594,223.0598077
21,26-10-2012,675202.87,70.5,3.506,223.0783366
22,05-02-2010,1033017.37,24.36,2.788,135.3524608
22,12-02-2010,1022571.25,28.14,2.771,135.4113076
22,19-02-2010,988467.61,31.96,2.747,135.4657781
22,26-02-2010,899761.48,35.98,2.753,135.5195191
22,05-03-2010,1009201.24,36.82,2.766,135.5732602
22,12-03-2010,967187.37,43.43,2.805,135.6270013
22,19-03-2010,966145.09,46.03,2.834,135.6682247
22,26-03-2010,1012075.12,48.56,2.831,135.7073618
22,02-04-2010,1177340.99,44.96,2.826,135.7464988
22,09-04-2010,1033171.07,57.06,2.849,135.7856359
22,16-04-2010,1000968.67,51.14,2.885,135.82725
22,23-04-2010,969594.47,51.04,2.895,135.8721667
22,30-04-2010,977683.06,50.96,2.935,135.9170833
22,07-05-2010,1052973.28,63.81,2.981,135.962
22,14-05-2010,973585.33,50.99,2.983,136.010394
22,21-05-2010,979977.89,59.99,2.961,136.0796521
22,28-05-2010,1103740.4,65.64,2.906,136.1489101
22,04-06-2010,1095539.13,69.49,2.857,136.2181682
22,11-06-2010,1061196.47,65.01,2.83,136.2874263
22,18-06-2010,1052895.25,67.13,2.805,136.3243393
22,25-06-2010,1095020.33,74.37,2.81,136.3483143
22,02-07-2010,1120259.71,72.88,2.815,136.3722893
22,09-07-2010,1092654.26,79.22,2.806,136.3962643
22,16-07-2010,988392.99,76.3,2.796,136.4179827
22,23-07-2010,974123.2,76.91,2.784,136.4366924
22,30-07-2010,970773.64,76.35,2.792,136.4554021
22,06-08-2010,1010326.14,74.37,2.792,136.4741118
22,13-08-2010,993097.43,74.75,2.81,136.4928214
22,20-08-2010,1017045.44,73.21,2.796,136.5249182
22,27-08-2010,1081420.96,68.99,2.77,136.557015
22,03-09-2010,1074535.88,75.85,2.735,136.5891118
22,10-09-2010,924174.4,68.6,2.717,136.6212085
22,17-09-2010,918285.97,62.49,2.716,136.6338071
22,24-09-2010,902779.25,65.14,2.718,136.6317821
22,01-10-2010,905987.17,69.31,2.717,136.6297571
22,08-10-2010,1015051.62,56.32,2.776,136.6277321
22,15-10-2010,954401.46,55.23,2.878,136.6401935
22,22-10-2010,960998.52,50.24,2.919,136.688871
22,29-10-2010,1025766.27,57.73,2.938,136.7375484
22,05-11-2010,1006888.16,44.34,2.938,136.7862258
22,12-11-2010,1043698.64,44.42,2.961,136.8349032
22,19-11-2010,985896.44,48.62,3.03,136.7715714
22,26-11-2010,1564502.26,44.61,3.07,136.6895714
22,03-12-2010,1230514.58,39.42,3.065,136.6075714
22,10-12-2010,1367202.84,28.43,3.132,136.5255714
22,17-12-2010,1527682.99,30.46,3.139,136.5292811
22,24-12-2010,1962445.04,29.76,3.15,136.597273
22,31-12-2010,774262.28,28.49,3.177,136.665265
22,07-01-2011,873954.7,32.56,3.193,136.7332569
22,14-01-2011,807535.52,24.76,3.215,136.803477
22,21-01-2011,855001.02,26.8,3.232,136.8870657
22,28-01-2011,799369.15,20.61,3.243,136.9706544
22,04-02-2011,946060.98,26.39,3.24,137.0542431
22,11-02-2011,1009206.33,28.89,3.255,137.1378318
22,18-02-2011,975964.86,35.34,3.263,137.2511849
22,25-02-2011,911245.43,30.23,3.281,137.3764439
22,04-03-2011,997353.15,33.52,3.437,137.5017028
22,11-03-2011,944587.23,41.42,3.6,137.6269617
22,18-03-2011,926427.12,43.38,3.634,137.7398929
22,25-03-2011,933528.39,38.77,3.624,137.8478929
22,01-04-2011,951588.37,36.04,3.638,137.9558929
22,08-04-2011,969046.69,44.42,3.72,138.0638929
22,15-04-2011,1008557.04,48.88,3.823,138.1646952
22,22-04-2011,1152781.9,47.76,3.919,138.2475036
22,29-04-2011,926133.8,57.2,3.988,138.3303119
22,06-05-2011,1032076.06,53.63,4.078,138.4131202
22,13-05-2011,1001558.74,57.71,4.095,138.4959286
22,20-05-2011,970307.83,58.56,4.101,138.587106
22,27-05-2011,1021568.34,62.59,4.034,138.6782834
22,03-06-2011,1125169.92,70.09,3.973,138.7694608
22,10-06-2011,1060868.49,69.53,3.924,138.8606382
22,17-06-2011,1042454.61,63.97,3.873,139.0028333
22,24-06-2011,1012584.2,68.53,3.851,139.1832917
22,01-07-2011,1077491.68,70.8,3.815,139.36375
22,08-07-2011,1017050.65,74.22,3.784,139.5442083
22,15-07-2011,961953.57,75.2,3.827,139.7006325
22,22-07-2011,964683.8,77.79,3.882,139.7969712
22,29-07-2011,944958.69,75.32,3.898,139.8933099
22,05-08-2011,983232.96,75.33,3.903,139.9896486
22,12-08-2011,991779.2,74.69,3.88,140.0859873
22,19-08-2011,973004.91,71.3,3.82,140.1289205
22,26-08-2011,1181815.31,72.22,3.796,140.1629528
22,02-09-2011,912762.76,69.16,3.784,140.196985
22,09-09-2011,1004434.54,69.14,3.809,140.2310173
22,16-09-2011,937420.65,68.08,3.809,140.2735
22,23-09-2011,899834.75,62.36,3.758,140.32725
22,30-09-2011,953314.16,69.78,3.684,140.381
22,07-10-2011,993436.67,56.44,3.633,140.43475
22,14-10-2011,944337.32,62.63,3.583,140.4784194
22,21-10-2011,981567.22,59.3,3.618,140.4616048
22,28-10-2011,1099351.68,49.31,3.604,140.4447903
22,04-11-2011,1106575.59,42.81,3.586,140.4279758
22,11-11-2011,1051740.29,47.8,3.57,140.4111613
22,18-11-2011,1007579.44,50.62,3.571,140.4127857
22,25-11-2011,1535857.49,46.28,3.536,140.4217857
22,02-12-2011,1167621.14,49.11,3.501,140.4307857
22,09-12-2011,1308967.44,45.35,3.47,140.4397857
22,16-12-2011,1453153.33,39.11,3.445,140.4700795
22,23-12-2011,1863195.68,39.83,3.413,140.528765
22,30-12-2011,982661.14,36.28,3.402,140.5874505
22,06-01-2012,895358.2,34.61,3.439,140.6461359
22,13-01-2012,855437.57,39.0,3.523,140.7048214
22,20-01-2012,897027.44,29.16,3.542,140.8086118
22,27-01-2012,786459.23,35.68,3.568,140.9124021
22,03-02-2012,958487.75,40.58,3.633,141.0161924
22,10-02-2012,1034448.07,35.68,3.655,141.1199827
22,17-02-2012,1004749.41,36.25,3.703,141.2140357
22,24-02-2012,912958.95,39.0,3.751,141.3007857
22,02-03-2012,974866.65,37.47,3.827,141.3875357
22,09-03-2012,991127.01,41.72,3.876,141.4742857
22,16-03-2012,966780.01,46.06,3.867,141.55478
22,23-03-2012,992774.4,54.68,3.889,141.6269332
22,30-03-2012,965769.93,46.4,3.921,141.6990864
22,06-04-2012,1197489.66,46.38,3.957,141.7712396
22,13-04-2012,939118.24,49.89,4.025,141.8433929
22,20-04-2012,1000342.87,58.81,4.046,141.9015262
22,27-04-2012,922539.94,51.42,4.023,141.9596595
22,04-05-2012,1005083.31,50.75,3.991,142.0177929
22,11-05-2012,997868.63,56.72,3.947,142.0759262
22,18-05-2012,986612.02,61.9,3.899,142.0970115
22,25-05-2012,1047297.38,62.39,3.85,142.1032776
22,01-06-2012,1102857.37,70.01,3.798,142.1095438
22,08-06-2012,1061134.37,61.71,3.746,142.1158099
22,15-06-2012,1061219.19,66.56,3.683,142.1292548
22,22-06-2012,1112449.3,70.61,3.629,142.1606464
22,29-06-2012,1053881.78,70.99,3.577,142.1920381
22,06-07-2012,1097786.14,77.41,3.538,142.2234298
22,13-07-2012,971361.38,75.81,3.561,142.2548214
22,20-07-2012,991969.37,76.57,3.61,142.2337569
22,27-07-2012,925731.21,73.52,3.701,142.2126924
22,03-08-2012,1007257.83,72.99,3.698,142.1916279
22,10-08-2012,973812.79,76.74,3.772,142.1705634
22,17-08-2012,981273.26,74.92,3.84,142.2157385
22,24-08-2012,1060906.75,70.42,3.874,142.3105933
22,31-08-2012,1022270.86,71.93,3.884,142.4054482
22,07-09-2012,996628.8,73.3,3.921,142.500303
22,14-09-2012,918049.28,66.42,3.988,142.5938833
22,21-09-2012,921612.53,63.38,4.056,142.6798167
22,28-09-2012,976479.51,62.17,4.018,142.76575
22,05-10-2012,1009887.36,62.09,4.027,142.8516833
22,12-10-2012,1004039.84,54.18,4.029,142.9376167
22,19-10-2012,978027.95,55.28,4.0,142.8633629
22,26-10-2012,1094422.69,57.58,3.917,142.7624113
23,05-02-2010,1364721.58,15.25,2.788,131.5279032
23,12-02-2010,1380892.08,18.75,2.771,131.5866129
23,19-02-2010,1319588.04,26.7,2.747,131.637
23,26-02-2010,1198709.65,32.68,2.753,131.686
23,05-03-2010,1311175.93,33.15,2.766,131.735
23,12-03-2010,1408082.96,36.07,2.805,131.784
23,19-03-2010,1229008.32,43.01,2.834,131.8242903
23,26-03-2010,1310701.8,38.59,2.831,131.863129
23,02-04-2010,1556627.62,40.5,2.826,131.9019677
23,09-04-2010,1264434.7,56.82,2.849,131.9408065
23,16-04-2010,1288823.72,44.25,2.885,131.9809
23,23-04-2010,1315023.08,46.4,2.895,132.0226667
23,30-04-2010,1259414.52,45.47,2.935,132.0644333
23,07-05-2010,1365552.28,61.04,2.981,132.1062
23,14-05-2010,1303055.09,45.33,2.983,132.152129
23,21-05-2010,1327424.28,57.94,2.961,132.2230323
23,28-05-2010,1571158.56,69.26,2.906,132.2939355
23,04-06-2010,1514435.51,64.94,2.857,132.3648387
23,11-06-2010,1439432.06,58.35,2.83,132.4357419
23,18-06-2010,1507708.93,60.29,2.805,132.4733333
23,25-06-2010,1415204.88,69.83,2.81,132.4976
23,02-07-2010,1549113.18,64.76,2.815,132.5218667
23,09-07-2010,1417535.78,77.16,2.806,132.5461333
23,16-07-2010,1413124.11,73.94,2.796,132.5667742
23,23-07-2010,1333634.45,70.2,2.784,132.5825806
23,30-07-2010,1319773.55,69.71,2.792,132.5983871
23,06-08-2010,1417013.07,70.03,2.792,132.6141935
23,13-08-2010,1346345.97,67.43,2.81,132.63
23,20-08-2010,1439901.05,68.65,2.796,132.6616129
23,27-08-2010,1584623.36,63.25,2.77,132.6932258
23,03-09-2010,1405119.23,72.91,2.735,132.7248387
23,10-09-2010,1272842.85,63.21,2.717,132.7564516
23,17-09-2010,1159132.58,55.3,2.716,132.7670667
23,24-09-2010,1099055.65,57.75,2.718,132.7619333
23,01-10-2010,1129909.44,62.07,2.717,132.7568
23,08-10-2010,1179851.68,50.75,2.776,132.7516667
23,15-10-2010,1119809.71,45.55,2.878,132.7633548
23,22-10-2010,1147503.92,43.19,2.919,132.8170968
23,29-10-2010,1112871.23,48.68,2.938,132.8708387
23,05-11-2010,1203119.96,36.6,2.938,132.9245806
23,12-11-2010,1387953.75,35.59,2.961,132.9783226
23,19-11-2010,1314994.32,41.66,3.03,132.9172
23,26-11-2010,2072685.05,34.95,3.07,132.8369333
23,03-12-2010,1617025.41,34.3,3.065,132.7566667
23,10-12-2010,1872365.99,20.12,3.132,132.6764
23,17-12-2010,2238573.48,23.05,3.139,132.6804516
23,24-12-2010,2734277.1,22.96,3.15,132.7477419
23,31-12-2010,1169773.85,19.05,3.177,132.8150323
23,07-01-2011,1122034.48,27.81,3.193,132.8823226
23,14-01-2011,1016756.1,18.2,3.215,132.9510645
23,21-01-2011,1110706.06,15.58,3.232,133.0285161
23,28-01-2011,1083657.61,10.91,3.243,133.1059677
23,04-02-2011,1159438.53,14.5,3.24,133.1834194
23,11-02-2011,1249786.4,21.52,3.255,133.260871
23,18-02-2011,1369971.57,26.6,3.263,133.3701429
23,25-02-2011,1206917.2,17.0,3.281,133.4921429
23,04-03-2011,1301185.28,20.67,3.437,133.6141429
23,11-03-2011,1042043.55,29.36,3.6,133.7361429
23,18-03-2011,1203682.62,37.28,3.634,133.8492258
23,25-03-2011,1148624.83,29.11,3.624,133.9587419
23,01-04-2011,1182694.95,29.44,3.638,134.0682581
23,08-04-2011,1248901.98,36.74,3.72,134.1777742
23,15-04-2011,1263680.51,45.51,3.823,134.2784667
23,22-04-2011,1447301.24,39.62,3.919,134.3571
23,29-04-2011,1173307.4,54.2,3.988,134.4357333
23,06-05-2011,1359921.13,50.07,4.078,134.5143667
23,13-05-2011,1254914.87,55.12,4.095,134.593
23,20-05-2011,1337617.55,56.67,4.101,134.6803871
23,27-05-2011,1361945.18,63.27,4.034,134.7677742
23,03-06-2011,1562161.97,67.21,3.973,134.8551613
23,10-06-2011,1447028.06,65.23,3.924,134.9425484
23,17-06-2011,1470520.83,61.06,3.873,135.0837333
23,24-06-2011,1434036.18,63.8,3.851,135.2652667
23,01-07-2011,1492507.44,65.65,3.815,135.4468
23,08-07-2011,1379488.05,69.92,3.784,135.6283333
23,15-07-2011,1360520.56,69.8,3.827,135.7837419
23,22-07-2011,1362144.0,76.74,3.882,135.8738387
23,29-07-2011,1319767.55,69.55,3.898,135.9639355
23,05-08-2011,1416344.68,69.53,3.903,136.0540323
23,12-08-2011,1380952.05,69.86,3.88,136.144129
23,19-08-2011,1453416.53,67.09,3.82,136.183129
23,26-08-2011,1637266.29,67.04,3.796,136.2136129
23,02-09-2011,1464295.69,65.33,3.784,136.2440968
23,09-09-2011,1423289.9,66.04,3.809,136.2745806
23,16-09-2011,1253329.17,60.52,3.809,136.3145
23,23-09-2011,1289082.81,57.14,3.758,136.367
23,30-09-2011,1275597.85,64.76,3.684,136.4195
23,07-10-2011,1463501.99,49.0,3.633,136.472
23,14-10-2011,1257778.34,56.79,3.583,136.5150968
23,21-10-2011,1441032.59,52.12,3.618,136.5017742
23,28-10-2011,1407191.96,42.57,3.604,136.4884516
23,04-11-2011,1428436.33,39.18,3.586,136.475129
23,11-11-2011,1436940.78,44.04,3.57,136.4618065
23,18-11-2011,1345631.96,45.48,3.571,136.4666667
23,25-11-2011,2057059.53,35.23,3.536,136.4788
23,02-12-2011,1552886.59,43.6,3.501,136.4909333
23,09-12-2011,1841173.6,36.4,3.47,136.5030667
23,16-12-2011,2173621.2,32.99,3.445,136.5335161
23,23-12-2011,2587953.32,27.8,3.413,136.5883871
23,30-12-2011,1213486.95,22.3,3.402,136.6432581
23,06-01-2012,1150662.55,24.29,3.439,136.698129
23,13-01-2012,1031451.35,28.49,3.523,136.753
23,20-01-2012,1146992.13,15.33,3.542,136.8564194
23,27-01-2012,1037476.38,25.71,3.568,136.9598387
23,03-02-2012,1261872.67,29.71,3.633,137.0632581
23,10-02-2012,1358444.07,26.6,3.655,137.1666774
23,17-02-2012,1365546.69,27.01,3.703,137.2583103
23,24-02-2012,1272948.27,31.12,3.751,137.3411034
23,02-03-2012,1322852.2,25.91,3.827,137.4238966
23,09-03-2012,1292724.9,33.11,3.876,137.5066897
23,16-03-2012,1258364.31,41.19,3.867,137.5843871
23,23-03-2012,1288154.1,57.82,3.889,137.6552903
23,30-03-2012,1261964.96,36.71,3.921,137.7261935
23,06-04-2012,1604605.69,37.43,3.957,137.7970968
23,13-04-2012,1231752.54,41.81,4.025,137.868
23,20-04-2012,1287899.41,56.55,4.046,137.9230667
23,27-04-2012,1277758.76,44.62,4.023,137.9781333
23,04-05-2012,1317379.68,45.88,3.991,138.0332
23,11-05-2012,1321914.34,52.9,3.947,138.0882667
23,18-05-2012,1332952.47,58.42,3.899,138.1065806
23,25-05-2012,1552934.64,66.43,3.85,138.1101935
23,01-06-2012,1476144.34,66.22,3.798,138.1138065
23,08-06-2012,1568048.54,56.82,3.746,138.1174194
23,15-06-2012,1543667.68,64.73,3.683,138.1295333
23,22-06-2012,1522042.57,71.82,3.629,138.1629
23,29-06-2012,1451782.16,64.23,3.577,138.1962667
23,06-07-2012,1545370.16,70.86,3.538,138.2296333
23,13-07-2012,1384921.63,69.19,3.561,138.263
23,20-07-2012,1381339.23,71.13,3.61,138.2331935
23,27-07-2012,1322932.36,69.31,3.701,138.2033871
23,03-08-2012,1416926.31,71.51,3.698,138.1735806
23,10-08-2012,1436311.76,71.12,3.772,138.1437742
23,17-08-2012,1510131.45,69.97,3.84,138.1857097
23,24-08-2012,1702220.96,64.63,3.874,138.2814516
23,31-08-2012,1577468.78,68.34,3.884,138.3771935
23,07-09-2012,1427162.26,66.74,3.921,138.4729355
23,14-09-2012,1279041.64,61.37,3.988,138.5673
23,21-09-2012,1338627.55,56.8,4.056,138.6534
23,28-09-2012,1319035.06,53.71,4.018,138.7395
23,05-10-2012,1464616.59,56.65,4.027,138.8256
23,12-10-2012,1412925.25,48.1,4.029,138.9117
23,19-10-2012,1363155.77,47.89,4.0,138.8336129
23,26-10-2012,1347454.59,50.56,3.917,138.7281613
24,05-02-2010,1388725.63,22.43,2.954,131.5279032
24,12-02-2010,1414107.1,25.94,2.94,131.5866129
24,19-02-2010,1385362.49,31.05,2.909,131.637
24,26-02-2010,1158722.74,33.98,2.91,131.686
24,05-03-2010,1412387.37,36.73,2.919,131.735
24,12-03-2010,1309340.16,42.31,2.938,131.784
24,19-03-2010,1222511.29,46.09,2.96,131.8242903
24,26-03-2010,1258311.56,48.87,2.963,131.863129
24,02-04-2010,1478321.26,45.22,2.957,131.9019677
24,09-04-2010,1379579.63,62.06,2.992,131.9408065
24,16-04-2010,1268266.72,51.08,3.01,131.9809
24,23-04-2010,1264117.01,51.07,3.021,132.0226667
24,30-04-2010,1259877.19,51.48,3.042,132.0644333
24,07-05-2010,1409705.03,66.65,3.095,132.1062
24,14-05-2010,1346783.35,51.31,3.112,132.152129
24,21-05-2010,1283482.85,60.44,3.096,132.2230323
24,28-05-2010,1473868.15,69.59,3.046,132.2939355
24,04-06-2010,1566668.91,71.99,3.006,132.3648387
24,11-06-2010,1375458.21,64.84,2.972,132.4357419
24,18-06-2010,1354168.18,67.17,2.942,132.4733333
24,25-06-2010,1399073.75,74.9,2.958,132.4976
24,02-07-2010,1563387.94,71.12,2.958,132.5218667
24,09-07-2010,1665502.55,79.05,2.94,132.5461333
24,16-07-2010,1418697.05,76.56,2.933,132.5667742
24,23-07-2010,1333740.35,75.27,2.924,132.5825806
24,30-07-2010,1387517.63,75.91,2.932,132.5983871
24,06-08-2010,1442819.28,74.54,2.942,132.6141935
24,13-08-2010,1384243.75,74.17,2.923,132.63
24,20-08-2010,1375307.54,72.17,2.913,132.6616129
24,27-08-2010,1350059.35,67.0,2.885,132.6932258
24,03-09-2010,1366381.6,73.52,2.86,132.7248387
24,10-09-2010,1474498.59,67.11,2.837,132.7564516
24,17-09-2010,1273295.46,60.31,2.846,132.7670667
24,24-09-2010,1169413.27,64.3,2.837,132.7619333
24,01-10-2010,1215273.2,66.88,2.84,132.7568
24,08-10-2010,1361944.94,54.82,2.903,132.7516667
24,15-10-2010,1300806.74,52.83,2.999,132.7633548
24,22-10-2010,1234875.33,48.69,3.049,132.8170968
24,29-10-2010,1244925.94,57.29,3.055,132.8708387
24,05-11-2010,1285358.01,42.2,3.049,132.9245806
24,12-11-2010,1312877.01,41.76,3.065,132.9783226
24,19-11-2010,1277150.6,45.63,3.138,132.9172
24,26-11-2010,1779276.51,41.92,3.186,132.8369333
24,03-12-2010,1413302.7,37.08,3.2,132.7566667
24,10-12-2010,1593012.75,27.11,3.255,132.6764
24,17-12-2010,1663525.77,27.99,3.301,132.6804516
24,24-12-2010,2386015.75,27.74,3.309,132.7477419
24,31-12-2010,1208600.05,25.9,3.336,132.8150323
24,07-01-2011,1178641.71,30.72,3.351,132.8823226
24,14-01-2011,1167740.2,22.41,3.367,132.9510645
24,21-01-2011,1107170.39,23.69,3.391,133.0285161
24,28-01-2011,1126921.34,17.91,3.402,133.1059677
24,04-02-2011,1225182.04,23.83,3.4,133.1834194
24,11-02-2011,1341240.62,26.51,3.416,133.260871
24,18-02-2011,1360150.12,34.04,3.42,133.3701429
24,25-02-2011,1235121.33,26.09,3.452,133.4921429
24,04-03-2011,1346994.53,31.36,3.605,133.6141429
24,11-03-2011,1253218.7,39.51,3.752,133.7361429
24,18-03-2011,1168397.26,43.39,3.796,133.8492258
24,25-03-2011,1158693.12,36.88,3.789,133.9587419
24,01-04-2011,1163803.3,35.73,3.811,134.0682581
24,08-04-2011,1273670.32,44.7,3.895,134.1777742
24,15-04-2011,1245576.65,52.36,3.981,134.2784667
24,22-04-2011,1372484.9,46.0,4.061,134.3571
24,29-04-2011,1197761.17,60.48,4.117,134.4357333
24,06-05-2011,1339630.35,55.75,4.192,134.5143667
24,13-05-2011,1311950.16,58.49,4.211,134.593
24,20-05-2011,1234281.7,59.84,4.202,134.6803871
24,27-05-2011,1311153.72,65.74,4.134,134.7677742
24,03-06-2011,1554837.62,73.12,4.069,134.8551613
24,10-06-2011,1373841.91,70.02,4.025,134.9425484
24,17-06-2011,1320359.23,64.34,3.989,135.0837333
24,24-06-2011,1304850.67,68.88,3.964,135.2652667
24,01-07-2011,1445596.61,70.27,3.916,135.4468
24,08-07-2011,1567340.07,72.56,3.886,135.6283333
24,15-07-2011,1356938.95,74.43,3.915,135.7837419
24,22-07-2011,1357672.24,79.29,3.972,135.8738387
24,29-07-2011,1310973.06,74.84,4.004,135.9639355
24,05-08-2011,1417616.81,74.64,4.02,136.0540323
24,12-08-2011,1402818.01,72.52,3.995,136.144129
24,19-08-2011,1352039.88,69.93,3.942,136.183129
24,26-08-2011,1402372.09,69.94,3.906,136.2136129
24,02-09-2011,1196105.44,68.14,3.879,136.2440968
24,09-09-2011,1527455.19,68.32,3.93,136.2745806
24,16-09-2011,1227535.97,65.56,3.937,136.3145
24,23-09-2011,1232376.49,60.61,3.899,136.367
24,30-09-2011,1246242.61,68.0,3.858,136.4195
24,07-10-2011,1405914.39,53.87,3.775,136.472
24,14-10-2011,1333315.03,60.21,3.744,136.5150968
24,21-10-2011,1283563.43,56.6,3.757,136.5017742
24,28-10-2011,1307142.75,48.0,3.757,136.4884516
24,04-11-2011,1385860.38,39.87,3.738,136.475129
24,11-11-2011,1425078.59,46.78,3.719,136.4618065
24,18-11-2011,1297535.69,48.17,3.717,136.4666667
24,25-11-2011,1761235.67,41.83,3.689,136.4788
24,02-12-2011,1335647.1,47.21,3.666,136.4909333
24,09-12-2011,1529615.54,42.3,3.627,136.5030667
24,16-12-2011,1624994.43,36.0,3.611,136.5335161
24,23-12-2011,2168344.23,36.93,3.587,136.5883871
24,30-12-2011,1363973.16,33.45,3.566,136.6432581
24,06-01-2012,1251581.89,32.86,3.585,136.698129
24,13-01-2012,1155594.2,36.5,3.666,136.753
24,20-01-2012,1151993.85,25.73,3.705,136.8564194
24,27-01-2012,1057290.41,31.92,3.737,136.9598387
24,03-02-2012,1249696.97,38.61,3.796,137.0632581
24,10-02-2012,1403460.87,33.82,3.826,137.1666774
24,17-02-2012,1326370.08,33.92,3.874,137.2583103
24,24-02-2012,1303233.15,37.35,3.917,137.3411034
24,02-03-2012,1213994.39,35.36,3.983,137.4238966
24,09-03-2012,1325835.7,41.5,4.021,137.5066897
24,16-03-2012,1239299.12,48.68,4.021,137.5843871
24,23-03-2012,1221723.94,59.51,4.054,137.6552903
24,30-03-2012,1230106.13,47.28,4.098,137.7261935
24,06-04-2012,1524734.29,45.25,4.143,137.7970968
24,13-04-2012,1285783.87,48.65,4.187,137.868
24,20-04-2012,1208654.4,61.05,4.17,137.9230667
24,27-04-2012,1194334.65,49.26,4.163,137.9781333
24,04-05-2012,1306551.71,52.14,4.124,138.0332
24,11-05-2012,1355391.79,58.7,4.055,138.0882667
24,18-05-2012,1298809.8,63.1,4.029,138.1065806
24,25-05-2012,1407897.57,65.79,3.979,138.1101935
24,01-06-2012,1467722.19,71.79,3.915,138.1138065
24,08-06-2012,1406313.13,59.93,3.871,138.1174194
24,15-06-2012,1364445.98,68.28,3.786,138.1295333
24,22-06-2012,1434709.63,72.29,3.722,138.1629
24,29-06-2012,1428869.9,70.4,3.667,138.1962667
24,06-07-2012,1645097.75,77.18,3.646,138.2296333
24,13-07-2012,1405475.78,75.36,3.689,138.263
24,20-07-2012,1394299.0,76.42,3.732,138.2331935
24,27-07-2012,1307339.14,73.62,3.82,138.2033871
24,03-08-2012,1440374.13,73.26,3.819,138.1735806
24,10-08-2012,1497054.81,75.53,3.863,138.1437742
24,17-08-2012,1397970.54,72.87,3.963,138.1857097
24,24-08-2012,1303726.54,68.13,3.997,138.2814516
24,31-08-2012,1344558.92,71.18,4.026,138.3771935
24,07-09-2012,1477134.75,72.81,4.076,138.4729355
24,14-09-2012,1242909.53,64.28,4.088,138.5673
24,21-09-2012,1261158.47,61.25,4.203,138.6534
24,28-09-2012,1259278.36,58.86,4.158,138.7395
24,05-10-2012,1416720.54,60.35,4.151,138.8256
24,12-10-2012,1416301.17,51.64,4.186,138.9117
24,19-10-2012,1255414.84,52.59,4.153,138.8336129
24,26-10-2012,1307182.29,55.16,4.071,138.7281613
25,05-02-2010,677231.63,21.1,2.784,204.2471935
25,12-02-2010,583364.02,19.64,2.773,204.3857472
25,19-02-2010,676260.67,24.16,2.745,204.4321004
25,26-02-2010,628516.57,29.16,2.754,204.4630869
25,05-03-2010,665750.06,29.45,2.777,204.4940734
25,12-03-2010,660619.99,40.05,2.818,204.5250598
25,19-03-2010,659795.84,45.0,2.844,204.3782258
25,26-03-2010,696687.6,45.84,2.854,204.201755
25,02-04-2010,822486.37,47.2,2.85,204.0252842
25,09-04-2010,712647.97,61.36,2.869,203.8488134
25,16-04-2010,715311.6,52.16,2.899,203.7307486
25,23-04-2010,694531.72,46.12,2.902,203.6905586
25,30-04-2010,706924.02,50.97,2.921,203.6503685
25,07-05-2010,724468.97,63.67,2.966,203.6101784
25,14-05-2010,698073.95,50.27,2.982,203.6133915
25,21-05-2010,704113.22,57.17,2.958,203.8770235
25,28-05-2010,792442.54,69.31,2.899,204.1406556
25,04-06-2010,764155.44,69.22,2.847,204.4042877
25,11-06-2010,737163.2,63.68,2.809,204.6679198
25,18-06-2010,780444.94,69.56,2.78,204.670036
25,25-06-2010,737569.14,72.17,2.808,204.5675459
25,02-07-2010,759407.87,66.42,2.815,204.4650559
25,09-07-2010,719591.13,75.24,2.793,204.3625658
25,16-07-2010,726997.84,73.43,2.783,204.3571656
25,23-07-2010,665290.93,75.37,2.771,204.4812188
25,30-07-2010,682124.34,71.99,2.781,204.605272
25,06-08-2010,699464.43,71.79,2.784,204.7293252
25,13-08-2010,686072.39,72.73,2.805,204.8533784
25,20-08-2010,724499.81,71.81,2.779,204.8217044
25,27-08-2010,711461.95,67.15,2.755,204.7900305
25,03-09-2010,685700.08,71.17,2.715,204.7583566
25,10-09-2010,655811.95,61.14,2.699,204.7266827
25,17-09-2010,628989.88,60.13,2.706,204.7513279
25,24-09-2010,607819.33,65.06,2.713,204.8182126
25,01-10-2010,658640.14,57.56,2.707,204.8850973
25,08-10-2010,674283.86,48.46,2.764,204.951982
25,15-10-2010,616094.72,54.09,2.868,205.0137637
25,22-10-2010,661644.19,46.73,2.917,205.0627881
25,29-10-2010,674458.03,55.72,2.921,205.1118126
25,05-11-2010,696314.53,38.8,2.917,205.160837
25,12-11-2010,713250.08,40.68,2.931,205.2098614
25,19-11-2010,718056.73,42.72,3.0,205.0992811
25,26-11-2010,1115240.61,43.43,3.039,204.9621
25,03-12-2010,885572.96,32.41,3.046,204.8249189
25,10-12-2010,964729.18,22.65,3.109,204.6877378
25,17-12-2010,1047707.59,21.6,3.14,204.6321194
25,24-12-2010,1295391.19,22.94,3.141,204.6376731
25,31-12-2010,623092.54,25.89,3.179,204.6432267
25,07-01-2011,558794.63,29.0,3.193,204.6487803
25,14-01-2011,572360.83,18.3,3.205,204.7026042
25,21-01-2011,568093.57,23.21,3.229,205.0460497
25,28-01-2011,600448.69,18.92,3.237,205.3894952
25,04-02-2011,639830.45,23.94,3.231,205.7329407
25,11-02-2011,615666.78,21.18,3.239,206.0763862
25,18-02-2011,634637.03,38.42,3.245,206.3694701
25,25-02-2011,570816.34,28.36,3.274,206.6424093
25,04-03-2011,640912.18,31.59,3.433,206.9153485
25,11-03-2011,599828.39,36.73,3.582,207.1882876
25,18-03-2011,603393.64,40.94,3.631,207.4283845
25,25-03-2011,616324.24,38.51,3.625,207.6553444
25,01-04-2011,618377.79,28.5,3.638,207.8823043
25,08-04-2011,648606.13,42.11,3.72,208.1092642
25,15-04-2011,674562.45,51.43,3.821,208.3172811
25,22-04-2011,756588.42,45.87,3.892,208.4779405
25,29-04-2011,649245.0,58.43,3.962,208.6386
25,06-05-2011,659446.55,49.5,4.046,208.7992595
25,13-05-2011,684783.15,60.1,4.066,208.9599189
25,20-05-2011,677971.33,56.56,4.062,208.7583165
25,27-05-2011,718373.94,67.18,3.985,208.556714
25,03-06-2011,737551.74,70.69,3.922,208.3551116
25,10-06-2011,740259.63,71.45,3.881,208.1535092
25,17-06-2011,717373.43,63.58,3.842,208.1265604
25,24-06-2011,699270.1,70.71,3.804,208.2306018
25,01-07-2011,706206.86,66.61,3.748,208.3346432
25,08-07-2011,698529.64,71.64,3.711,208.4386847
25,15-07-2011,680510.23,72.67,3.76,208.5309337
25,22-07-2011,670854.96,78.1,3.811,208.5937018
25,29-07-2011,668390.82,74.72,3.829,208.6564699
25,05-08-2011,679706.01,74.0,3.842,208.719238
25,12-08-2011,667130.48,70.93,3.812,208.7820061
25,19-08-2011,688958.75,68.09,3.747,208.8424359
25,26-08-2011,726422.55,66.8,3.704,208.902476
25,02-09-2011,699779.0,67.2,3.703,208.9625161
25,09-09-2011,673248.48,67.51,3.738,209.0225562
25,16-09-2011,628720.46,62.05,3.742,209.1893892
25,23-09-2011,620885.93,60.28,3.711,209.4986126
25,30-09-2011,639160.24,60.7,3.645,209.807836
25,07-10-2011,671522.87,50.82,3.583,210.1170595
25,14-10-2011,646915.47,58.95,3.541,210.4027602
25,21-10-2011,690675.5,50.22,3.57,210.5473252
25,28-10-2011,724443.97,46.28,3.569,210.6918901
25,04-11-2011,718393.61,40.88,3.551,210.8364551
25,11-11-2011,719235.07,44.81,3.53,210.9810201
25,18-11-2011,728525.6,46.41,3.53,211.1847207
25,25-11-2011,1116211.39,43.49,3.492,211.4120757
25,02-12-2011,878314.57,42.85,3.452,211.6394306
25,09-12-2011,916446.02,38.69,3.415,211.8667856
25,16-12-2011,997502.47,33.09,3.413,212.0685039
25,23-12-2011,1290532.97,36.56,3.389,212.2360401
25,30-12-2011,683665.37,32.42,3.389,212.4035763
25,06-01-2012,636419.12,30.23,3.422,212.5711125
25,13-01-2012,614764.31,34.6,3.513,212.7386486
25,20-01-2012,594744.89,23.87,3.533,212.8336399
25,27-01-2012,589554.29,32.24,3.567,212.9286312
25,03-02-2012,642776.4,34.98,3.617,213.0236225
25,10-02-2012,658984.38,32.47,3.64,213.1186138
25,17-02-2012,654088.02,32.23,3.695,213.2732106
25,24-02-2012,613501.05,35.51,3.739,213.4725116
25,02-03-2012,643155.89,36.01,3.816,213.6718127
25,09-03-2012,643711.53,37.44,3.848,213.8711137
25,16-03-2012,638204.27,50.64,3.862,214.0167132
25,23-03-2012,672831.78,62.7,3.9,214.0907105
25,30-03-2012,684348.92,47.92,3.953,214.1647079
25,06-04-2012,791356.9,44.73,3.996,214.2387053
25,13-04-2012,658691.56,42.46,4.044,214.3127027
25,20-04-2012,661566.48,57.1,4.027,214.3675045
25,27-04-2012,655157.32,44.2,4.004,214.4223063
25,04-05-2012,696421.72,58.76,3.951,214.4771081
25,11-05-2012,739866.16,59.21,3.889,214.5319099
25,18-05-2012,717207.19,58.21,3.848,214.5485571
25,25-05-2012,783371.02,67.69,3.798,214.5499425
25,01-06-2012,694765.95,69.54,3.742,214.5513278
25,08-06-2012,730254.19,58.48,3.689,214.5527132
25,15-06-2012,753860.89,68.34,3.62,214.5653243
25,22-06-2012,721601.9,73.52,3.564,214.606
25,29-06-2012,718890.81,69.84,3.506,214.6466757
25,06-07-2012,753385.55,75.52,3.475,214.6873514
25,13-07-2012,714093.95,73.87,3.523,214.728027
25,20-07-2012,685676.58,74.32,3.567,214.7331351
25,27-07-2012,659109.53,72.98,3.647,214.7382432
25,03-08-2012,709724.6,72.08,3.654,214.7433514
25,10-08-2012,710496.97,71.93,3.722,214.7484595
25,17-08-2012,728467.72,66.99,3.807,214.825578
25,24-08-2012,756527.64,64.53,3.834,214.9567044
25,31-08-2012,714828.73,68.55,3.867,215.0878309
25,07-09-2012,671482.9,72.79,3.911,215.2189573
25,14-09-2012,657241.63,60.9,3.948,215.3583757
25,21-09-2012,664745.2,57.6,4.038,215.5475459
25,28-09-2012,683300.84,54.52,3.997,215.7367162
25,05-10-2012,699536.73,57.58,3.985,215.9258865
25,12-10-2012,697317.41,43.74,4.0,216.1150568
25,19-10-2012,685531.85,51.93,3.969,216.1464699
25,26-10-2012,688940.94,56.69,3.882,216.1515902
26,05-02-2010,1034119.21,9.55,2.788,131.5279032
26,12-02-2010,1015684.09,18.14,2.771,131.5866129
26,19-02-2010,999348.55,22.62,2.747,131.637
26,26-02-2010,855385.01,27.32,2.753,131.686
26,05-03-2010,1005669.58,28.6,2.766,131.735
26,12-03-2010,963382.09,31.1,2.805,131.784
26,19-03-2010,903366.55,35.34,2.834,131.8242903
26,26-03-2010,893613.0,35.26,2.831,131.863129
26,02-04-2010,1029849.2,36.53,2.826,131.9019677
26,09-04-2010,1022293.81,50.13,2.849,131.9408065
26,16-04-2010,905548.38,36.6,2.885,131.9809
26,23-04-2010,881930.87,39.68,2.895,132.0226667
26,30-04-2010,904503.85,40.56,2.935,132.0644333
26,07-05-2010,1074479.73,54.72,2.981,132.1062
26,14-05-2010,972663.59,39.08,2.983,132.152129
26,21-05-2010,986765.01,50.81,2.961,132.2230323
26,28-05-2010,1069851.59,61.65,2.906,132.2939355
26,04-06-2010,1003202.66,58.46,2.857,132.3648387
26,11-06-2010,1073862.59,51.62,2.83,132.4357419
26,18-06-2010,1001286.67,53.62,2.805,132.4733333
26,25-06-2010,976242.09,63.78,2.81,132.4976
26,02-07-2010,1078455.48,58.9,2.815,132.5218667
26,09-07-2010,1122356.53,71.08,2.806,132.5461333
26,16-07-2010,1028151.72,67.66,2.796,132.5667742
26,23-07-2010,971615.62,65.4,2.784,132.5825806
26,30-07-2010,1005324.28,63.79,2.792,132.5983871
26,06-08-2010,1125329.77,62.93,2.792,132.6141935
26,13-08-2010,1011938.29,61.58,2.81,132.63
26,20-08-2010,1007385.36,62.68,2.796,132.6616129
26,27-08-2010,977322.52,57.23,2.77,132.6932258
26,03-09-2010,1037549.71,66.93,2.735,132.7248387
26,10-09-2010,1042226.3,54.82,2.717,132.7564516
26,17-09-2010,923473.7,50.08,2.716,132.7670667
26,24-09-2010,868636.3,52.47,2.718,132.7619333
26,01-10-2010,923221.52,57.8,2.717,132.7568
26,08-10-2010,1001069.52,46.81,2.776,132.7516667
26,15-10-2010,937956.89,39.93,2.878,132.7633548
26,22-10-2010,916522.66,36.13,2.919,132.8170968
26,29-10-2010,895069.88,40.3,2.938,132.8708387
26,05-11-2010,970224.51,30.51,2.938,132.9245806
26,12-11-2010,971193.01,37.51,2.961,132.9783226
26,19-11-2010,901972.7,36.73,3.03,132.9172
26,26-11-2010,1286833.62,28.11,3.07,132.8369333
26,03-12-2010,1016143.64,27.73,3.065,132.7566667
26,10-12-2010,1149612.04,16.6,3.132,132.6764
26,17-12-2010,1196813.33,20.61,3.139,132.6804516
26,24-12-2010,1573982.47,21.81,3.15,132.7477419
26,31-12-2010,877268.29,18.73,3.177,132.8150323
26,07-01-2011,938149.21,21.13,3.193,132.8823226
26,14-01-2011,812323.29,16.7,3.215,132.9510645
26,21-01-2011,809833.21,12.98,3.232,133.0285161
26,28-01-2011,817485.14,5.54,3.243,133.1059677
26,04-02-2011,911807.02,11.17,3.24,133.1834194
26,11-02-2011,1010711.08,15.12,3.255,133.260871
26,18-02-2011,981978.02,19.63,3.263,133.3701429
26,25-02-2011,910298.44,16.3,3.281,133.4921429
26,04-03-2011,945643.17,14.31,3.437,133.6141429
26,11-03-2011,946614.55,28.13,3.6,133.7361429
26,18-03-2011,887426.12,31.76,3.634,133.8492258
26,25-03-2011,866566.54,22.99,3.624,133.9587419
26,01-04-2011,849231.61,22.99,3.638,134.0682581
26,08-04-2011,985229.81,29.09,3.72,134.1777742
26,15-04-2011,863266.12,39.46,3.823,134.2784667
26,22-04-2011,921700.61,33.81,3.919,134.3571
26,29-04-2011,873450.29,47.17,3.988,134.4357333
26,06-05-2011,1024778.23,45.0,4.078,134.5143667
26,13-05-2011,941008.85,48.2,4.095,134.593
26,20-05-2011,938334.62,48.86,4.101,134.6803871
26,27-05-2011,996723.58,56.74,4.034,134.7677742
26,03-06-2011,1054454.4,60.49,3.973,134.8551613
26,10-06-2011,1094058.68,59.85,3.924,134.9425484
26,17-06-2011,981646.46,54.5,3.873,135.0837333
26,24-06-2011,997474.93,56.94,3.851,135.2652667
26,01-07-2011,1070119.09,59.89,3.815,135.4468
26,08-07-2011,1133807.03,63.34,3.784,135.6283333
26,15-07-2011,1021534.7,64.43,3.827,135.7837419
26,22-07-2011,1017867.8,69.52,3.882,135.8738387
26,29-07-2011,1005360.5,63.32,3.898,135.9639355
26,05-08-2011,1107552.43,63.16,3.903,136.0540323
26,12-08-2011,1087644.5,62.99,3.88,136.144129
26,19-08-2011,1021766.75,60.58,3.82,136.183129
26,26-08-2011,1064617.62,61.1,3.796,136.2136129
26,02-09-2011,1040143.14,59.67,3.784,136.2440968
26,09-09-2011,1069710.97,60.98,3.809,136.2745806
26,16-09-2011,951569.84,55.19,3.809,136.3145
26,23-09-2011,923644.6,50.72,3.758,136.367
26,30-09-2011,959339.51,59.42,3.684,136.4195
26,07-10-2011,1130022.99,46.84,3.633,136.472
26,14-10-2011,987886.08,53.91,3.583,136.5150968
26,21-10-2011,974907.28,45.23,3.618,136.5017742
26,28-10-2011,972256.98,35.06,3.604,136.4884516
26,04-11-2011,988950.75,31.7,3.586,136.475129
26,11-11-2011,1077640.13,40.08,3.57,136.4618065
26,18-11-2011,946091.79,37.78,3.571,136.4666667
26,25-11-2011,1282320.05,31.07,3.536,136.4788
26,02-12-2011,1012498.49,36.74,3.501,136.4909333
26,09-12-2011,1148987.46,34.24,3.47,136.5030667
26,16-12-2011,1204807.83,28.24,3.445,136.5335161
26,23-12-2011,1515175.01,22.53,3.413,136.5883871
26,30-12-2011,972834.42,18.8,3.402,136.6432581
26,06-01-2012,971557.62,22.94,3.439,136.698129
26,13-01-2012,836305.65,25.55,3.523,136.753
26,20-01-2012,838751.5,15.22,3.542,136.8564194
26,27-01-2012,820059.89,24.16,3.568,136.9598387
26,03-02-2012,939158.25,25.24,3.633,137.0632581
26,10-02-2012,1081005.64,23.89,3.655,137.1666774
26,17-02-2012,965788.76,23.9,3.703,137.2583103
26,24-02-2012,917924.47,28.06,3.751,137.3411034
26,02-03-2012,955641.74,22.49,3.827,137.4238966
26,09-03-2012,1028569.01,29.03,3.876,137.5066897
26,16-03-2012,919503.4,35.06,3.867,137.5843871
26,23-03-2012,874790.68,49.97,3.889,137.6552903
26,30-03-2012,922018.43,33.33,3.921,137.7261935
26,06-04-2012,1116829.23,33.35,3.957,137.7970968
26,13-04-2012,889670.29,36.9,4.025,137.868
26,20-04-2012,923600.02,50.81,4.046,137.9230667
26,27-04-2012,911969.0,43.6,4.023,137.9781333
26,04-05-2012,946573.29,40.29,3.991,138.0332
26,11-05-2012,1062548.73,47.11,3.947,138.0882667
26,18-05-2012,978082.84,52.55,3.899,138.1065806
26,25-05-2012,1067310.74,58.2,3.85,138.1101935
26,01-06-2012,1015853.03,58.51,3.798,138.1138065
26,08-06-2012,1106176.83,49.43,3.746,138.1174194
26,15-06-2012,1029248.22,57.84,3.683,138.1295333
26,22-06-2012,1056282.91,63.04,3.629,138.1629
26,29-06-2012,1051190.44,60.71,3.577,138.1962667
26,06-07-2012,1180470.8,64.94,3.538,138.2296333
26,13-07-2012,1063149.78,64.47,3.561,138.263
26,20-07-2012,1049625.9,66.75,3.61,138.2331935
26,27-07-2012,1031745.14,64.12,3.701,138.2033871
26,03-08-2012,1090915.09,65.6,3.698,138.1735806
26,10-08-2012,1121476.51,67.01,3.772,138.1437742
26,17-08-2012,1068292.56,65.54,3.84,138.1857097
26,24-08-2012,1022704.2,62.08,3.874,138.2814516
26,31-08-2012,1053495.51,63.69,3.884,138.3771935
26,07-09-2012,1081874.03,61.58,3.921,138.4729355
26,14-09-2012,986131.94,57.69,3.988,138.5673
26,21-09-2012,961084.08,52.68,4.056,138.6534
26,28-09-2012,964726.37,50.66,4.018,138.7395
26,05-10-2012,1095504.26,54.07,4.027,138.8256
26,12-10-2012,1044639.69,45.19,4.029,138.9117
26,19-10-2012,975578.02,43.51,4.0,138.8336129
26,26-10-2012,958619.8,46.95,3.917,138.7281613
27,05-02-2010,1874289.79,27.19,2.954,135.3524608
27,12-02-2010,1745362.72,29.81,2.94,135.4113076
27,19-02-2010,1945070.33,32.44,2.909,135.4657781
27,26-02-2010,1390934.27,36.0,2.91,135.5195191
27,05-03-2010,1313729.72,38.07,2.919,135.5732602
27,12-03-2010,1925113.12,45.98,2.938,135.6270013
27,19-03-2010,1700627.97,49.04,2.96,135.6682247
27,26-03-2010,1836714.84,52.34,2.963,135.7073618
27,02-04-2010,2053952.97,46.9,2.957,135.7464988
27,09-04-2010,1955814.13,62.62,2.992,135.7856359
27,16-04-2010,1857500.96,54.95,3.01,135.82725
27,23-04-2010,1850205.47,53.91,3.021,135.8721667
27,30-04-2010,1805885.04,53.55,3.042,135.9170833
27,07-05-2010,1939458.84,69.02,3.095,135.962
27,14-05-2010,1842465.78,53.82,3.112,136.010394
27,21-05-2010,1836595.58,63.31,3.096,136.0796521
27,28-05-2010,1962468.67,67.88,3.046,136.1489101
27,04-06-2010,2073102.59,74.29,3.006,136.2181682
27,11-06-2010,1873812.93,68.9,2.972,136.2874263
27,18-06-2010,1887182.27,70.0,2.942,136.3243393
27,25-06-2010,1962625.01,78.02,2.958,136.3483143
27,02-07-2010,2024554.1,76.25,2.958,136.3722893
27,09-07-2010,2119163.01,82.69,2.94,136.3962643
27,16-07-2010,1880691.64,78.26,2.933,136.4179827
27,23-07-2010,1808250.71,81.56,2.924,136.4366924
27,30-07-2010,1816489.53,79.78,2.932,136.4554021
27,06-08-2010,1908036.68,77.45,2.942,136.4741118
27,13-08-2010,1864436.12,77.36,2.923,136.4928214
27,20-08-2010,1936878.46,75.16,2.913,136.5249182
27,27-08-2010,1870684.21,70.31,2.885,136.557015
27,03-09-2010,1908110.9,78.52,2.86,136.5891118
27,10-09-2010,1913494.81,70.38,2.837,136.6212085
27,17-09-2010,1629978.46,64.5,2.846,136.6338071
27,24-09-2010,1597002.71,67.08,2.837,136.6317821
27,01-10-2010,1543532.83,70.19,2.84,136.6297571
27,08-10-2010,1707662.87,57.78,2.903,136.6277321
27,15-10-2010,1728388.2,58.38,2.999,136.6401935
27,22-10-2010,1693935.29,52.82,3.049,136.688871
27,29-10-2010,1688955.49,61.02,3.055,136.7375484
27,05-11-2010,1686010.02,45.91,3.049,136.7862258
27,12-11-2010,1828010.25,45.9,3.065,136.8349032
27,19-11-2010,1704785.74,50.81,3.138,136.7715714
27,26-11-2010,2627910.75,46.67,3.186,136.6895714
27,03-12-2010,1884343.67,41.81,3.2,136.6075714
27,10-12-2010,2139733.68,30.83,3.255,136.5255714
27,17-12-2010,2350098.36,31.62,3.301,136.5292811
27,24-12-2010,3078162.08,31.34,3.309,136.597273
27,31-12-2010,1440963.0,29.59,3.336,136.665265
27,07-01-2011,1568159.48,34.42,3.351,136.7332569
27,14-01-2011,1532308.62,25.7,3.367,136.803477
27,21-01-2011,1517029.9,30.13,3.391,136.8870657
27,28-01-2011,1421111.55,23.64,3.402,136.9706544
27,04-02-2011,1628100.79,28.7,3.4,137.0542431
27,11-02-2011,1636224.77,30.45,3.416,137.1378318
27,18-02-2011,1709365.19,39.32,3.42,137.2511849
27,25-02-2011,1688935.71,33.05,3.452,137.3764439
27,04-03-2011,1656130.67,36.99,3.605,137.5017028
27,11-03-2011,1613259.77,43.64,3.752,137.6269617
27,18-03-2011,1624539.21,46.65,3.796,137.7398929
27,25-03-2011,1554651.08,40.11,3.789,137.8478929
27,01-04-2011,1628868.28,37.27,3.811,137.9558929
27,08-04-2011,1689844.18,46.87,3.895,138.0638929
27,15-04-2011,1727175.61,52.24,3.981,138.1646952
27,22-04-2011,1921655.48,50.02,4.061,138.2475036
27,29-04-2011,1642074.64,61.71,4.117,138.3303119
27,06-05-2011,1757041.96,56.48,4.192,138.4131202
27,13-05-2011,1763545.32,60.07,4.211,138.4959286
27,20-05-2011,1725268.56,60.22,4.202,138.587106
27,27-05-2011,1820723.17,66.43,4.134,138.6782834
27,03-06-2011,2053708.01,74.17,4.069,138.7694608
27,10-06-2011,1817914.71,73.26,4.025,138.8606382
27,17-06-2011,1814740.09,67.03,3.989,139.0028333
27,24-06-2011,1811455.15,72.02,3.964,139.1832917
27,01-07-2011,1949983.93,73.76,3.916,139.36375
27,08-07-2011,2000055.27,76.87,3.886,139.5442083
27,15-07-2011,1762155.79,77.83,3.915,139.7006325
27,22-07-2011,1754879.45,82.28,3.972,139.7969712
27,29-07-2011,1744879.06,79.41,4.004,139.8933099
27,05-08-2011,1747289.53,78.14,4.02,139.9896486
27,12-08-2011,1758437.96,76.67,3.995,140.0859873
27,19-08-2011,1781905.24,72.97,3.942,140.1289205
27,26-08-2011,2034400.78,72.88,3.906,140.1629528
27,02-09-2011,1511717.53,71.44,3.879,140.196985
27,09-09-2011,1911470.84,70.93,3.93,140.2310173
27,16-09-2011,1613773.9,69.65,3.937,140.2735
27,23-09-2011,1606208.68,63.61,3.899,140.32725
27,30-09-2011,1599626.26,70.92,3.858,140.381
27,07-10-2011,1672339.27,56.91,3.775,140.43475
27,14-10-2011,1682652.51,64.78,3.744,140.4784194
27,21-10-2011,1689591.44,59.62,3.757,140.4616048
27,28-10-2011,1710372.4,51.81,3.757,140.4447903
27,04-11-2011,1621109.3,44.46,3.738,140.4279758
27,11-11-2011,1800728.07,49.69,3.719,140.4111613
27,18-11-2011,1723739.44,51.42,3.717,140.4127857
27,25-11-2011,2504400.71,47.88,3.689,140.4217857
27,02-12-2011,1806924.74,50.55,3.666,140.4307857
27,09-12-2011,2014665.98,46.28,3.627,140.4397857
27,16-12-2011,2205919.86,40.68,3.611,140.4700795
27,23-12-2011,2739019.75,41.59,3.587,140.528765
27,30-12-2011,1650604.6,37.85,3.566,140.5874505
27,06-01-2012,1535287.4,35.8,3.585,140.6461359
27,13-01-2012,1492399.13,41.3,3.666,140.7048214
27,20-01-2012,1542131.05,30.35,3.705,140.8086118
27,27-01-2012,1263534.86,36.96,3.737,140.9124021
27,03-02-2012,1564246.02,42.52,3.796,141.0161924
27,10-02-2012,1651605.35,37.86,3.826,141.1199827
27,17-02-2012,1606221.56,37.24,3.874,141.2140357
27,24-02-2012,1648602.39,41.74,3.917,141.3007857
27,02-03-2012,1509323.09,40.07,3.983,141.3875357
27,09-03-2012,1607343.41,44.32,4.021,141.4742857
27,16-03-2012,1635984.07,49.6,4.021,141.55478
27,23-03-2012,1620839.34,57.3,4.054,141.6269332
27,30-03-2012,1615494.14,49.4,4.098,141.6990864
27,06-04-2012,1899013.34,48.73,4.143,141.7712396
27,13-04-2012,1650405.21,52.22,4.187,141.8433929
27,20-04-2012,1639999.47,62.62,4.17,141.9015262
27,27-04-2012,1565498.84,52.33,4.163,141.9596595
27,04-05-2012,1669388.45,53.68,4.124,142.0177929
27,11-05-2012,1674306.31,58.97,4.055,142.0759262
27,18-05-2012,1707158.82,65.15,4.029,142.0970115
27,25-05-2012,1818906.73,64.77,3.979,142.1032776
27,01-06-2012,1900638.6,73.4,3.915,142.1095438
27,08-06-2012,1764756.31,64.05,3.871,142.1158099
27,15-06-2012,1773500.56,69.52,3.786,142.1292548
27,22-06-2012,1837884.79,73.23,3.722,142.1606464
27,29-06-2012,1842555.32,73.94,3.667,142.1920381
27,06-07-2012,2062224.92,82.08,3.646,142.2234298
27,13-07-2012,1755889.53,78.95,3.689,142.2548214
27,20-07-2012,1730913.66,78.64,3.732,142.2337569
27,27-07-2012,1625883.71,76.01,3.82,142.2126924
27,03-08-2012,1705810.84,75.22,3.819,142.1916279
27,10-08-2012,1720537.26,78.44,3.863,142.1705634
27,17-08-2012,1735339.59,76.51,3.963,142.2157385
27,24-08-2012,1780443.36,72.93,3.997,142.3105933
27,31-08-2012,1731935.43,75.0,4.026,142.4054482
27,07-09-2012,1840955.23,76.0,4.076,142.500303
27,14-09-2012,1519604.5,68.72,4.088,142.5938833
27,21-09-2012,1557485.75,66.1,4.203,142.6798167
27,28-09-2012,1540687.63,64.92,4.158,142.76575
27,05-10-2012,1591816.88,64.5,4.151,142.8516833
27,12-10-2012,1660081.29,55.4,4.186,142.9376167
27,19-10-2012,1620374.24,56.53,4.153,142.8633629
27,26-10-2012,1703047.74,58.99,4.071,142.7624113
28,05-02-2010,1672352.29,49.47,2.962,126.4420645
28,12-02-2010,1558968.49,47.87,2.946,126.4962581
28,19-02-2010,1491300.42,54.83,2.915,126.5262857
28,26-02-2010,1542173.33,50.23,2.825,126.5522857
28,05-03-2010,1608435.45,53.77,2.987,126.5782857
28,12-03-2010,1326877.11,50.11,2.925,126.6042857
28,19-03-2010,1279819.43,59.57,3.054,126.6066452
28,26-03-2010,1245268.77,60.06,3.083,126.6050645
28,02-04-2010,1441559.4,59.84,3.086,126.6034839
28,09-04-2010,1382359.21,59.25,3.09,126.6019032
28,16-04-2010,1268240.66,64.95,3.109,126.5621
28,23-04-2010,1244177.21,64.55,3.05,126.4713333
28,30-04-2010,1186971.02,67.38,3.105,126.3805667
28,07-05-2010,1532893.22,70.15,3.127,126.2898
28,14-05-2010,1245898.73,68.44,3.145,126.2085484
28,21-05-2010,1217923.71,76.2,3.12,126.1843871
28,28-05-2010,1176588.25,67.84,3.058,126.1602258
28,04-06-2010,1543678.02,81.39,2.941,126.1360645
28,11-06-2010,1348995.17,90.84,2.949,126.1119032
28,18-06-2010,1267619.06,81.06,3.043,126.114
28,25-06-2010,1231025.07,87.27,3.084,126.1266
28,02-07-2010,1399960.15,91.98,3.105,126.1392
28,09-07-2010,1340293.87,90.37,3.1,126.1518
28,16-07-2010,1225336.41,97.18,3.094,126.1498065
28,23-07-2010,1205884.98,99.22,3.112,126.1283548
28,30-07-2010,1150204.71,96.31,3.017,126.1069032
28,06-08-2010,1523101.38,92.95,3.123,126.0854516
28,13-08-2010,1218688.09,87.01,3.159,126.064
28,20-08-2010,1195897.6,92.81,3.041,126.0766452
28,27-08-2010,1191585.92,93.19,3.129,126.0892903
28,03-09-2010,1523410.71,83.12,3.087,126.1019355
28,10-09-2010,1246062.17,83.63,3.044,126.1145806
28,17-09-2010,1159812.35,82.45,3.028,126.1454667
28,24-09-2010,1111797.21,81.77,2.939,126.1900333
28,01-10-2010,1203080.41,85.2,3.001,126.2346
28,08-10-2010,1334571.87,71.82,3.013,126.2791667
28,15-10-2010,1158062.99,75.0,2.976,126.3266774
28,22-10-2010,1120619.32,68.85,3.014,126.3815484
28,29-10-2010,1231688.48,61.09,3.016,126.4364194
28,05-11-2010,1501663.26,65.49,3.129,126.4912903
28,12-11-2010,1266460.45,57.79,3.13,126.5461613
28,19-11-2010,1179315.72,58.18,3.161,126.6072
28,26-11-2010,1937033.5,47.66,3.162,126.6692667
28,03-12-2010,1447916.29,43.33,3.041,126.7313333
28,10-12-2010,1466164.49,50.01,3.203,126.7934
28,17-12-2010,1510443.62,52.77,3.236,126.8794839
28,24-12-2010,2026026.39,52.02,3.236,126.9835806
28,31-12-2010,1090558.57,45.64,3.148,127.0876774
28,07-01-2011,1402902.47,37.64,3.287,127.1917742
28,14-01-2011,1098286.61,43.15,3.312,127.3009355
28,21-01-2011,1079669.11,53.53,3.223,127.4404839
28,28-01-2011,1127859.69,50.74,3.342,127.5800323
28,04-02-2011,1564897.32,45.14,3.348,127.7195806
28,11-02-2011,1397301.38,51.3,3.381,127.859129
28,18-02-2011,1514828.82,53.35,3.43,127.99525
28,25-02-2011,1311796.91,48.45,3.53,128.13
28,04-03-2011,1723736.91,51.72,3.674,128.26475
28,11-03-2011,1380836.35,57.75,3.818,128.3995
28,18-03-2011,1286413.71,64.21,3.692,128.5121935
28,25-03-2011,1201059.72,54.4,3.909,128.6160645
28,01-04-2011,1336838.41,63.63,3.772,128.7199355
28,08-04-2011,1414713.5,64.47,4.003,128.8238065
28,15-04-2011,1240126.07,57.63,3.868,128.9107333
28,22-04-2011,1297452.0,72.12,4.134,128.9553
28,29-04-2011,1222367.9,68.27,4.151,128.9998667
28,06-05-2011,1515890.38,68.4,4.193,129.0444333
28,13-05-2011,1253316.3,70.93,4.202,129.089
28,20-05-2011,1151282.31,66.59,4.169,129.0756774
28,27-05-2011,1160043.98,76.67,4.087,129.0623548
28,03-06-2011,1403779.25,71.81,4.031,129.0490323
28,10-06-2011,1339972.83,78.72,3.981,129.0357097
28,17-06-2011,1268503.49,86.84,3.935,129.0432
28,24-06-2011,1208809.34,88.95,3.898,129.0663
28,01-07-2011,1319054.57,89.85,3.842,129.0894
28,08-07-2011,1459655.85,89.9,3.705,129.1125
28,15-07-2011,1197373.13,88.1,3.692,129.1338387
28,22-07-2011,1165870.54,91.17,3.794,129.1507742
28,29-07-2011,1114530.29,93.29,3.805,129.1677097
28,05-08-2011,1523870.89,90.61,3.803,129.1846452
28,12-08-2011,1218764.94,91.04,3.701,129.2015806
28,19-08-2011,1200019.74,91.74,3.743,129.2405806
28,26-08-2011,1166479.51,94.61,3.74,129.2832581
28,02-09-2011,1468871.49,93.66,3.798,129.3259355
28,09-09-2011,1310087.0,88.0,3.913,129.3686129
28,16-09-2011,1159212.1,76.36,3.918,129.4306
28,23-09-2011,1109105.92,82.95,3.789,129.5183333
28,30-09-2011,1120731.76,83.26,3.877,129.6060667
28,07-10-2011,1557314.58,70.44,3.827,129.6938
28,14-10-2011,1220984.94,67.31,3.805,129.7706452
28,21-10-2011,1203172.05,73.05,3.842,129.7821613
28,28-10-2011,1242746.06,67.41,3.727,129.7936774
28,04-11-2011,1576654.67,59.77,3.828,129.8051935
28,11-11-2011,1402654.95,48.76,3.824,129.8167097
28,18-11-2011,1255081.22,54.2,3.813,129.8268333
28,25-11-2011,1929738.27,53.25,3.622,129.8364
28,02-12-2011,1368130.35,52.5,3.701,129.8459667
28,09-12-2011,1467024.3,42.17,3.644,129.8555333
28,16-12-2011,1429954.66,43.29,3.6,129.8980645
28,23-12-2011,1796203.51,45.4,3.541,129.9845484
28,30-12-2011,1270036.53,44.64,3.428,130.0710323
28,06-01-2012,1466046.07,50.43,3.599,130.1575161
28,13-01-2012,1161190.29,48.07,3.657,130.244
28,20-01-2012,1129540.48,46.2,3.66,130.2792258
28,27-01-2012,1132948.48,50.43,3.675,130.3144516
28,03-02-2012,1531599.44,50.58,3.702,130.3496774
28,10-02-2012,1572966.15,52.27,3.722,130.3849032
28,17-02-2012,1501503.68,51.8,3.781,130.4546207
28,24-02-2012,1323487.91,53.13,3.95,130.5502069
28,02-03-2012,1451740.57,52.27,4.178,130.6457931
28,09-03-2012,1680764.06,54.54,4.25,130.7413793
28,16-03-2012,1337875.49,64.44,4.273,130.8261935
28,23-03-2012,1216059.41,56.26,4.038,130.8966452
28,30-03-2012,1209524.11,64.36,4.294,130.9670968
28,06-04-2012,1559592.79,64.05,4.121,131.0375484
28,13-04-2012,1290684.95,64.28,4.254,131.108
28,20-04-2012,1180797.2,66.73,4.222,131.1173333
28,27-04-2012,1170456.16,77.99,4.193,131.1266667
28,04-05-2012,1450628.85,76.03,4.171,131.136
28,11-05-2012,1264575.18,77.27,4.186,131.1453333
28,18-05-2012,1213310.45,84.51,4.11,131.0983226
28,25-05-2012,1151214.41,83.84,4.293,131.0287742
28,01-06-2012,1245480.95,78.11,4.277,130.9592258
28,08-06-2012,1440687.69,84.83,4.103,130.8896774
28,15-06-2012,1229760.97,85.94,4.144,130.8295333
28,22-06-2012,1180671.55,91.61,4.014,130.7929
28,29-06-2012,1129031.98,90.47,3.875,130.7562667
28,06-07-2012,1500863.54,89.13,3.765,130.7196333
28,13-07-2012,1179915.04,95.61,3.723,130.683
28,20-07-2012,1149427.48,85.53,3.726,130.7012903
28,27-07-2012,1135035.09,93.47,3.769,130.7195806
28,03-08-2012,1376520.1,88.16,3.76,130.737871
28,10-08-2012,1269113.41,95.91,3.811,130.7561613
28,17-08-2012,1184198.41,94.87,4.002,130.7909677
28,24-08-2012,1199309.59,85.32,4.055,130.8381613
28,31-08-2012,1227118.75,89.78,4.093,130.8853548
28,07-09-2012,1469693.99,88.52,4.124,130.9325484
28,14-09-2012,1124660.77,83.64,4.133,130.9776667
28,21-09-2012,1135340.19,82.97,4.125,131.0103333
28,28-09-2012,1129508.61,81.22,3.966,131.043
28,05-10-2012,1462941.03,81.61,3.966,131.0756667
28,12-10-2012,1205536.71,71.74,4.468,131.1083333
28,19-10-2012,1143724.48,68.66,4.449,131.1499677
28,26-10-2012,1213860.61,65.95,4.301,131.1930968
29,05-02-2010,538634.46,24.36,2.788,131.5279032
29,12-02-2010,529672.95,28.14,2.771,131.5866129
29,19-02-2010,542399.07,31.96,2.747,131.637
29,26-02-2010,488417.61,35.98,2.753,131.686
29,05-03-2010,535087.91,36.82,2.766,131.735
29,12-03-2010,519042.49,43.43,2.805,131.784
29,19-03-2010,496851.6,46.03,2.834,131.8242903
29,26-03-2010,552985.34,48.56,2.831,131.863129
29,02-04-2010,599629.25,44.96,2.826,131.9019677
29,09-04-2010,569937.23,57.06,2.849,131.9408065
29,16-04-2010,509100.84,51.14,2.885,131.9809
29,23-04-2010,505329.66,51.04,2.895,132.0226667
29,30-04-2010,501013.47,50.96,2.935,132.0644333
29,07-05-2010,568497.35,63.81,2.981,132.1062
29,14-05-2010,518940.88,50.99,2.983,132.152129
29,21-05-2010,502021.82,59.99,2.961,132.2230323
29,28-05-2010,577627.66,65.64,2.906,132.2939355
29,04-06-2010,588017.66,69.49,2.857,132.3648387
29,11-06-2010,540716.58,65.01,2.83,132.4357419
29,18-06-2010,558731.74,67.13,2.805,132.4733333
29,25-06-2010,585548.79,74.37,2.81,132.4976
29,02-07-2010,581473.55,72.88,2.815,132.5218667
29,09-07-2010,563449.43,79.22,2.806,132.5461333
29,16-07-2010,512292.01,76.3,2.796,132.5667742
29,23-07-2010,506502.09,76.91,2.784,132.5825806
29,30-07-2010,509872.77,76.35,2.792,132.5983871
29,06-08-2010,519787.93,74.37,2.792,132.6141935
29,13-08-2010,495269.0,74.75,2.81,132.63
29,20-08-2010,531640.19,73.21,2.796,132.6616129
29,27-08-2010,545766.13,68.99,2.77,132.6932258
29,03-09-2010,579272.38,75.85,2.735,132.7248387
29,10-09-2010,491290.37,68.6,2.717,132.7564516
29,17-09-2010,463752.89,62.49,2.716,132.7670667
29,24-09-2010,465338.41,65.14,2.718,132.7619333
29,01-10-2010,474698.01,69.31,2.717,132.7568
29,08-10-2010,530059.06,56.32,2.776,132.7516667
29,15-10-2010,483011.69,55.23,2.878,132.7633548
29,22-10-2010,505221.17,50.24,2.919,132.8170968
29,29-10-2010,527058.59,57.73,2.938,132.8708387
29,05-11-2010,521002.97,44.34,2.938,132.9245806
29,12-11-2010,524450.7,44.42,2.961,132.9783226
29,19-11-2010,508174.55,48.62,3.03,132.9172
29,26-11-2010,975268.91,44.61,3.07,132.8369333
29,03-12-2010,642678.53,39.42,3.065,132.7566667
29,10-12-2010,713834.74,28.43,3.132,132.6764
29,17-12-2010,850538.25,30.46,3.139,132.6804516
29,24-12-2010,1130926.79,29.76,3.15,132.7477419
29,31-12-2010,465992.02,28.49,3.177,132.8150323
29,07-01-2011,455952.18,32.56,3.193,132.8823226
29,14-01-2011,426905.26,24.76,3.215,132.9510645
29,21-01-2011,445134.15,26.8,3.232,133.0285161
29,28-01-2011,410426.97,20.61,3.243,133.1059677
29,04-02-2011,504126.89,26.39,3.24,133.1834194
29,11-02-2011,550387.78,28.89,3.255,133.260871
29,18-02-2011,542529.21,35.34,3.263,133.3701429
29,25-02-2011,483660.15,30.23,3.281,133.4921429
29,04-03-2011,536031.67,33.52,3.437,133.6141429
29,11-03-2011,493430.45,41.42,3.6,133.7361429
29,18-03-2011,493653.43,43.38,3.634,133.8492258
29,25-03-2011,478773.05,38.77,3.624,133.9587419
29,01-04-2011,475615.26,36.04,3.638,134.0682581
29,08-04-2011,505304.33,44.42,3.72,134.1777742
29,15-04-2011,518245.97,48.88,3.823,134.2784667
29,22-04-2011,589252.69,47.76,3.919,134.3571
29,29-04-2011,493078.64,57.2,3.988,134.4357333
29,06-05-2011,534372.53,53.63,4.078,134.5143667
29,13-05-2011,549551.02,57.71,4.095,134.593
29,20-05-2011,492932.51,58.56,4.101,134.6803871
29,27-05-2011,550735.64,62.59,4.034,134.7677742
29,03-06-2011,598251.57,70.09,3.973,134.8551613
29,10-06-2011,558431.44,69.53,3.924,134.9425484
29,17-06-2011,536914.17,63.97,3.873,135.0837333
29,24-06-2011,545368.17,68.53,3.851,135.2652667
29,01-07-2011,567114.6,70.8,3.815,135.4468
29,08-07-2011,547586.07,74.22,3.784,135.6283333
29,15-07-2011,505246.15,75.2,3.827,135.7837419
29,22-07-2011,507335.75,77.79,3.882,135.8738387
29,29-07-2011,474653.06,75.32,3.898,135.9639355
29,05-08-2011,503486.37,75.33,3.903,136.0540323
29,12-08-2011,471311.5,74.69,3.88,136.144129
29,19-08-2011,498056.0,71.3,3.82,136.183129
29,26-08-2011,608294.98,72.22,3.796,136.2136129
29,02-09-2011,497085.91,69.16,3.784,136.2440968
29,09-09-2011,505406.72,69.14,3.809,136.2745806
29,16-09-2011,474129.35,68.08,3.809,136.3145
29,23-09-2011,475696.37,62.36,3.758,136.367
29,30-09-2011,446516.26,69.78,3.684,136.4195
29,07-10-2011,514993.0,56.44,3.633,136.472
29,14-10-2011,475776.45,62.63,3.583,136.5150968
29,21-10-2011,505068.22,59.3,3.618,136.5017742
29,28-10-2011,515119.64,49.31,3.604,136.4884516
29,04-11-2011,620735.72,42.81,3.586,136.475129
29,11-11-2011,531600.62,47.8,3.57,136.4618065
29,18-11-2011,504601.29,50.62,3.571,136.4666667
29,25-11-2011,913165.19,46.28,3.536,136.4788
29,02-12-2011,579874.22,49.11,3.501,136.4909333
29,09-12-2011,633240.53,45.35,3.47,136.5030667
29,16-12-2011,736805.66,39.11,3.445,136.5335161
29,23-12-2011,1016637.39,39.83,3.413,136.5883871
29,30-12-2011,551743.05,36.28,3.402,136.6432581
29,06-01-2012,469773.85,34.61,3.439,136.698129
29,13-01-2012,444756.37,39.0,3.523,136.753
29,20-01-2012,446863.31,29.16,3.542,136.8564194
29,27-01-2012,395987.24,35.68,3.568,136.9598387
29,03-02-2012,493159.35,40.58,3.633,137.0632581
29,10-02-2012,545840.05,35.68,3.655,137.1666774
29,17-02-2012,559606.91,36.25,3.703,137.2583103
29,24-02-2012,488782.63,39.0,3.751,137.3411034
29,02-03-2012,500801.72,37.47,3.827,137.4238966
29,09-03-2012,504750.35,41.72,3.876,137.5066897
29,16-03-2012,489293.72,46.06,3.867,137.5843871
29,23-03-2012,517408.48,54.68,3.889,137.6552903
29,30-03-2012,504566.28,46.4,3.921,137.7261935
29,06-04-2012,633826.55,46.38,3.957,137.7970968
29,13-04-2012,520493.83,49.89,4.025,137.868
29,20-04-2012,525200.59,58.81,4.046,137.9230667
29,27-04-2012,497250.22,51.42,4.023,137.9781333
29,04-05-2012,504963.84,50.75,3.991,138.0332
29,11-05-2012,529707.87,56.72,3.947,138.0882667
29,18-05-2012,543706.04,61.9,3.899,138.1065806
29,25-05-2012,549665.67,62.39,3.85,138.1101935
29,01-06-2012,576252.35,70.01,3.798,138.1138065
29,08-06-2012,554093.15,61.71,3.746,138.1174194
29,15-06-2012,552338.76,66.56,3.683,138.1295333
29,22-06-2012,581854.5,70.61,3.629,138.1629
29,29-06-2012,555954.13,70.99,3.577,138.1962667
29,06-07-2012,578832.41,77.41,3.538,138.2296333
29,13-07-2012,514709.76,75.81,3.561,138.263
29,20-07-2012,506705.36,76.57,3.61,138.2331935
29,27-07-2012,475158.24,73.52,3.701,138.2033871
29,03-08-2012,504754.74,72.99,3.698,138.1735806
29,10-08-2012,518628.42,76.74,3.772,138.1437742
29,17-08-2012,416881.66,74.92,3.84,138.1857097
29,24-08-2012,615026.15,70.42,3.874,138.2814516
29,31-08-2012,545844.91,71.93,3.884,138.3771935
29,07-09-2012,540811.85,73.3,3.921,138.4729355
29,14-09-2012,475127.18,66.42,3.988,138.5673
29,21-09-2012,489079.23,63.38,4.056,138.6534
29,28-09-2012,489674.23,62.17,4.018,138.7395
29,05-10-2012,520632.8,62.09,4.027,138.8256
29,12-10-2012,513737.0,54.18,4.029,138.9117
29,19-10-2012,516909.24,55.28,4.0,138.8336129
29,26-10-2012,534970.68,57.58,3.917,138.7281613
30,05-02-2010,465108.52,39.05,2.572,210.7526053
30,12-02-2010,497374.57,37.77,2.548,210.8979935
30,19-02-2010,463513.26,39.75,2.514,210.9451605
30,26-02-2010,472330.71,45.31,2.561,210.9759573
30,05-03-2010,472591.07,48.61,2.625,211.0067542
30,12-03-2010,468189.93,57.1,2.667,211.037551
30,19-03-2010,445736.36,54.68,2.72,210.8733316
30,26-03-2010,442457.35,51.66,2.732,210.6766095
30,02-04-2010,457884.06,64.12,2.719,210.4798874
30,09-04-2010,454800.96,65.74,2.77,210.2831653
30,16-04-2010,471054.16,67.87,2.808,210.1495463
30,23-04-2010,462454.39,64.21,2.795,210.1000648
30,30-04-2010,456140.34,66.93,2.78,210.0505833
30,07-05-2010,457883.94,70.87,2.835,210.0011018
30,14-05-2010,461868.09,73.08,2.854,209.9984585
30,21-05-2010,455751.84,74.24,2.826,210.2768443
30,28-05-2010,462474.16,80.94,2.759,210.5552301
30,04-06-2010,458343.7,82.68,2.705,210.833616
30,11-06-2010,445530.16,83.51,2.668,211.1120018
30,18-06-2010,447727.52,86.18,2.637,211.1096543
30,25-06-2010,453210.24,87.01,2.653,210.9950134
30,02-07-2010,450337.47,82.29,2.669,210.8803726
30,09-07-2010,436293.4,81.67,2.642,210.7657317
30,16-07-2010,438068.71,85.61,2.623,210.7577954
30,23-07-2010,440491.33,87.17,2.608,210.8921319
30,30-07-2010,437893.76,83.59,2.64,211.0264684
30,06-08-2010,441407.06,90.3,2.627,211.1608049
30,13-08-2010,444160.07,89.65,2.692,211.2951413
30,20-08-2010,447139.8,89.58,2.664,211.2596586
30,27-08-2010,443810.78,86.2,2.619,211.2241759
30,03-09-2010,461548.98,82.57,2.577,211.1886931
30,10-09-2010,455162.92,79.3,2.565,211.1532104
30,17-09-2010,462058.19,83.03,2.582,211.1806415
30,24-09-2010,448392.17,80.79,2.624,211.2552578
30,01-10-2010,445475.3,70.28,2.603,211.3298742
30,08-10-2010,462080.47,65.76,2.633,211.4044906
30,15-10-2010,453943.89,68.61,2.72,211.4713286
30,22-10-2010,459631.74,70.72,2.725,211.5187208
30,29-10-2010,438334.39,67.51,2.716,211.5661131
30,05-11-2010,484661.87,58.71,2.689,211.6135053
30,12-11-2010,431266.64,60.95,2.728,211.6608975
30,19-11-2010,423707.69,51.71,2.771,211.5470304
30,26-11-2010,462732.36,62.96,2.735,211.4062867
30,03-12-2010,407112.22,50.43,2.708,211.265543
30,10-12-2010,428631.91,46.35,2.843,211.1247993
30,17-12-2010,445332.28,48.63,2.869,211.0645458
30,24-12-2010,519354.88,51.29,2.886,211.0646599
30,31-12-2010,397631.02,47.19,2.943,211.064774
30,07-01-2011,451077.21,44.24,2.976,211.0648881
30,14-01-2011,465408.72,34.14,2.983,211.1176713
30,21-01-2011,439132.62,42.72,3.016,211.4864691
30,28-01-2011,425989.04,44.04,3.01,211.8552668
30,04-02-2011,490970.95,36.33,2.989,212.2240646
30,11-02-2011,470921.24,34.61,3.022,212.5928624
30,18-02-2011,417070.51,59.87,3.045,212.9033115
30,25-02-2011,432687.97,61.27,3.065,213.190421
30,04-03-2011,443334.71,59.52,3.288,213.4775305
30,11-03-2011,438529.81,54.69,3.459,213.7646401
30,18-03-2011,425470.84,63.26,3.488,214.0156238
30,25-03-2011,431754.01,70.33,3.473,214.2521573
30,01-04-2011,437926.79,56.36,3.524,214.4886908
30,08-04-2011,443889.5,68.62,3.622,214.7252242
30,15-04-2011,426666.92,71.01,3.743,214.9420631
30,22-04-2011,445358.73,70.79,3.807,215.1096657
30,29-04-2011,423687.2,70.19,3.81,215.2772683
30,06-05-2011,438789.52,61.87,3.906,215.4448709
30,13-05-2011,424614.59,75.04,3.899,215.6124735
30,20-05-2011,435102.2,68.36,3.907,215.3834778
30,27-05-2011,429305.82,76.86,3.786,215.1544822
30,03-06-2011,432808.48,83.82,3.699,214.9254865
30,10-06-2011,424697.05,84.71,3.648,214.6964908
30,17-06-2011,435481.03,87.54,3.637,214.6513538
30,24-06-2011,422715.74,85.72,3.594,214.7441108
30,01-07-2011,428782.38,87.57,3.524,214.8368678
30,08-07-2011,419764.37,89.16,3.48,214.9296249
30,15-07-2011,420515.63,91.05,3.575,215.0134426
30,22-07-2011,423441.76,90.27,3.651,215.0749122
30,29-07-2011,414245.96,91.56,3.682,215.1363819
30,05-08-2011,431798.64,94.22,3.684,215.1978515
30,12-08-2011,412224.67,92.32,3.638,215.2593211
30,19-08-2011,414450.61,90.11,3.554,215.3229307
30,26-08-2011,387944.83,92.07,3.523,215.386897
30,02-09-2011,369722.32,91.94,3.533,215.4508632
30,09-09-2011,370897.82,78.87,3.546,215.5148295
30,16-09-2011,382914.66,80.62,3.526,215.6944378
30,23-09-2011,391837.56,75.68,3.467,216.0282356
30,30-09-2011,387001.13,78.91,3.355,216.3620333
30,07-10-2011,417528.26,71.64,3.285,216.6958311
30,14-10-2011,410711.99,69.79,3.274,217.0048261
30,21-10-2011,428958.53,65.16,3.353,217.1650042
30,28-10-2011,426151.88,65.46,3.372,217.3251824
30,04-11-2011,432359.04,56.01,3.332,217.4853605
30,11-11-2011,409686.63,59.8,3.297,217.6455387
30,18-11-2011,436462.63,61.9,3.308,217.8670218
30,25-11-2011,452163.93,56.43,3.236,218.1130269
30,02-12-2011,412385.75,48.72,3.172,218.3590319
30,09-12-2011,436741.02,41.44,3.158,218.605037
30,16-12-2011,441265.08,50.56,3.159,218.8217928
30,23-12-2011,492022.68,46.54,3.112,218.9995495
30,30-12-2011,376777.45,45.16,3.129,219.1773063
30,06-01-2012,457030.86,48.1,3.157,219.355063
30,13-01-2012,447023.91,45.0,3.261,219.5328198
30,20-01-2012,438760.62,52.21,3.268,219.6258417
30,27-01-2012,433037.66,50.79,3.29,219.7188636
30,03-02-2012,434080.74,55.83,3.36,219.8118854
30,10-02-2012,451365.99,46.52,3.409,219.9049073
30,17-02-2012,435109.11,45.03,3.51,220.0651993
30,24-02-2012,425215.71,54.81,3.555,220.275944
30,02-03-2012,438640.61,59.3,3.63,220.4866886
30,09-03-2012,446617.89,57.16,3.669,220.6974332
30,16-03-2012,413617.45,63.39,3.734,220.8498468
30,23-03-2012,430222.97,62.96,3.787,220.9244858
30,30-03-2012,449603.91,67.87,3.845,220.9991248
30,06-04-2012,461511.92,69.02,3.891,221.0737638
30,13-04-2012,428784.7,69.03,3.891,221.1484028
30,20-04-2012,462909.41,66.97,3.877,221.2021074
30,27-04-2012,433744.83,69.21,3.814,221.255812
30,04-05-2012,454477.54,77.53,3.749,221.3095166
30,11-05-2012,436070.45,74.14,3.688,221.3632212
30,18-05-2012,460945.14,72.42,3.63,221.380331
30,25-05-2012,449355.91,79.49,3.561,221.3828029
30,01-06-2012,427021.18,79.24,3.501,221.3852748
30,08-06-2012,437222.94,79.47,3.452,221.3877467
30,15-06-2012,438523.24,81.51,3.393,221.4009901
30,22-06-2012,428554.63,81.78,3.346,221.4411622
30,29-06-2012,423192.4,88.05,3.286,221.4813343
30,06-07-2012,440553.42,85.26,3.227,221.5215064
30,13-07-2012,417640.34,82.51,3.256,221.5616784
30,20-07-2012,427491.04,84.25,3.311,221.5701123
30,27-07-2012,424581.17,88.09,3.407,221.5785461
30,03-08-2012,425136.55,91.57,3.417,221.5869799
30,10-08-2012,430878.28,89.57,3.494,221.5954138
30,17-08-2012,423351.15,85.55,3.571,221.6751459
30,24-08-2012,425296.65,77.72,3.62,221.8083518
30,31-08-2012,439132.5,83.58,3.638,221.9415576
30,07-09-2012,433565.77,88.4,3.73,222.0747635
30,14-09-2012,437773.31,76.1,3.717,222.2174395
30,21-09-2012,443891.64,71.54,3.721,222.4169362
30,28-09-2012,425410.04,80.38,3.666,222.6164329
30,05-10-2012,446751.45,70.28,3.617,222.8159296
30,12-10-2012,434593.26,61.53,3.601,223.0154263
30,19-10-2012,437537.29,68.52,3.594,223.0598077
30,26-10-2012,439424.5,70.5,3.506,223.0783366
31,05-02-2010,1469252.05,39.05,2.572,210.7526053
31,12-02-2010,1543947.23,37.77,2.548,210.8979935
31,19-02-2010,1473386.75,39.75,2.514,210.9451605
31,26-02-2010,1344354.41,45.31,2.561,210.9759573
31,05-03-2010,1384870.51,48.61,2.625,211.0067542
31,12-03-2010,1366193.35,57.1,2.667,211.037551
31,19-03-2010,1332261.01,54.68,2.72,210.8733316
31,26-03-2010,1229635.7,51.66,2.732,210.6766095
31,02-04-2010,1357600.68,64.12,2.719,210.4798874
31,09-04-2010,1395710.09,65.74,2.77,210.2831653
31,16-04-2010,1367448.28,67.87,2.808,210.1495463
31,23-04-2010,1280465.8,64.21,2.795,210.1000648
31,30-04-2010,1243200.24,66.93,2.78,210.0505833
31,07-05-2010,1381796.8,70.87,2.835,210.0011018
31,14-05-2010,1287288.59,73.08,2.854,209.9984585
31,21-05-2010,1337405.6,74.24,2.826,210.2768443
31,28-05-2010,1309437.17,80.94,2.759,210.5552301
31,04-06-2010,1427624.5,82.68,2.705,210.833616
31,11-06-2010,1377092.33,83.51,2.668,211.1120018
31,18-06-2010,1368090.08,86.18,2.637,211.1096543
31,25-06-2010,1303523.73,87.01,2.653,210.9950134
31,02-07-2010,1311704.92,82.29,2.669,210.8803726
31,09-07-2010,1315118.4,81.67,2.642,210.7657317
31,16-07-2010,1335433.72,85.61,2.623,210.7577954
31,23-07-2010,1276031.84,87.17,2.608,210.8921319
31,30-07-2010,1231993.14,83.59,2.64,211.0264684
31,06-08-2010,1352401.08,90.3,2.627,211.1608049
31,13-08-2010,1327719.34,89.65,2.692,211.2951413
31,20-08-2010,1376571.21,89.58,2.664,211.2596586
31,27-08-2010,1326621.98,86.2,2.619,211.2241759
31,03-09-2010,1302047.48,82.57,2.577,211.1886931
31,10-09-2010,1308179.02,79.3,2.565,211.1532104
31,17-09-2010,1294105.01,83.03,2.582,211.1806415
31,24-09-2010,1230250.25,80.79,2.624,211.2552578
31,01-10-2010,1213981.64,70.28,2.603,211.3298742
31,08-10-2010,1300131.68,65.76,2.633,211.4044906
31,15-10-2010,1265852.43,68.61,2.72,211.4713286
31,22-10-2010,1262289.29,70.72,2.725,211.5187208
31,29-10-2010,1257921.28,67.51,2.716,211.5661131
31,05-11-2010,1324455.72,58.71,2.689,211.6135053
31,12-11-2010,1352780.76,60.95,2.728,211.6608975
31,19-11-2010,1359158.57,51.71,2.771,211.5470304
31,26-11-2010,1858856.06,62.96,2.735,211.4062867
31,03-12-2010,1338716.37,50.43,2.708,211.265543
31,10-12-2010,1475685.1,46.35,2.843,211.1247993
31,17-12-2010,1714667.0,48.63,2.869,211.0645458
31,24-12-2010,2068942.97,51.29,2.886,211.0646599
31,31-12-2010,1198071.6,47.19,2.943,211.064774
31,07-01-2011,1311986.87,44.24,2.976,211.0648881
31,14-01-2011,1350730.31,34.14,2.983,211.1176713
31,21-01-2011,1344167.13,42.72,3.016,211.4864691
31,28-01-2011,1254955.68,44.04,3.01,211.8552668
31,04-02-2011,1443206.46,36.33,2.989,212.2240646
31,11-02-2011,1539230.32,34.61,3.022,212.5928624
31,18-02-2011,1539063.91,59.87,3.045,212.9033115
31,25-02-2011,1365678.22,61.27,3.065,213.190421
31,04-03-2011,1412721.18,59.52,3.288,213.4775305
31,11-03-2011,1405572.93,54.69,3.459,213.7646401
31,18-03-2011,1425559.02,63.26,3.488,214.0156238
31,25-03-2011,1357036.1,70.33,3.473,214.2521573
31,01-04-2011,1344890.73,56.36,3.524,214.4886908
31,08-04-2011,1416790.17,68.62,3.622,214.7252242
31,15-04-2011,1408464.08,71.01,3.743,214.9420631
31,22-04-2011,1461393.91,70.79,3.807,215.1096657
31,29-04-2011,1331137.96,70.19,3.81,215.2772683
31,06-05-2011,1388755.61,61.87,3.906,215.4448709
31,13-05-2011,1408118.22,75.04,3.899,215.6124735
31,20-05-2011,1387365.19,68.36,3.907,215.3834778
31,27-05-2011,1342273.64,76.86,3.786,215.1544822
31,03-06-2011,1430348.1,83.82,3.699,214.9254865
31,10-06-2011,1425299.37,84.71,3.648,214.6964908
31,17-06-2011,1491039.14,87.54,3.637,214.6513538
31,24-06-2011,1375962.46,85.72,3.594,214.7441108
31,01-07-2011,1371889.27,87.57,3.524,214.8368678
31,08-07-2011,1423144.47,89.16,3.48,214.9296249
31,15-07-2011,1415473.91,91.05,3.575,215.0134426
31,22-07-2011,1401944.8,90.27,3.651,215.0749122
31,29-07-2011,1308122.15,91.56,3.682,215.1363819
31,05-08-2011,1428993.33,94.22,3.684,215.1978515
31,12-08-2011,1443311.49,92.32,3.638,215.2593211
31,19-08-2011,1487542.53,90.11,3.554,215.3229307
31,26-08-2011,1417267.07,92.07,3.523,215.386897
31,02-09-2011,1385769.03,91.94,3.533,215.4508632
31,09-09-2011,1376670.27,78.87,3.546,215.5148295
31,16-09-2011,1363460.86,80.62,3.526,215.6944378
31,23-09-2011,1347607.74,75.68,3.467,216.0282356
31,30-09-2011,1285534.74,78.91,3.355,216.3620333
31,07-10-2011,1427383.24,71.64,3.285,216.6958311
31,14-10-2011,1378340.18,69.79,3.274,217.0048261
31,21-10-2011,1409310.4,65.16,3.353,217.1650042
31,28-10-2011,1346862.72,65.46,3.372,217.3251824
31,04-11-2011,1426405.46,56.01,3.332,217.4853605
31,11-11-2011,1444783.64,59.8,3.297,217.6455387
31,18-11-2011,1445174.79,61.9,3.308,217.8670218
31,25-11-2011,1934099.65,56.43,3.236,218.1130269
31,02-12-2011,1388809.43,48.72,3.172,218.3590319
31,09-12-2011,1556798.94,41.44,3.158,218.605037
31,16-12-2011,1611196.61,50.56,3.159,218.8217928
31,23-12-2011,2026176.14,46.54,3.112,218.9995495
31,30-12-2011,1355405.95,45.16,3.129,219.1773063
31,06-01-2012,1401232.52,48.1,3.157,219.355063
31,13-01-2012,1377485.12,45.0,3.261,219.5328198
31,20-01-2012,1372504.9,52.21,3.268,219.6258417
31,27-01-2012,1259941.48,50.79,3.29,219.7188636
31,03-02-2012,1391479.91,55.83,3.36,219.8118854
31,10-02-2012,1527688.58,46.52,3.409,219.9049073
31,17-02-2012,1570813.52,45.03,3.51,220.0651993
31,24-02-2012,1392543.37,54.81,3.555,220.275944
31,02-03-2012,1427881.22,59.3,3.63,220.4866886
31,09-03-2012,1439034.86,57.16,3.669,220.6974332
31,16-03-2012,1481728.13,63.39,3.734,220.8498468
31,23-03-2012,1365824.97,62.96,3.787,220.9244858
31,30-03-2012,1318854.22,67.87,3.845,220.9991248
31,06-04-2012,1496169.81,69.02,3.891,221.0737638
31,13-04-2012,1407842.91,69.03,3.891,221.1484028
31,20-04-2012,1407036.59,66.97,3.877,221.2021074
31,27-04-2012,1311352.25,69.21,3.814,221.255812
31,04-05-2012,1391257.28,77.53,3.749,221.3095166
31,11-05-2012,1392938.06,74.14,3.688,221.3632212
31,18-05-2012,1441473.82,72.42,3.63,221.380331
31,25-05-2012,1397094.26,79.49,3.561,221.3828029
31,01-06-2012,1404516.29,79.24,3.501,221.3852748
31,08-06-2012,1443285.79,79.47,3.452,221.3877467
31,15-06-2012,1431003.43,81.51,3.393,221.4009901
31,22-06-2012,1394065.76,81.78,3.346,221.4411622
31,29-06-2012,1349202.25,88.05,3.286,221.4813343
31,06-07-2012,1458059.42,85.26,3.227,221.5215064
31,13-07-2012,1374301.34,82.51,3.256,221.5616784
31,20-07-2012,1392395.2,84.25,3.311,221.5701123
31,27-07-2012,1303732.36,88.09,3.407,221.5785461
31,03-08-2012,1390174.63,91.57,3.417,221.5869799
31,10-08-2012,1386472.59,89.57,3.494,221.5954138
31,17-08-2012,1410181.7,85.55,3.571,221.6751459
31,24-08-2012,1379783.21,77.72,3.62,221.8083518
31,31-08-2012,1373651.49,83.58,3.638,221.9415576
31,07-09-2012,1358111.62,88.4,3.73,222.0747635
31,14-09-2012,1327705.44,76.1,3.717,222.2174395
31,21-09-2012,1373064.87,71.54,3.721,222.4169362
31,28-09-2012,1279080.58,80.38,3.666,222.6164329
31,05-10-2012,1363365.05,70.28,3.617,222.8159296
31,12-10-2012,1401113.42,61.53,3.601,223.0154263
31,19-10-2012,1378730.45,68.52,3.594,223.0598077
31,26-10-2012,1340232.55,70.5,3.506,223.0783366
32,05-02-2010,1087616.19,34.43,2.58,189.3816974
32,12-02-2010,1123566.12,28.09,2.572,189.4642725
32,19-02-2010,1082559.06,29.16,2.55,189.5340998
32,26-02-2010,1053247.1,26.64,2.586,189.6018023
32,05-03-2010,1066566.74,37.72,2.62,189.6695049
32,12-03-2010,1093319.37,39.88,2.684,189.7372075
32,19-03-2010,1059781.78,42.43,2.692,189.734262
32,26-03-2010,1076021.58,36.59,2.717,189.7195417
32,02-04-2010,1131732.94,48.28,2.725,189.7048215
32,09-04-2010,1095889.22,44.88,2.75,189.6901012
32,16-04-2010,1082763.27,53.49,2.765,189.6628845
32,23-04-2010,1072474.8,50.06,2.776,189.6190057
32,30-04-2010,1066792.63,47.51,2.766,189.575127
32,07-05-2010,1133657.58,48.94,2.771,189.5312483
32,14-05-2010,1079314.52,46.42,2.788,189.4904116
32,21-05-2010,1143819.35,55.89,2.776,189.467827
32,28-05-2010,1205662.85,64.69,2.737,189.4452425
32,04-06-2010,1149234.96,66.69,2.7,189.422658
32,11-06-2010,1192074.09,70.86,2.684,189.4000734
32,18-06-2010,1150191.72,60.94,2.674,189.4185259
32,25-06-2010,1124763.74,72.42,2.715,189.4533931
32,02-07-2010,1187988.64,74.74,2.728,189.4882603
32,09-07-2010,1077253.67,67.55,2.711,189.5231276
32,16-07-2010,1120172.24,76.2,2.699,189.6125456
32,23-07-2010,1109574.11,75.69,2.691,189.774698
32,30-07-2010,1065350.56,75.62,2.69,189.9368504
32,06-08-2010,1144552.09,72.95,2.69,190.0990028
32,13-08-2010,1157975.68,74.97,2.723,190.2611552
32,20-08-2010,1189887.86,71.46,2.732,190.2948237
32,27-08-2010,1140501.03,74.95,2.731,190.3284922
32,03-09-2010,1095932.51,70.2,2.773,190.3621607
32,10-09-2010,1028635.39,68.44,2.78,190.3958293
32,17-09-2010,1043962.36,67.17,2.8,190.4688287
32,24-09-2010,1067432.1,64.19,2.793,190.5713264
32,01-10-2010,1061089.56,66.14,2.759,190.6738241
32,08-10-2010,1085483.44,61.81,2.745,190.7763218
32,15-10-2010,1096692.88,52.96,2.762,190.8623087
32,22-10-2010,1102185.0,52.3,2.762,190.9070184
32,29-10-2010,1115138.51,45.45,2.748,190.951728
32,05-11-2010,1063056.21,49.2,2.729,190.9964377
32,12-11-2010,1141019.11,42.3,2.737,191.0411474
32,19-11-2010,1150729.89,36.24,2.758,191.0312172
32,26-11-2010,1634635.86,29.97,2.742,191.0121805
32,03-12-2010,1200892.56,35.18,2.712,190.9931437
32,10-12-2010,1377322.73,36.62,2.728,190.9741069
32,17-12-2010,1557776.1,36.07,2.778,191.0303376
32,24-12-2010,1949183.14,30.72,2.781,191.1430189
32,31-12-2010,955463.84,27.7,2.829,191.2557002
32,07-01-2011,1046416.17,23.78,2.882,191.3683815
32,14-01-2011,1028206.51,21.69,2.911,191.4784939
32,21-01-2011,1078348.91,34.54,2.973,191.5731924
32,28-01-2011,1006814.85,34.86,3.008,191.667891
32,04-02-2011,1070457.8,15.47,3.011,191.7625895
32,11-02-2011,1124357.2,18.51,3.037,191.8572881
32,18-02-2011,1183528.58,42.09,3.051,191.9178331
32,25-02-2011,1054754.67,33.0,3.101,191.9647167
32,04-03-2011,1106847.62,39.17,3.232,192.0116004
32,11-03-2011,1101458.21,36.51,3.372,192.058484
32,18-03-2011,1100765.5,45.25,3.406,192.1237981
32,25-03-2011,1068719.22,46.7,3.414,192.1964844
32,01-04-2011,1051121.02,44.83,3.461,192.2691707
32,08-04-2011,1102975.59,48.81,3.532,192.3418571
32,15-04-2011,1120508.14,45.97,3.611,192.4225954
32,22-04-2011,1210602.91,48.69,3.636,192.5234638
32,29-04-2011,1107494.55,44.86,3.663,192.6243322
32,06-05-2011,1181793.55,46.65,3.735,192.7252006
32,13-05-2011,1138162.76,56.09,3.767,192.826069
32,20-05-2011,1145084.76,45.71,3.828,192.831317
32,27-05-2011,1175447.49,55.13,3.795,192.8365651
32,03-06-2011,1167757.0,61.25,3.763,192.8418131
32,10-06-2011,1239741.34,65.49,3.735,192.8470612
32,17-06-2011,1192031.38,67.38,3.697,192.9034759
32,24-06-2011,1163869.52,65.06,3.661,192.9982655
32,01-07-2011,1199845.29,72.86,3.597,193.0930552
32,08-07-2011,1110244.52,72.56,3.54,193.1878448
32,15-07-2011,1144254.26,70.55,3.532,193.3125484
32,22-07-2011,1185674.48,76.0,3.545,193.5120367
32,29-07-2011,1169988.62,75.91,3.547,193.711525
32,05-08-2011,1201694.14,74.83,3.554,193.9110133
32,12-08-2011,1206795.74,74.2,3.542,194.1105017
32,19-08-2011,1221318.17,73.72,3.499,194.2500634
32,26-08-2011,1183740.91,75.64,3.485,194.3796374
32,02-09-2011,1152117.5,74.6,3.511,194.5092113
32,09-09-2011,1128237.3,61.24,3.566,194.6387853
32,16-09-2011,1142499.25,60.88,3.596,194.7419707
32,23-09-2011,1116140.29,58.66,3.581,194.8099713
32,30-09-2011,1088943.98,65.04,3.538,194.8779718
32,07-10-2011,1149448.02,62.62,3.498,194.9459724
32,14-10-2011,1175420.26,50.15,3.491,195.0261012
32,21-10-2011,1151258.74,48.87,3.548,195.1789994
32,28-10-2011,1185391.96,42.76,3.55,195.3318977
32,04-11-2011,1204628.28,37.95,3.527,195.4847959
32,11-11-2011,1182733.0,38.1,3.505,195.6376941
32,18-11-2011,1181651.55,42.61,3.479,195.7184713
32,25-11-2011,1684468.66,40.22,3.424,195.7704
32,02-12-2011,1179773.88,33.8,3.378,195.8223287
32,09-12-2011,1415746.91,17.94,3.331,195.8742575
32,16-12-2011,1556017.91,26.23,3.266,195.9841685
32,23-12-2011,1959526.96,25.97,3.173,196.1713893
32,30-12-2011,1102367.65,32.99,3.119,196.3586101
32,06-01-2012,1099937.25,36.75,3.095,196.5458309
32,13-01-2012,1071598.36,28.99,3.077,196.7330517
32,20-01-2012,1080012.04,36.86,3.055,196.7796652
32,27-01-2012,1051864.6,36.67,3.038,196.8262786
32,03-02-2012,1156826.31,35.89,3.031,196.8728921
32,10-02-2012,1129422.86,23.34,3.103,196.9195056
32,17-02-2012,1243812.59,24.26,3.113,196.9432711
32,24-02-2012,1091822.72,33.41,3.129,196.9499007
32,02-03-2012,1153332.89,33.4,3.191,196.9565303
32,09-03-2012,1124537.97,39.9,3.286,196.9631599
32,16-03-2012,1138101.18,51.51,3.486,197.0457208
32,23-03-2012,1146632.46,47.64,3.664,197.2295234
32,30-03-2012,1108686.87,56.09,3.75,197.4133259
32,06-04-2012,1270577.01,51.49,3.854,197.5971285
32,13-04-2012,1171834.47,52.1,3.901,197.780931
32,20-04-2012,1121405.91,49.15,3.936,197.7227385
32,27-04-2012,1126962.44,61.76,3.927,197.664546
32,04-05-2012,1187384.53,58.29,3.903,197.6063534
32,11-05-2012,1187051.07,55.4,3.87,197.5481609
32,18-05-2012,1177539.71,57.46,3.837,197.5553137
32,25-05-2012,1232784.22,59.74,3.804,197.5886046
32,01-06-2012,1157557.79,62.84,3.764,197.6218954
32,08-06-2012,1246322.44,71.14,3.741,197.6551863
32,15-06-2012,1234759.54,70.91,3.723,197.692292
32,22-06-2012,1196880.11,74.85,3.735,197.7389345
32,29-06-2012,1178211.81,81.95,3.693,197.785577
32,06-07-2012,1214183.97,78.68,3.646,197.8322195
32,13-07-2012,1141184.66,71.57,3.613,197.8788621
32,20-07-2012,1167829.33,77.76,3.585,197.9290378
32,27-07-2012,1144901.52,77.56,3.57,197.9792136
32,03-08-2012,1183571.35,75.09,3.528,198.0293893
32,10-08-2012,1227469.2,75.93,3.509,198.0795651
32,17-08-2012,1261306.37,70.75,3.545,198.1001057
32,24-08-2012,1272809.11,70.12,3.558,198.0984199
32,31-08-2012,1183979.27,76.12,3.556,198.0967341
32,07-09-2012,1126685.95,72.56,3.596,198.0950484
32,14-09-2012,1156377.47,64.05,3.659,198.1267184
32,21-09-2012,1159119.6,63.49,3.765,198.358523
32,28-09-2012,1157111.15,60.62,3.789,198.5903276
32,05-10-2012,1202775.24,55.34,3.779,198.8221322
32,12-10-2012,1176681.31,43.49,3.76,199.0539368
32,19-10-2012,1199292.06,53.57,3.75,199.1481963
32,26-10-2012,1219979.29,47.22,3.686,199.2195317
33,05-02-2010,274593.43,58.4,2.962,126.4420645
33,12-02-2010,294882.83,55.47,2.828,126.4962581
33,19-02-2010,296850.83,62.16,2.915,126.5262857
33,26-02-2010,284052.77,56.5,2.825,126.5522857
33,05-03-2010,291484.89,59.17,2.877,126.5782857
33,12-03-2010,312161.0,55.61,3.034,126.6042857
33,19-03-2010,282235.73,64.6,3.054,126.6066452
33,26-03-2010,262893.76,64.09,2.98,126.6050645
33,02-04-2010,274634.52,66.79,3.086,126.6034839
33,09-04-2010,325201.05,68.43,3.004,126.6019032
33,16-04-2010,307779.64,72.44,3.109,126.5621
33,23-04-2010,263263.02,71.59,3.05,126.4713333
33,30-04-2010,275883.23,73.29,3.105,126.3805667
33,07-05-2010,326870.13,75.4,3.127,126.2898
33,14-05-2010,331173.51,76.8,3.145,126.2085484
33,21-05-2010,294264.2,82.8,3.12,126.1843871
33,28-05-2010,279246.33,78.47,3.058,126.1602258
33,04-06-2010,285100.0,86.06,2.941,126.1360645
33,11-06-2010,310800.79,93.52,3.057,126.1119032
33,18-06-2010,272399.08,87.69,2.935,126.114
33,25-06-2010,259419.91,93.66,3.084,126.1266
33,02-07-2010,267495.76,97.66,2.978,126.1392
33,09-07-2010,302423.93,95.88,3.1,126.1518
33,16-07-2010,280937.84,100.14,2.971,126.1498065
33,23-07-2010,252734.31,97.04,3.112,126.1283548
33,30-07-2010,242047.03,92.71,3.017,126.1069032
33,06-08-2010,262789.95,92.51,3.123,126.0854516
33,13-08-2010,265367.51,95.57,3.049,126.064
33,20-08-2010,230519.49,96.46,3.041,126.0766452
33,27-08-2010,224031.19,94.0,3.022,126.0892903
33,03-09-2010,237405.82,90.82,3.087,126.1019355
33,10-09-2010,272834.88,91.77,2.961,126.1145806
33,17-09-2010,246277.18,89.43,3.028,126.1454667
33,24-09-2010,231976.84,91.18,2.939,126.1900333
33,01-10-2010,224294.39,91.45,3.001,126.2346
33,08-10-2010,266484.19,79.02,2.924,126.2791667
33,15-10-2010,251732.92,80.49,3.08,126.3266774
33,22-10-2010,234175.92,74.2,3.014,126.3815484
33,29-10-2010,213538.32,71.34,3.13,126.4364194
33,05-11-2010,246124.61,74.23,3.009,126.4912903
33,12-11-2010,272803.94,65.21,3.13,126.5461613
33,19-11-2010,224639.76,61.95,3.047,126.6072
33,26-11-2010,240044.57,56.87,3.162,126.6692667
33,03-12-2010,209986.25,52.82,3.041,126.7313333
33,10-12-2010,253050.1,60.72,3.091,126.7934
33,17-12-2010,238875.26,61.12,3.125,126.8794839
33,24-12-2010,249246.8,60.43,3.236,126.9835806
33,31-12-2010,219804.85,52.91,3.148,127.0876774
33,07-01-2011,243948.82,46.25,3.287,127.1917742
33,14-01-2011,259527.75,53.63,3.312,127.3009355
33,21-01-2011,244856.44,59.46,3.336,127.4404839
33,28-01-2011,231155.9,56.62,3.231,127.5800323
33,04-02-2011,234218.03,49.26,3.348,127.7195806
33,11-02-2011,276198.74,53.35,3.381,127.859129
33,18-02-2011,252349.6,62.03,3.43,127.99525
33,25-02-2011,242901.21,54.89,3.398,128.13
33,04-03-2011,245435.8,59.51,3.674,128.26475
33,11-03-2011,270921.44,66.51,3.63,128.3995
33,18-03-2011,247234.47,72.72,3.892,128.5121935
33,25-03-2011,238084.08,63.34,3.716,128.6160645
33,01-04-2011,232769.09,71.41,3.772,128.7199355
33,08-04-2011,271924.73,75.11,3.818,128.8238065
33,15-04-2011,275749.56,64.64,4.089,128.9107333
33,22-04-2011,248603.3,79.46,3.917,128.9553
33,29-04-2011,248561.86,77.44,4.151,128.9998667
33,06-05-2011,257031.19,77.92,4.193,129.0444333
33,13-05-2011,279466.87,78.24,4.202,129.089
33,20-05-2011,239206.26,76.07,3.99,129.0756774
33,27-05-2011,239431.85,82.32,3.933,129.0623548
33,03-06-2011,243477.03,82.93,3.893,129.0490323
33,10-06-2011,258427.39,87.02,3.981,129.0357097
33,17-06-2011,238172.66,91.11,3.935,129.0432
33,24-06-2011,238433.53,94.11,3.807,129.0663
33,01-07-2011,226702.36,98.43,3.842,129.0894
33,08-07-2011,262717.71,96.44,3.793,129.1125
33,15-07-2011,265003.47,92.83,3.779,129.1338387
33,22-07-2011,238915.05,97.17,3.697,129.1507742
33,29-07-2011,224806.96,95.28,3.694,129.1677097
33,05-08-2011,242456.39,96.93,3.803,129.1846452
33,12-08-2011,274721.85,96.0,3.794,129.2015806
33,19-08-2011,242771.37,95.89,3.743,129.2405806
33,26-08-2011,237095.82,99.66,3.663,129.2832581
33,02-09-2011,239198.36,99.2,3.798,129.3259355
33,09-09-2011,281842.28,96.22,3.771,129.3686129
33,16-09-2011,262407.57,85.79,3.784,129.4306
33,23-09-2011,234793.12,88.93,3.789,129.5183333
33,30-09-2011,229731.98,89.1,3.877,129.6060667
33,07-10-2011,262159.13,81.16,3.827,129.6938
33,14-10-2011,272487.33,76.49,3.698,129.7706452
33,21-10-2011,233543.08,81.74,3.842,129.7821613
33,28-10-2011,231319.96,76.73,3.843,129.7936774
33,04-11-2011,236157.12,71.91,3.828,129.8051935
33,11-11-2011,271961.04,58.75,3.677,129.8167097
33,18-11-2011,251294.5,63.35,3.669,129.8268333
33,25-11-2011,255996.47,62.35,3.76,129.8364
33,02-12-2011,220060.35,59.12,3.701,129.8459667
33,09-12-2011,270373.05,47.7,3.644,129.8555333
33,16-12-2011,259638.35,53.18,3.489,129.8980645
33,23-12-2011,256235.19,53.39,3.541,129.9845484
33,30-12-2011,215359.21,51.6,3.428,130.0710323
33,06-01-2012,267058.08,60.92,3.443,130.1575161
33,13-01-2012,279447.22,54.61,3.477,130.244
33,20-01-2012,244899.2,55.99,3.66,130.2792258
33,27-01-2012,236920.49,56.33,3.675,130.3144516
33,03-02-2012,256091.32,59.53,3.543,130.3496774
33,10-02-2012,282552.58,59.94,3.722,130.3849032
33,17-02-2012,266300.98,57.8,3.781,130.4546207
33,24-02-2012,242526.7,59.41,3.95,130.5502069
33,02-03-2012,248051.53,60.91,3.882,130.6457931
33,09-03-2012,287346.29,62.2,3.963,130.7413793
33,16-03-2012,278067.73,65.99,4.273,130.8261935
33,23-03-2012,246970.97,60.82,4.288,130.8966452
33,30-03-2012,251327.67,71.34,4.294,130.9670968
33,06-04-2012,275911.97,70.75,4.282,131.0375484
33,13-04-2012,312698.67,73.17,4.254,131.108
33,20-04-2012,261837.2,72.94,4.111,131.1173333
33,27-04-2012,249798.75,83.07,4.088,131.1266667
33,04-05-2012,270497.51,82.43,4.058,131.136
33,11-05-2012,295841.84,81.02,4.186,131.1453333
33,18-05-2012,276899.95,89.81,4.308,131.0983226
33,25-05-2012,261851.74,88.89,4.127,131.0287742
33,01-06-2012,261131.09,83.57,4.277,130.9592258
33,08-06-2012,286082.76,90.94,4.103,130.8896774
33,15-06-2012,290444.31,92.44,4.144,130.8295333
33,22-06-2012,261666.29,95.75,4.014,130.7929
33,29-06-2012,244338.31,98.15,3.875,130.7562667
33,06-07-2012,273690.37,93.21,3.666,130.7196333
33,13-07-2012,287033.64,97.6,3.723,130.683
33,20-07-2012,253205.89,91.49,3.589,130.7012903
33,27-07-2012,249134.32,93.95,3.769,130.7195806
33,03-08-2012,258533.12,92.13,3.595,130.737871
33,10-08-2012,297753.49,100.07,3.811,130.7561613
33,17-08-2012,270097.76,96.79,4.002,130.7909677
33,24-08-2012,247672.56,89.62,4.055,130.8381613
33,31-08-2012,237129.81,94.55,3.886,130.8853548
33,07-09-2012,286428.78,92.02,4.124,130.9325484
33,14-09-2012,277417.53,83.4,3.966,130.9776667
33,21-09-2012,252709.58,86.53,4.125,131.0103333
33,28-09-2012,242813.51,86.42,3.966,131.043
33,05-10-2012,265444.9,85.18,4.132,131.0756667
33,12-10-2012,291781.15,79.64,4.468,131.1083333
33,19-10-2012,254412.34,75.55,4.449,131.1499677
33,26-10-2012,253731.13,73.7,4.301,131.1930968
34,05-02-2010,956228.96,35.44,2.598,126.4420645
34,12-02-2010,994610.99,36.13,2.573,126.4962581
34,19-02-2010,983963.07,38.36,2.54,126.5262857
34,26-02-2010,905756.13,37.28,2.59,126.5522857
34,05-03-2010,918295.79,42.65,2.654,126.5782857
34,12-03-2010,921247.88,42.26,2.704,126.6042857
34,19-03-2010,892070.82,45.86,2.743,126.6066452
34,26-03-2010,880742.35,42.91,2.752,126.6050645
34,02-04-2010,979428.66,50.07,2.74,126.6034839
34,09-04-2010,950684.2,51.26,2.773,126.6019032
34,16-04-2010,923344.54,59.18,2.81,126.5621
34,23-04-2010,910240.68,55.04,2.805,126.4713333
34,30-04-2010,859922.19,56.58,2.787,126.3805667
34,07-05-2010,953495.48,57.39,2.836,126.2898
34,14-05-2010,933924.44,60.74,2.845,126.2085484
34,21-05-2010,913616.32,63.99,2.82,126.1843871
34,28-05-2010,942868.38,68.68,2.756,126.1602258
34,04-06-2010,966187.51,72.17,2.701,126.1360645
34,11-06-2010,954681.56,80.84,2.668,126.1119032
34,18-06-2010,941612.04,73.48,2.635,126.114
34,25-06-2010,895800.07,78.47,2.654,126.1266
34,02-07-2010,919229.36,73.66,2.668,126.1392
34,09-07-2010,911210.81,75.0,2.637,126.1518
34,16-07-2010,930269.79,78.53,2.621,126.1498065
34,23-07-2010,902050.95,79.58,2.612,126.1283548
34,30-07-2010,875976.83,72.26,2.65,126.1069032
34,06-08-2010,987435.35,73.8,2.64,126.0854516
34,13-08-2010,951208.65,76.72,2.698,126.064
34,20-08-2010,985152.94,76.45,2.671,126.0766452
34,27-08-2010,855421.39,72.87,2.621,126.0892903
34,03-09-2010,964356.74,72.59,2.584,126.1019355
34,10-09-2010,932240.96,72.61,2.574,126.1145806
34,17-09-2010,885445.47,70.71,2.594,126.1454667
34,24-09-2010,867539.07,69.78,2.642,126.1900333
34,01-10-2010,865709.11,70.13,2.619,126.2346
34,08-10-2010,931710.67,65.21,2.645,126.2791667
34,15-10-2010,888703.62,59.57,2.732,126.3266774
34,22-10-2010,936293.6,58.11,2.736,126.3815484
34,29-10-2010,926294.02,50.78,2.718,126.4364194
34,05-11-2010,972292.31,52.43,2.699,126.4912903
34,12-11-2010,979730.78,47.2,2.741,126.5461613
34,19-11-2010,955766.33,40.93,2.78,126.6072
34,26-11-2010,1309476.68,41.13,2.752,126.6692667
34,03-12-2010,1001512.21,34.7,2.727,126.7313333
34,10-12-2010,1086661.02,41.93,2.86,126.7934
34,17-12-2010,1227148.13,42.64,2.884,126.8794839
34,24-12-2010,1620748.25,42.74,2.887,126.9835806
34,31-12-2010,902109.69,34.11,2.955,127.0876774
34,07-01-2011,900646.94,24.5,2.98,127.1917742
34,14-01-2011,898610.33,30.75,2.992,127.3009355
34,21-01-2011,891025.39,39.57,3.017,127.4404839
34,28-01-2011,836717.75,34.68,3.022,127.5800323
34,04-02-2011,971932.87,23.82,2.996,127.7195806
34,11-02-2011,1015654.6,28.66,3.033,127.859129
34,18-02-2011,1062629.3,45.12,3.058,127.99525
34,25-02-2011,953331.45,44.57,3.087,128.13
34,04-03-2011,963910.81,46.21,3.305,128.26475
34,11-03-2011,943951.67,45.87,3.461,128.3995
34,18-03-2011,1014218.8,55.58,3.495,128.5121935
34,25-03-2011,922898.38,53.11,3.48,128.6160645
34,01-04-2011,884233.67,55.46,3.521,128.7199355
34,08-04-2011,975479.83,58.59,3.605,128.8238065
34,15-04-2011,941829.0,53.3,3.724,128.9107333
34,22-04-2011,1051518.45,63.83,3.781,128.9553
34,29-04-2011,895973.02,57.73,3.781,128.9998667
34,06-05-2011,965853.58,54.4,3.866,129.0444333
34,13-05-2011,966232.69,63.05,3.872,129.089
34,20-05-2011,945018.83,61.47,3.881,129.0756774
34,27-05-2011,941311.83,65.99,3.771,129.0623548
34,03-06-2011,947229.24,74.64,3.683,129.0490323
34,10-06-2011,943912.77,74.57,3.64,129.0357097
34,17-06-2011,968258.09,76.58,3.618,129.0432
34,24-06-2011,923795.04,77.16,3.57,129.0663
34,01-07-2011,911106.22,81.96,3.504,129.0894
34,08-07-2011,926934.57,80.84,3.469,129.1125
34,15-07-2011,903882.96,78.09,3.563,129.1338387
34,22-07-2011,913236.62,80.75,3.627,129.1507742
34,29-07-2011,851461.9,78.04,3.659,129.1677097
34,05-08-2011,942236.45,76.71,3.662,129.1846452
34,12-08-2011,956251.18,80.23,3.617,129.2015806
34,19-08-2011,960418.54,77.08,3.55,129.2405806
34,26-08-2011,871404.6,77.27,3.523,129.2832581
34,02-09-2011,926455.64,78.24,3.533,129.3259355
34,09-09-2011,930506.14,70.05,3.554,129.3686129
34,16-09-2011,927249.61,64.94,3.532,129.4306
34,23-09-2011,902852.73,66.23,3.473,129.5183333
34,30-09-2011,871847.85,69.44,3.371,129.6060667
34,07-10-2011,954069.45,60.42,3.299,129.6938
34,14-10-2011,911788.79,54.72,3.283,129.7706452
34,21-10-2011,953693.23,58.93,3.361,129.7821613
34,28-10-2011,958063.87,54.56,3.362,129.7936774
34,04-11-2011,992621.93,48.04,3.322,129.8051935
34,11-11-2011,991570.02,41.04,3.286,129.8167097
34,18-11-2011,947552.44,46.0,3.294,129.8268333
34,25-11-2011,1345595.82,45.99,3.225,129.8364
34,02-12-2011,988742.08,39.75,3.176,129.8459667
34,09-12-2011,1084243.91,24.69,3.153,129.8555333
34,16-12-2011,1151052.86,32.31,3.149,129.8980645
34,23-12-2011,1593655.96,32.45,3.103,129.9845484
34,30-12-2011,965512.36,28.84,3.119,130.0710323
34,06-01-2012,953844.85,36.39,3.158,130.1575161
34,13-01-2012,913755.12,33.99,3.263,130.244
34,20-01-2012,910899.05,39.28,3.273,130.2792258
34,27-01-2012,872450.37,39.81,3.29,130.3144516
34,03-02-2012,939367.14,38.64,3.354,130.3496774
34,10-02-2012,1047658.09,36.7,3.411,130.3849032
34,17-02-2012,1123446.51,37.25,3.493,130.4546207
34,24-02-2012,950154.24,39.89,3.541,130.5502069
34,02-03-2012,990263.7,42.74,3.619,130.6457931
34,09-03-2012,976393.43,42.7,3.667,130.7413793
34,16-03-2012,999298.43,48.09,3.707,130.8261935
34,23-03-2012,945143.33,47.93,3.759,130.8966452
34,30-03-2012,938861.77,59.29,3.82,130.9670968
34,06-04-2012,1091020.37,54.42,3.864,131.0375484
34,13-04-2012,987353.65,59.12,3.881,131.108
34,20-04-2012,977628.78,55.34,3.864,131.1173333
34,27-04-2012,940299.87,66.49,3.81,131.1266667
34,04-05-2012,991104.4,65.04,3.747,131.136
34,11-05-2012,949625.52,61.92,3.685,131.1453333
34,18-05-2012,998672.85,64.97,3.62,131.0983226
34,25-05-2012,1015737.61,72.42,3.551,131.0287742
34,01-06-2012,977062.44,70.41,3.483,130.9592258
34,08-06-2012,999511.29,75.35,3.433,130.8896774
34,15-06-2012,982345.51,76.48,3.372,130.8295333
34,22-06-2012,1000285.1,78.85,3.329,130.7929
34,29-06-2012,942970.63,81.91,3.257,130.7562667
34,06-07-2012,1007867.68,77.95,3.187,130.7196333
34,13-07-2012,954677.75,74.02,3.224,130.683
34,20-07-2012,950929.59,77.7,3.263,130.7012903
34,27-07-2012,917883.79,77.3,3.356,130.7195806
34,03-08-2012,973250.41,78.93,3.374,130.737871
34,10-08-2012,1004523.59,78.26,3.476,130.7561613
34,17-08-2012,1013820.86,77.78,3.552,130.7909677
34,24-08-2012,926250.21,72.44,3.61,130.8381613
34,31-08-2012,933487.71,75.89,3.646,130.8853548
34,07-09-2012,976415.56,78.26,3.709,130.9325484
34,14-09-2012,955211.7,64.28,3.706,130.9776667
34,21-09-2012,943047.78,66.08,3.721,131.0103333
34,28-09-2012,928629.31,67.06,3.666,131.043
34,05-10-2012,968896.68,65.41,3.62,131.0756667
34,12-10-2012,948613.39,59.94,3.603,131.1083333
34,19-10-2012,963516.28,58.47,3.61,131.1499677
34,26-10-2012,956987.81,57.95,3.514,131.1930968
35,05-02-2010,1230613.5,27.19,2.784,135.3524608
35,12-02-2010,1168815.31,29.81,2.773,135.4113076
35,19-02-2010,1270658.64,32.44,2.745,135.4657781
35,26-02-2010,1020651.74,36.0,2.754,135.5195191
35,05-03-2010,1162610.27,38.07,2.777,135.5732602
35,12-03-2010,1150344.39,45.98,2.818,135.6270013
35,19-03-2010,1117536.09,49.04,2.844,135.6682247
35,26-03-2010,1078900.44,52.34,2.854,135.7073618
35,02-04-2010,1189556.47,46.9,2.85,135.7464988
35,09-04-2010,1198014.97,62.62,2.869,135.7856359
35,16-04-2010,1084487.55,54.95,2.899,135.82725
35,23-04-2010,1110827.48,53.91,2.902,135.8721667
35,30-04-2010,1096930.65,53.55,2.921,135.9170833
35,07-05-2010,1182099.88,69.02,2.966,135.962
35,14-05-2010,1104277.57,53.82,2.982,136.010394
35,21-05-2010,1078182.18,63.31,2.958,136.0796521
35,28-05-2010,1223777.48,67.88,2.899,136.1489101
35,04-06-2010,1282378.71,74.29,2.847,136.2181682
35,11-06-2010,1160412.71,68.9,2.809,136.2874263
35,18-06-2010,1198025.76,70.0,2.78,136.3243393
35,25-06-2010,1230245.74,78.02,2.808,136.3483143
35,02-07-2010,1245827.08,76.25,2.815,136.3722893
35,09-07-2010,1268766.76,82.69,2.793,136.3962643
35,16-07-2010,1124414.87,78.26,2.783,136.4179827
35,23-07-2010,1121756.43,81.56,2.771,136.4366924
35,30-07-2010,1139131.78,79.78,2.781,136.4554021
35,06-08-2010,1180183.39,77.45,2.784,136.4741118
35,13-08-2010,1090587.5,77.36,2.805,136.4928214
35,20-08-2010,1033719.5,75.16,2.779,136.5249182
35,27-08-2010,917693.06,70.31,2.755,136.557015
35,03-09-2010,948660.79,78.52,2.715,136.5891118
35,10-09-2010,961685.98,70.38,2.699,136.6212085
35,17-09-2010,831443.61,64.5,2.706,136.6338071
35,24-09-2010,758069.78,67.08,2.713,136.6317821
35,01-10-2010,771065.21,70.19,2.707,136.6297571
35,08-10-2010,874615.32,57.78,2.764,136.6277321
35,15-10-2010,798376.99,58.38,2.868,136.6401935
35,22-10-2010,827705.82,52.82,2.917,136.688871
35,29-10-2010,857797.33,61.02,2.921,136.7375484
35,05-11-2010,843755.12,45.91,2.917,136.7862258
35,12-11-2010,870914.69,45.9,2.931,136.8349032
35,19-11-2010,846850.35,50.81,3.0,136.7715714
35,26-11-2010,1781866.98,46.67,3.039,136.6895714
35,03-12-2010,982598.88,41.81,3.046,136.6075714
35,10-12-2010,1108580.19,30.83,3.109,136.5255714
35,17-12-2010,1314987.4,31.62,3.14,136.5292811
35,24-12-2010,1779236.54,31.34,3.141,136.597273
35,31-12-2010,576332.05,29.59,3.179,136.665265
35,07-01-2011,649289.75,34.42,3.193,136.7332569
35,14-01-2011,687670.78,25.7,3.205,136.803477
35,21-01-2011,659902.07,30.13,3.229,136.8870657
35,28-01-2011,633289.78,23.64,3.237,136.9706544
35,04-02-2011,747577.05,28.7,3.231,137.0542431
35,11-02-2011,859258.17,30.45,3.239,137.1378318
35,18-02-2011,865305.88,39.32,3.245,137.2511849
35,25-02-2011,841129.26,33.05,3.274,137.3764439
35,04-03-2011,850448.54,36.99,3.433,137.5017028
35,11-03-2011,830601.39,43.64,3.582,137.6269617
35,18-03-2011,800662.82,46.65,3.631,137.7398929
35,25-03-2011,762184.1,40.11,3.625,137.8478929
35,01-04-2011,762620.94,37.27,3.638,137.9558929
35,08-04-2011,813352.41,46.87,3.72,138.0638929
35,15-04-2011,795157.2,52.24,3.821,138.1646952
35,22-04-2011,841778.34,50.02,3.892,138.2475036
35,29-04-2011,811824.06,61.71,3.962,138.3303119
35,06-05-2011,835181.18,56.48,4.046,138.4131202
35,13-05-2011,826155.95,60.07,4.066,138.4959286
35,20-05-2011,776838.56,60.22,4.062,138.587106
35,27-05-2011,850708.6,66.43,3.985,138.6782834
35,03-06-2011,955466.84,74.17,3.922,138.7694608
35,10-06-2011,855130.21,73.26,3.881,138.8606382
35,17-06-2011,828594.86,67.03,3.842,139.0028333
35,24-06-2011,849397.57,72.02,3.804,139.1832917
35,01-07-2011,874453.88,73.76,3.748,139.36375
35,08-07-2011,827717.85,76.87,3.711,139.5442083
35,15-07-2011,813845.5,77.83,3.76,139.7006325
35,22-07-2011,820188.42,82.28,3.811,139.7969712
35,29-07-2011,770820.27,79.41,3.829,139.8933099
35,05-08-2011,826820.71,78.14,3.842,139.9896486
35,12-08-2011,819911.89,76.67,3.812,140.0859873
35,19-08-2011,820288.35,72.97,3.747,140.1289205
35,26-08-2011,897037.25,72.88,3.704,140.1629528
35,02-09-2011,813486.55,71.44,3.703,140.196985
35,09-09-2011,922440.64,70.93,3.738,140.2310173
35,16-09-2011,738792.11,69.65,3.742,140.2735
35,23-09-2011,705802.45,63.61,3.711,140.32725
35,30-09-2011,749676.95,70.92,3.645,140.381
35,07-10-2011,791637.53,56.91,3.583,140.43475
35,14-10-2011,772859.25,64.78,3.541,140.4784194
35,21-10-2011,811328.4,59.62,3.57,140.4616048
35,28-10-2011,808821.5,51.81,3.569,140.4447903
35,04-11-2011,653468.75,44.46,3.551,140.4279758
35,11-11-2011,880576.33,49.69,3.53,140.4111613
35,18-11-2011,820964.1,51.42,3.53,140.4127857
35,25-11-2011,1733822.4,47.88,3.492,140.4217857
35,02-12-2011,903606.03,50.55,3.452,140.4307857
35,09-12-2011,948964.99,46.28,3.415,140.4397857
35,16-12-2011,1115255.65,40.68,3.413,140.4700795
35,23-12-2011,1550214.02,41.59,3.389,140.528765
35,30-12-2011,904650.55,37.85,3.389,140.5874505
35,06-01-2012,671708.09,35.8,3.422,140.6461359
35,13-01-2012,625135.11,41.3,3.513,140.7048214
35,20-01-2012,669850.04,30.35,3.533,140.8086118
35,27-01-2012,588722.99,36.96,3.567,140.9124021
35,03-02-2012,746901.03,42.52,3.617,141.0161924
35,10-02-2012,849779.14,37.86,3.64,141.1199827
35,17-02-2012,824568.39,37.24,3.695,141.2140357
35,24-02-2012,805028.74,41.74,3.739,141.3007857
35,02-03-2012,766571.1,40.07,3.816,141.3875357
35,09-03-2012,796351.35,44.32,3.848,141.4742857
35,16-03-2012,793045.82,49.6,3.862,141.55478
35,23-03-2012,760671.1,57.3,3.9,141.6269332
35,30-03-2012,744525.69,49.4,3.953,141.6990864
35,06-04-2012,860293.46,48.73,3.996,141.7712396
35,13-04-2012,788633.42,52.22,4.044,141.8433929
35,20-04-2012,794660.24,62.62,4.027,141.9015262
35,27-04-2012,721212.45,52.33,4.004,141.9596595
35,04-05-2012,772036.6,53.68,3.951,142.0177929
35,11-05-2012,802383.63,58.97,3.889,142.0759262
35,18-05-2012,819196.68,65.15,3.848,142.0970115
35,25-05-2012,822167.17,64.77,3.798,142.1032776
35,01-06-2012,932195.52,73.4,3.742,142.1095438
35,08-06-2012,873415.01,64.05,3.689,142.1158099
35,15-06-2012,848289.41,69.52,3.62,142.1292548
35,22-06-2012,911696.0,73.23,3.564,142.1606464
35,29-06-2012,892133.41,73.94,3.506,142.1920381
35,06-07-2012,985479.64,82.08,3.475,142.2234298
35,13-07-2012,825763.48,78.95,3.523,142.2548214
35,20-07-2012,841224.74,78.64,3.567,142.2337569
35,27-07-2012,808030.15,76.01,3.647,142.2126924
35,03-08-2012,866216.36,75.22,3.654,142.1916279
35,10-08-2012,888368.8,78.44,3.722,142.1705634
35,17-08-2012,887979.47,76.51,3.807,142.2157385
35,24-08-2012,895274.72,72.93,3.834,142.3105933
35,31-08-2012,931278.97,75.0,3.867,142.4054482
35,07-09-2012,984833.35,76.0,3.911,142.500303
35,14-09-2012,821568.64,68.72,3.948,142.5938833
35,21-09-2012,772302.94,66.1,4.038,142.6798167
35,28-09-2012,814099.86,64.92,3.997,142.76575
35,05-10-2012,866064.4,64.5,3.985,142.8516833
35,12-10-2012,873643.14,55.4,4.0,142.9376167
35,19-10-2012,829284.67,56.53,3.969,142.8633629
35,26-10-2012,865137.6,58.99,3.882,142.7624113
36,05-02-2010,467546.74,45.97,2.545,209.8529663
36,12-02-2010,469563.7,46.11,2.539,209.9970208
36,19-02-2010,470281.03,45.66,2.472,210.0451024
36,26-02-2010,447519.44,50.87,2.52,210.0771885
36,05-03-2010,480203.43,51.33,2.574,210.1092746
36,12-03-2010,441434.2,61.96,2.619,210.1413607
36,19-03-2010,428851.99,59.56,2.701,209.9803208
36,26-03-2010,404438.51,55.76,2.711,209.7870932
36,02-04-2010,435972.82,63.43,2.708,209.5938656
36,09-04-2010,453016.91,68.54,2.743,209.400638
36,16-04-2010,483699.56,66.74,2.769,209.2691428
36,23-04-2010,434116.8,68.03,2.762,209.2199574
36,30-04-2010,457899.64,70.9,2.725,209.170772
36,07-05-2010,489372.02,75.56,2.786,209.1215867
36,14-05-2010,476733.74,77.53,2.805,209.118536
36,21-05-2010,474917.98,77.34,2.767,209.3922937
36,28-05-2010,447050.42,80.87,2.716,209.6660514
36,04-06-2010,471088.88,79.93,2.664,209.9398091
36,11-06-2010,467711.18,82.3,2.615,210.2135668
36,18-06-2010,485694.72,84.37,2.572,210.2108417
36,25-06-2010,434879.87,84.14,2.601,210.0975233
36,02-07-2010,434252.15,81.85,2.606,209.984205
36,09-07-2010,471713.59,81.74,2.596,209.8708867
36,16-07-2010,466962.04,84.43,2.561,209.8630532
36,23-07-2010,452021.2,82.6,2.542,209.9958663
36,30-07-2010,432451.91,81.88,2.602,210.1286794
36,06-08-2010,467442.94,85.49,2.573,210.2614925
36,13-08-2010,470436.8,86.06,2.644,210.3943056
36,20-08-2010,437949.9,85.54,2.604,210.3617581
36,27-08-2010,412050.73,84.62,2.562,210.3292106
36,03-09-2010,431294.45,82.29,2.533,210.2966631
36,10-09-2010,434471.38,80.58,2.513,210.2641156
36,17-09-2010,454694.21,82.1,2.55,210.2924504
36,24-09-2010,419348.59,79.17,2.578,210.3664469
36,01-10-2010,422169.47,74.66,2.567,210.4404433
36,08-10-2010,444351.61,66.34,2.595,210.5144398
36,15-10-2010,453308.15,71.57,2.705,210.5805944
36,22-10-2010,424956.3,72.24,2.698,210.6271444
36,29-10-2010,392654.26,76.22,2.68,210.6736944
36,05-11-2010,405860.37,62.72,2.655,210.7202444
36,12-11-2010,425804.8,61.97,2.705,210.7667944
36,19-11-2010,411615.71,56.73,2.741,210.65429
36,26-11-2010,408891.49,67.73,2.725,210.5152765
36,03-12-2010,360266.09,54.44,2.694,210.376263
36,10-12-2010,404545.03,51.83,2.813,210.2372494
36,17-12-2010,410214.7,56.73,2.852,210.1787224
36,24-12-2010,422093.59,59.1,2.863,210.1805602
36,31-12-2010,359310.65,52.88,2.949,210.182398
36,07-01-2011,384659.85,54.11,2.942,210.1842358
36,14-01-2011,410497.73,42.87,2.971,210.2379731
36,21-01-2011,399191.05,51.18,2.98,210.6031072
36,28-01-2011,372174.12,48.74,2.995,210.9682412
36,04-02-2011,417521.7,46.68,2.98,211.3333753
36,11-02-2011,401501.2,41.16,3.009,211.6985093
36,18-02-2011,427175.03,57.48,3.017,212.0063522
36,25-02-2011,380279.44,67.73,3.053,212.2912786
36,04-03-2011,402579.84,64.55,3.282,212.576205
36,11-03-2011,407506.78,59.15,3.448,212.8611313
36,18-03-2011,431412.22,64.9,3.487,213.1096787
36,25-03-2011,390732.02,71.07,3.488,213.3436744
36,01-04-2011,385672.11,67.31,3.529,213.5776701
36,08-04-2011,428727.61,69.39,3.645,213.8116658
36,15-04-2011,414986.54,73.25,3.763,214.026217
36,22-04-2011,374574.72,74.57,3.805,214.1921572
36,29-04-2011,340708.78,76.1,3.837,214.3580974
36,06-05-2011,393401.4,69.56,3.917,214.5240376
36,13-05-2011,395316.65,76.73,3.92,214.6899778
36,20-05-2011,376183.44,73.02,3.925,214.465412
36,27-05-2011,348655.2,81.28,3.786,214.2408462
36,03-06-2011,373703.95,82.96,3.69,214.0162805
36,10-06-2011,374182.04,82.41,3.633,213.7917147
36,17-06-2011,394645.25,84.43,3.599,213.7481256
36,24-06-2011,360009.94,83.95,3.569,213.8402689
36,01-07-2011,354270.77,85.33,3.502,213.9324122
36,08-07-2011,377464.62,84.71,3.44,214.0245556
36,15-07-2011,385631.48,85.63,3.55,214.1083654
36,22-07-2011,361311.41,83.31,3.637,214.1713416
36,29-07-2011,354361.08,84.99,3.66,214.2343177
36,05-08-2011,381017.75,86.71,3.652,214.2972939
36,12-08-2011,380188.69,87.64,3.608,214.3602701
36,19-08-2011,373267.58,87.24,3.534,214.4239935
36,26-08-2011,344964.2,86.02,3.501,214.4878416
36,02-09-2011,350276.29,87.5,3.481,214.5516896
36,09-09-2011,352960.64,77.94,3.499,214.6155376
36,16-09-2011,343108.12,82.06,3.473,214.7934111
36,23-09-2011,322405.13,78.35,3.441,215.1233185
36,30-09-2011,314910.37,81.52,3.328,215.4532259
36,07-10-2011,346137.87,71.2,3.262,215.7831333
36,14-10-2011,342076.99,74.16,3.234,216.0885258
36,21-10-2011,328633.34,67.89,3.308,216.2468287
36,28-10-2011,306193.81,71.31,3.306,216.4051315
36,04-11-2011,313387.11,58.97,3.287,216.5634344
36,11-11-2011,328498.92,63.5,3.254,216.7217373
36,18-11-2011,332901.94,66.28,3.26,216.9395861
36,25-11-2011,332811.55,66.41,3.181,217.1812533
36,02-12-2011,293350.51,53.57,3.164,217.4229206
36,09-12-2011,312298.37,50.64,3.147,217.6645878
36,16-12-2011,341503.92,58.31,3.133,217.8781339
36,23-12-2011,325262.46,55.41,3.098,218.0541851
36,30-12-2011,287425.22,48.26,3.132,218.2302364
36,06-01-2012,329467.82,57.18,3.129,218.4062876
36,13-01-2012,325976.34,56.28,3.254,218.5823389
36,20-01-2012,330927.21,58.9,3.275,218.6755292
36,27-01-2012,301444.94,62.73,3.313,218.7687195
36,03-02-2012,310982.87,61.33,3.421,218.8619099
36,10-02-2012,335741.9,54.49,3.462,218.9551002
36,17-02-2012,326316.73,54.38,3.503,219.1148297
36,24-02-2012,313270.45,62.21,3.55,219.3244636
36,02-03-2012,315396.72,64.54,3.619,219.5340975
36,09-03-2012,318674.93,63.19,3.647,219.7437314
36,16-03-2012,335345.82,67.48,3.779,219.8956335
36,23-03-2012,317872.51,69.18,3.845,219.9705599
36,30-03-2012,304144.9,70.48,3.891,220.0454862
36,06-04-2012,331026.11,73.95,3.934,220.1204125
36,13-04-2012,339407.94,72.54,3.919,220.1953389
36,20-04-2012,323915.32,70.87,3.918,220.2483937
36,27-04-2012,308389.82,70.06,3.888,220.3014485
36,04-05-2012,312467.52,77.17,3.835,220.3545033
36,11-05-2012,330518.34,76.55,3.764,220.4075581
36,18-05-2012,324801.13,73.7,3.713,220.4252149
36,25-05-2012,306098.17,78.94,3.636,220.4287124
36,01-06-2012,306005.53,80.74,3.567,220.4322099
36,08-06-2012,338273.38,81.5,3.513,220.4357073
36,15-06-2012,333146.88,82.15,3.407,220.4494148
36,22-06-2012,306411.01,80.4,3.358,220.4886472
36,29-06-2012,291530.43,86.68,3.273,220.5278796
36,06-07-2012,306578.89,81.52,3.232,220.567112
36,13-07-2012,298337.41,78.15,3.245,220.6063444
36,20-07-2012,303289.55,81.76,3.301,220.6148749
36,27-07-2012,279643.43,84.0,3.392,220.6234054
36,03-08-2012,304989.97,85.56,3.404,220.6319358
36,10-08-2012,298947.51,84.41,3.49,220.6404663
36,17-08-2012,314607.22,85.89,3.571,220.7199609
36,24-08-2012,282545.55,81.26,3.574,220.8526787
36,31-08-2012,282647.48,84.79,3.608,220.9853964
36,07-09-2012,293728.57,84.19,3.697,221.1181142
36,14-09-2012,301893.63,78.16,3.692,221.2601207
36,21-09-2012,293804.45,75.98,3.709,221.4578604
36,28-09-2012,270677.98,79.49,3.66,221.6556
36,05-10-2012,277137.86,73.57,3.611,221.8533396
36,12-10-2012,300236.85,71.28,3.576,222.0510793
36,19-10-2012,287360.05,74.06,3.57,222.0951719
36,26-10-2012,272489.41,74.39,3.494,222.1136566
37,05-02-2010,536006.73,45.97,2.572,209.8529663
37,12-02-2010,529852.7,46.11,2.548,209.9970208
37,19-02-2010,510382.5,45.66,2.514,210.0451024
37,26-02-2010,513615.82,50.87,2.561,210.0771885
37,05-03-2010,519255.68,51.33,2.625,210.1092746
37,12-03-2010,513015.35,61.96,2.667,210.1413607
37,19-03-2010,460020.74,59.56,2.72,209.9803208
37,26-03-2010,515777.97,55.76,2.732,209.7870932
37,02-04-2010,540189.7,63.43,2.719,209.5938656
37,09-04-2010,513327.55,68.54,2.77,209.400638
37,16-04-2010,524544.83,66.74,2.808,209.2691428
37,23-04-2010,527019.78,68.03,2.795,209.2199574
37,30-04-2010,517850.83,70.9,2.78,209.170772
37,07-05-2010,543234.77,75.56,2.835,209.1215867
37,14-05-2010,505196.08,77.53,2.854,209.118536
37,21-05-2010,510494.7,77.34,2.826,209.3922937
37,28-05-2010,532241.22,80.87,2.759,209.6660514
37,04-06-2010,479195.02,79.93,2.705,209.9398091
37,11-06-2010,481915.11,82.3,2.668,210.2135668
37,18-06-2010,505761.62,84.37,2.637,210.2108417
37,25-06-2010,485419.39,84.14,2.653,210.0975233
37,02-07-2010,498292.53,81.85,2.669,209.984205
37,09-07-2010,502456.04,81.74,2.642,209.8708867
37,16-07-2010,485150.01,84.43,2.623,209.8630532
37,23-07-2010,491998.12,82.6,2.608,209.9958663
37,30-07-2010,487912.95,81.88,2.64,210.1286794
37,06-08-2010,508576.62,85.49,2.627,210.2614925
37,13-08-2010,491815.83,86.06,2.692,210.3943056
37,20-08-2010,486930.72,85.54,2.664,210.3617581
37,27-08-2010,512157.25,84.62,2.619,210.3292106
37,03-09-2010,510427.53,82.29,2.577,210.2966631
37,10-09-2010,510296.07,80.58,2.565,210.2641156
37,17-09-2010,501251.4,82.1,2.582,210.2924504
37,24-09-2010,494265.48,79.17,2.624,210.3664469
37,01-10-2010,529877.93,74.66,2.603,210.4404433
37,08-10-2010,524483.65,66.34,2.633,210.5144398
37,15-10-2010,498925.86,71.57,2.72,210.5805944
37,22-10-2010,510425.4,72.24,2.725,210.6271444
37,29-10-2010,514485.9,76.22,2.716,210.6736944
37,05-11-2010,539683.42,62.72,2.689,210.7202444
37,12-11-2010,517546.69,61.97,2.728,210.7667944
37,19-11-2010,518124.16,56.73,2.771,210.65429
37,26-11-2010,518220.72,67.73,2.735,210.5152765
37,03-12-2010,508213.14,54.44,2.708,210.376263
37,10-12-2010,511207.52,51.83,2.843,210.2372494
37,17-12-2010,534285.21,56.73,2.869,210.1787224
37,24-12-2010,576809.92,59.1,2.886,210.1805602
37,31-12-2010,460331.7,52.88,2.943,210.182398
37,07-01-2011,542464.02,54.11,2.976,210.1842358
37,14-01-2011,525616.9,42.87,2.983,210.2379731
37,21-01-2011,526486.82,51.18,3.016,210.6031072
37,28-01-2011,513672.36,48.74,3.01,210.9682412
37,04-02-2011,583835.18,46.68,2.989,211.3333753
37,11-02-2011,522514.32,41.16,3.022,211.6985093
37,18-02-2011,536840.69,57.48,3.045,212.0063522
37,25-02-2011,514758.19,67.73,3.065,212.2912786
37,04-03-2011,527572.25,64.55,3.288,212.576205
37,11-03-2011,505610.4,59.15,3.459,212.8611313
37,18-03-2011,478503.06,64.9,3.488,213.1096787
37,25-03-2011,522105.93,71.07,3.473,213.3436744
37,01-04-2011,534578.78,67.31,3.524,213.5776701
37,08-04-2011,543703.16,69.39,3.622,213.8116658
37,15-04-2011,543775.87,73.25,3.743,214.026217
37,22-04-2011,526434.37,74.57,3.807,214.1921572
37,29-04-2011,502918.18,76.1,3.81,214.3580974
37,06-05-2011,547513.3,69.56,3.906,214.5240376
37,13-05-2011,511871.63,76.73,3.899,214.6899778
37,20-05-2011,533564.42,73.02,3.907,214.465412
37,27-05-2011,507086.75,81.28,3.786,214.2408462
37,03-06-2011,500381.23,82.96,3.699,214.0162805
37,10-06-2011,509647.25,82.41,3.648,213.7917147
37,17-06-2011,525132.36,84.43,3.637,213.7481256
37,24-06-2011,509276.22,83.95,3.594,213.8402689
37,01-07-2011,517021.3,85.33,3.524,213.9324122
37,08-07-2011,489059.93,84.71,3.48,214.0245556
37,15-07-2011,498749.62,85.63,3.575,214.1083654
37,22-07-2011,505543.53,83.31,3.651,214.1713416
37,29-07-2011,504974.95,84.99,3.682,214.2343177
37,05-08-2011,510787.46,86.71,3.684,214.2972939
37,12-08-2011,502504.39,87.64,3.638,214.3602701
37,19-08-2011,506897.98,87.24,3.554,214.4239935
37,26-08-2011,527947.21,86.02,3.523,214.4878416
37,02-09-2011,530367.83,87.5,3.533,214.5516896
37,09-09-2011,506273.74,77.94,3.546,214.6155376
37,16-09-2011,513341.94,82.06,3.526,214.7934111
37,23-09-2011,516556.94,78.35,3.467,215.1233185
37,30-09-2011,516402.1,81.52,3.355,215.4532259
37,07-10-2011,522816.85,71.2,3.285,215.7831333
37,14-10-2011,513636.01,74.16,3.274,216.0885258
37,21-10-2011,522784.33,67.89,3.353,216.2468287
37,28-10-2011,517355.44,71.31,3.372,216.4051315
37,04-11-2011,555925.6,58.97,3.332,216.5634344
37,11-11-2011,501268.78,63.5,3.297,216.7217373
37,18-11-2011,527495.09,66.28,3.308,216.9395861
37,25-11-2011,522554.04,66.41,3.236,217.1812533
37,02-12-2011,527117.81,53.57,3.172,217.4229206
37,09-12-2011,537224.52,50.64,3.158,217.6645878
37,16-12-2011,533905.67,58.31,3.159,217.8781339
37,23-12-2011,605791.46,55.41,3.112,218.0541851
37,30-12-2011,451327.61,48.26,3.129,218.2302364
37,06-01-2012,558343.57,57.18,3.157,218.4062876
37,13-01-2012,546221.4,56.28,3.261,218.5823389
37,20-01-2012,543894.07,58.9,3.268,218.6755292
37,27-01-2012,514116.58,62.73,3.29,218.7687195
37,03-02-2012,555424.24,61.33,3.36,218.8619099
37,10-02-2012,527041.46,54.49,3.409,218.9551002
37,17-02-2012,541071.29,54.38,3.51,219.1148297
37,24-02-2012,518696.89,62.21,3.555,219.3244636
37,02-03-2012,525559.17,64.54,3.63,219.5340975
37,09-03-2012,535937.25,63.19,3.669,219.7437314
37,16-03-2012,484588.34,67.48,3.734,219.8956335
37,23-03-2012,520887.23,69.18,3.787,219.9705599
37,30-03-2012,533734.94,70.48,3.845,220.0454862
37,06-04-2012,564848.78,73.95,3.891,220.1204125
37,13-04-2012,506973.17,72.54,3.891,220.1953389
37,20-04-2012,523483.19,70.87,3.877,220.2483937
37,27-04-2012,528807.45,70.06,3.814,220.3014485
37,04-05-2012,535311.64,77.17,3.749,220.3545033
37,11-05-2012,527983.04,76.55,3.688,220.4075581
37,18-05-2012,534847.96,73.7,3.63,220.4252149
37,25-05-2012,540625.79,78.94,3.561,220.4287124
37,01-06-2012,531811.85,80.74,3.501,220.4322099
37,08-06-2012,528940.78,81.5,3.452,220.4357073
37,15-06-2012,508573.16,82.15,3.393,220.4494148
37,22-06-2012,484032.75,80.4,3.346,220.4886472
37,29-06-2012,508309.81,86.68,3.286,220.5278796
37,06-07-2012,519498.32,81.52,3.227,220.567112
37,13-07-2012,506005.47,78.15,3.256,220.6063444
37,20-07-2012,503744.56,81.76,3.311,220.6148749
37,27-07-2012,514489.17,84.0,3.407,220.6234054
37,03-08-2012,521959.28,85.56,3.417,220.6319358
37,10-08-2012,500964.59,84.41,3.494,220.6404663
37,17-08-2012,509633.71,85.89,3.571,220.7199609
37,24-08-2012,522665.04,81.26,3.62,220.8526787
37,31-08-2012,538344.1,84.79,3.638,220.9853964
37,07-09-2012,526838.14,84.19,3.73,221.1181142
37,14-09-2012,514651.74,78.16,3.717,221.2601207
37,21-09-2012,521320.98,75.98,3.721,221.4578604
37,28-09-2012,527953.14,79.49,3.666,221.6556
37,05-10-2012,546122.37,73.57,3.617,221.8533396
37,12-10-2012,521810.75,71.28,3.601,222.0510793
37,19-10-2012,551969.1,74.06,3.594,222.0951719
37,26-10-2012,534738.43,74.39,3.506,222.1136566
38,05-02-2010,358496.14,49.47,2.962,126.4420645
38,12-02-2010,342214.9,47.87,2.946,126.4962581
38,19-02-2010,327237.92,54.83,2.915,126.5262857
38,26-02-2010,334222.73,50.23,2.825,126.5522857
38,05-03-2010,372239.89,53.77,2.987,126.5782857
38,12-03-2010,342023.92,50.11,2.925,126.6042857
38,19-03-2010,333025.47,59.57,3.054,126.6066452
38,26-03-2010,335858.11,60.06,3.083,126.6050645
38,02-04-2010,368929.55,59.84,3.086,126.6034839
38,09-04-2010,341630.46,59.25,3.09,126.6019032
38,16-04-2010,337723.49,64.95,3.109,126.5621
38,23-04-2010,335121.82,64.55,3.05,126.4713333
38,30-04-2010,337979.65,67.38,3.105,126.3805667
38,07-05-2010,383657.44,70.15,3.127,126.2898
38,14-05-2010,346174.3,68.44,3.145,126.2085484
38,21-05-2010,340497.08,76.2,3.12,126.1843871
38,28-05-2010,326469.43,67.84,3.058,126.1602258
38,04-06-2010,376184.88,81.39,2.941,126.1360645
38,11-06-2010,354828.65,90.84,2.949,126.1119032
38,18-06-2010,335691.85,81.06,3.043,126.114
38,25-06-2010,322046.76,87.27,3.084,126.1266
38,02-07-2010,361181.48,91.98,3.105,126.1392
38,09-07-2010,343850.34,90.37,3.1,126.1518
38,16-07-2010,338277.71,97.18,3.094,126.1498065
38,23-07-2010,328336.85,99.22,3.112,126.1283548
38,30-07-2010,336378.38,96.31,3.017,126.1069032
38,06-08-2010,378574.44,92.95,3.123,126.0854516
38,13-08-2010,341400.72,87.01,3.159,126.064
38,20-08-2010,329139.73,92.81,3.041,126.0766452
38,27-08-2010,322868.56,93.19,3.129,126.0892903
38,03-09-2010,377096.55,83.12,3.087,126.1019355
38,10-09-2010,336227.69,83.63,3.044,126.1145806
38,17-09-2010,336253.19,82.45,3.028,126.1454667
38,24-09-2010,330604.9,81.77,2.939,126.1900333
38,01-10-2010,360256.58,85.2,3.001,126.2346
38,08-10-2010,351271.36,71.82,3.013,126.2791667
38,15-10-2010,337743.26,75.0,2.976,126.3266774
38,22-10-2010,339042.18,68.85,3.014,126.3815484
38,29-10-2010,341219.63,61.09,3.016,126.4364194
38,05-11-2010,380870.09,65.49,3.129,126.4912903
38,12-11-2010,340147.2,57.79,3.13,126.5461613
38,19-11-2010,348593.99,58.18,3.161,126.6072
38,26-11-2010,360857.98,47.66,3.162,126.6692667
38,03-12-2010,351925.36,43.33,3.041,126.7313333
38,10-12-2010,355965.23,50.01,3.203,126.7934
38,17-12-2010,334441.15,52.77,3.236,126.8794839
38,24-12-2010,369106.72,52.02,3.236,126.9835806
38,31-12-2010,303908.81,45.64,3.148,127.0876774
38,07-01-2011,386344.54,37.64,3.287,127.1917742
38,14-01-2011,356138.79,43.15,3.312,127.3009355
38,21-01-2011,341098.08,53.53,3.223,127.4404839
38,28-01-2011,357557.16,50.74,3.342,127.5800323
38,04-02-2011,402341.76,45.14,3.348,127.7195806
38,11-02-2011,377672.46,51.3,3.381,127.859129
38,18-02-2011,364606.7,53.35,3.43,127.99525
38,25-02-2011,354232.34,48.45,3.53,128.13
38,04-03-2011,405429.43,51.72,3.674,128.26475
38,11-03-2011,357897.18,57.75,3.818,128.3995
38,18-03-2011,349459.95,64.21,3.692,128.5121935
38,25-03-2011,351541.62,54.4,3.909,128.6160645
38,01-04-2011,382098.13,63.63,3.772,128.7199355
38,08-04-2011,392152.3,64.47,4.003,128.8238065
38,15-04-2011,362758.94,57.63,3.868,128.9107333
38,22-04-2011,362952.34,72.12,4.134,128.9553
38,29-04-2011,344225.99,68.27,4.151,128.9998667
38,06-05-2011,422186.65,68.4,4.193,129.0444333
38,13-05-2011,366977.79,70.93,4.202,129.089
38,20-05-2011,365730.76,66.59,4.169,129.0756774
38,27-05-2011,356886.1,76.67,4.087,129.0623548
38,03-06-2011,396826.06,71.81,4.031,129.0490323
38,10-06-2011,381763.02,78.72,3.981,129.0357097
38,17-06-2011,356797.0,86.84,3.935,129.0432
38,24-06-2011,354078.95,88.95,3.898,129.0663
38,01-07-2011,387334.04,89.85,3.842,129.0894
38,08-07-2011,399699.17,89.9,3.705,129.1125
38,15-07-2011,367181.71,88.1,3.692,129.1338387
38,22-07-2011,365562.67,91.17,3.794,129.1507742
38,29-07-2011,355131.33,93.29,3.805,129.1677097
38,05-08-2011,437631.44,90.61,3.803,129.1846452
38,12-08-2011,387844.05,91.04,3.701,129.2015806
38,19-08-2011,362224.7,91.74,3.743,129.2405806
38,26-08-2011,365672.55,94.61,3.74,129.2832581
38,02-09-2011,416953.51,93.66,3.798,129.3259355
38,09-09-2011,397771.68,88.0,3.913,129.3686129
38,16-09-2011,408188.88,76.36,3.918,129.4306
38,23-09-2011,394665.28,82.95,3.789,129.5183333
38,30-09-2011,366819.84,83.26,3.877,129.6060667
38,07-10-2011,449516.29,70.44,3.827,129.6938
38,14-10-2011,400430.78,67.31,3.805,129.7706452
38,21-10-2011,402709.17,73.05,3.842,129.7821613
38,28-10-2011,378539.17,67.41,3.727,129.7936774
38,04-11-2011,436970.1,59.77,3.828,129.8051935
38,11-11-2011,411116.95,48.76,3.824,129.8167097
38,18-11-2011,392003.13,54.2,3.813,129.8268333
38,25-11-2011,393715.71,53.25,3.622,129.8364
38,02-12-2011,411252.02,52.5,3.701,129.8459667
38,09-12-2011,435401.64,42.17,3.644,129.8555333
38,16-12-2011,404283.84,43.29,3.6,129.8980645
38,23-12-2011,419717.41,45.4,3.541,129.9845484
38,30-12-2011,342667.35,44.64,3.428,130.0710323
38,06-01-2012,478483.2,50.43,3.599,130.1575161
38,13-01-2012,423260.82,48.07,3.657,130.244
38,20-01-2012,405215.91,46.2,3.66,130.2792258
38,27-01-2012,412882.31,50.43,3.675,130.3144516
38,03-02-2012,457711.68,50.58,3.702,130.3496774
38,10-02-2012,469787.38,52.27,3.722,130.3849032
38,17-02-2012,415513.97,51.8,3.781,130.4546207
38,24-02-2012,409411.61,53.13,3.95,130.5502069
38,02-03-2012,471115.38,52.27,4.178,130.6457931
38,09-03-2012,452792.53,54.54,4.25,130.7413793
38,16-03-2012,428465.11,64.44,4.273,130.8261935
38,23-03-2012,412456.48,56.26,4.038,130.8966452
38,30-03-2012,408679.36,64.36,4.294,130.9670968
38,06-04-2012,499267.66,64.05,4.121,131.0375484
38,13-04-2012,435790.74,64.28,4.254,131.108
38,20-04-2012,401615.8,66.73,4.222,131.1173333
38,27-04-2012,419964.77,77.99,4.193,131.1266667
38,04-05-2012,491755.69,76.03,4.171,131.136
38,11-05-2012,429914.6,77.27,4.186,131.1453333
38,18-05-2012,412314.71,84.51,4.11,131.0983226
38,25-05-2012,422810.12,83.84,4.293,131.0287742
38,01-06-2012,435579.7,78.11,4.277,130.9592258
38,08-06-2012,448110.25,84.83,4.103,130.8896774
38,15-06-2012,430222.07,85.94,4.144,130.8295333
38,22-06-2012,405938.35,91.61,4.014,130.7929
38,29-06-2012,404634.36,90.47,3.875,130.7562667
38,06-07-2012,471086.22,89.13,3.765,130.7196333
38,13-07-2012,416036.75,95.61,3.723,130.683
38,20-07-2012,441683.74,85.53,3.726,130.7012903
38,27-07-2012,407186.47,93.47,3.769,130.7195806
38,03-08-2012,469311.17,88.16,3.76,130.737871
38,10-08-2012,436690.13,95.91,3.811,130.7561613
38,17-08-2012,411866.46,94.87,4.002,130.7909677
38,24-08-2012,397428.22,85.32,4.055,130.8381613
38,31-08-2012,424904.95,89.78,4.093,130.8853548
38,07-09-2012,490274.82,88.52,4.124,130.9325484
38,14-09-2012,430944.39,83.64,4.133,130.9776667
38,21-09-2012,409600.98,82.97,4.125,131.0103333
38,28-09-2012,398468.08,81.22,3.966,131.043
38,05-10-2012,458479.01,81.61,3.966,131.0756667
38,12-10-2012,437320.66,71.74,4.468,131.1083333
38,19-10-2012,428806.46,68.66,4.449,131.1499677
38,26-10-2012,417290.38,65.95,4.301,131.1930968
39,05-02-2010,1230596.8,44.3,2.572,209.8529663
39,12-02-2010,1266229.07,44.58,2.548,209.9970208
39,19-02-2010,1230591.97,43.96,2.514,210.0451024
39,26-02-2010,1168582.02,49.79,2.561,210.0771885
39,05-03-2010,1266254.21,50.93,2.625,210.1092746
39,12-03-2010,1244391.83,61.88,2.667,210.1413607
39,19-03-2010,1301590.13,58.62,2.72,209.9803208
39,26-03-2010,1235094.66,54.83,2.732,209.7870932
39,02-04-2010,1463942.62,63.31,2.719,209.5938656
39,09-04-2010,1327035.27,68.15,2.77,209.400638
39,16-04-2010,1242874.98,66.33,2.808,209.2691428
39,23-04-2010,1280231.85,67.64,2.795,209.2199574
39,30-04-2010,1263836.59,70.03,2.78,209.170772
39,07-05-2010,1355704.21,74.86,2.835,209.1215867
39,14-05-2010,1226997.7,77.49,2.854,209.118536
39,21-05-2010,1350673.98,76.67,2.826,209.3922937
39,28-05-2010,1365541.59,80.22,2.759,209.6660514
39,04-06-2010,1512207.95,79.83,2.705,209.9398091
39,11-06-2010,1371405.33,81.78,2.668,210.2135668
39,18-06-2010,1368312.45,83.96,2.637,210.2108417
39,25-06-2010,1280414.8,83.24,2.653,210.0975233
39,02-07-2010,1352547.7,81.35,2.669,209.984205
39,09-07-2010,1330473.47,81.1,2.642,209.8708867
39,16-07-2010,1339811.68,83.86,2.623,209.8630532
39,23-07-2010,1314651.83,82.2,2.608,209.9958663
39,30-07-2010,1308222.24,80.99,2.64,210.1286794
39,06-08-2010,1409989.67,84.92,2.627,210.2614925
39,13-08-2010,1371465.66,85.66,2.692,210.3943056
39,20-08-2010,1471816.52,85.73,2.664,210.3617581
39,27-08-2010,1417515.93,84.31,2.619,210.3292106
39,03-09-2010,1345167.61,82.13,2.577,210.2966631
39,10-09-2010,1279666.47,79.94,2.565,210.2641156
39,17-09-2010,1252915.43,81.83,2.582,210.2924504
39,24-09-2010,1199449.54,78.5,2.624,210.3664469
39,01-10-2010,1219583.91,72.74,2.603,210.4404433
39,08-10-2010,1286598.59,64.8,2.633,210.5144398
39,15-10-2010,1238742.0,69.96,2.72,210.5805944
39,22-10-2010,1261109.01,71.73,2.725,210.6271444
39,29-10-2010,1294769.08,75.14,2.716,210.6736944
39,05-11-2010,1293707.19,61.62,2.689,210.7202444
39,12-11-2010,1291398.71,62.21,2.728,210.7667944
39,19-11-2010,1370659.54,55.5,2.771,210.65429
39,26-11-2010,2149355.2,67.75,2.735,210.5152765
39,03-12-2010,1431910.98,53.55,2.708,210.376263
39,10-12-2010,1630564.48,50.81,2.843,210.2372494
39,17-12-2010,1842172.46,55.31,2.869,210.1787224
39,24-12-2010,2495489.25,58.86,2.886,210.1805602
39,31-12-2010,1230012.16,52.45,2.943,210.182398
39,07-01-2011,1224475.12,52.74,2.976,210.1842358
39,14-01-2011,1193199.39,41.74,2.983,210.2379731
39,21-01-2011,1243370.74,50.25,3.016,210.6031072
39,28-01-2011,1158698.44,47.94,3.01,210.9682412
39,04-02-2011,1343773.94,45.96,2.989,211.3333753
39,11-02-2011,1227893.89,40.34,3.022,211.6985093
39,18-02-2011,1335233.74,58.2,3.045,212.0063522
39,25-02-2011,1240921.19,67.77,3.065,212.2912786
39,04-03-2011,1316385.43,63.56,3.288,212.576205
39,11-03-2011,1283716.81,58.35,3.459,212.8611313
39,18-03-2011,1348410.05,65.28,3.488,213.1096787
39,25-03-2011,1284334.79,71.17,3.473,213.3436744
39,01-04-2011,1316849.36,66.57,3.524,213.5776701
39,08-04-2011,1350646.16,69.45,3.622,213.8116658
39,15-04-2011,1348031.55,73.19,3.743,214.026217
39,22-04-2011,1563140.85,74.98,3.807,214.1921572
39,29-04-2011,1379651.87,76.47,3.81,214.3580974
39,06-05-2011,1370920.87,68.75,3.906,214.5240376
39,13-05-2011,1325022.77,77.39,3.899,214.6899778
39,20-05-2011,1373907.21,73.31,3.907,214.465412
39,27-05-2011,1406124.14,82.1,3.786,214.2408462
39,03-06-2011,1541745.59,83.59,3.699,214.0162805
39,10-06-2011,1442092.08,82.75,3.648,213.7917147
39,17-06-2011,1451392.67,85.21,3.637,213.7481256
39,24-06-2011,1363167.95,84.06,3.594,213.8402689
39,01-07-2011,1429829.36,84.93,3.524,213.9324122
39,08-07-2011,1414564.53,84.33,3.48,214.0245556
39,15-07-2011,1380257.12,85.96,3.575,214.1083654
39,22-07-2011,1416005.59,84.6,3.651,214.1713416
39,29-07-2011,1426418.53,86.24,3.682,214.2343177
39,05-08-2011,1518790.89,87.73,3.684,214.2972939
39,12-08-2011,1514055.97,88.27,3.638,214.3602701
39,19-08-2011,1629066.9,87.93,3.554,214.4239935
39,26-08-2011,1573898.63,86.49,3.523,214.4878416
39,02-09-2011,1465089.85,88.65,3.533,214.5516896
39,09-09-2011,1429345.86,79.15,3.546,214.6155376
39,16-09-2011,1372500.63,83.11,3.526,214.7934111
39,23-09-2011,1338657.95,78.75,3.467,215.1233185
39,30-09-2011,1311775.83,81.51,3.355,215.4532259
39,07-10-2011,1443884.39,71.68,3.285,215.7831333
39,14-10-2011,1384721.84,73.79,3.274,216.0885258
39,21-10-2011,1465283.29,67.65,3.353,216.2468287
39,28-10-2011,1472663.1,71.05,3.372,216.4051315
39,04-11-2011,1553629.59,58.04,3.332,216.5634344
39,11-11-2011,1456957.38,63.11,3.297,216.7217373
39,18-11-2011,1510397.27,66.09,3.308,216.9395861
39,25-11-2011,2338832.4,66.36,3.236,217.1812533
39,02-12-2011,1632894.58,53.14,3.172,217.4229206
39,09-12-2011,1781528.77,49.36,3.158,217.6645878
39,16-12-2011,1991824.05,58.58,3.159,217.8781339
39,23-12-2011,2554482.84,54.62,3.112,218.0541851
39,30-12-2011,1537139.56,47.6,3.129,218.2302364
39,06-01-2012,1478537.93,55.83,3.157,218.4062876
39,13-01-2012,1369125.37,54.66,3.261,218.5823389
39,20-01-2012,1394841.03,58.04,3.268,218.6755292
39,27-01-2012,1320301.61,60.65,3.29,218.7687195
39,03-02-2012,1396150.15,60.69,3.36,218.8619099
39,10-02-2012,1442988.44,52.89,3.409,218.9551002
39,17-02-2012,1511041.69,52.75,3.51,219.1148297
39,24-02-2012,1412065.04,61.1,3.555,219.3244636
39,02-03-2012,1453047.02,64.05,3.63,219.5340975
39,09-03-2012,1470764.35,61.64,3.669,219.7437314
39,16-03-2012,1522421.07,65.81,3.734,219.8956335
39,23-03-2012,1469593.37,67.91,3.787,219.9705599
39,30-03-2012,1499727.02,69.11,3.845,220.0454862
39,06-04-2012,1764847.94,73.49,3.891,220.1204125
39,13-04-2012,1580732.73,71.59,3.891,220.1953389
39,20-04-2012,1433391.04,70.04,3.877,220.2483937
39,27-04-2012,1456997.2,69.11,3.814,220.3014485
39,04-05-2012,1512227.34,77.15,3.749,220.3545033
39,11-05-2012,1470792.41,75.52,3.688,220.4075581
39,18-05-2012,1522978.54,72.36,3.63,220.4252149
39,25-05-2012,1596036.66,78.31,3.561,220.4287124
39,01-06-2012,1640476.77,80.33,3.501,220.4322099
39,08-06-2012,1623442.24,81.12,3.452,220.4357073
39,15-06-2012,1587499.82,81.33,3.393,220.4494148
39,22-06-2012,1532316.79,79.84,3.346,220.4886472
39,29-06-2012,1492388.98,85.72,3.286,220.5278796
39,06-07-2012,1659221.99,81.05,3.227,220.567112
39,13-07-2012,1471261.76,78.16,3.256,220.6063444
39,20-07-2012,1582168.27,80.32,3.311,220.6148749
39,27-07-2012,1487797.54,82.89,3.407,220.6234054
39,03-08-2012,1608277.74,84.05,3.417,220.6319358
39,10-08-2012,1641867.92,83.47,3.494,220.6404663
39,17-08-2012,1720221.91,84.72,3.571,220.7199609
39,24-08-2012,1724669.75,80.49,3.62,220.8526787
39,31-08-2012,1710923.94,83.72,3.638,220.9853964
39,07-09-2012,1609811.75,83.71,3.73,221.1181142
39,14-09-2012,1447614.08,76.71,3.717,221.2601207
39,21-09-2012,1555672.51,73.58,3.721,221.4578604
39,28-09-2012,1495607.07,78.04,3.666,221.6556
39,05-10-2012,1574408.67,72.05,3.617,221.8533396
39,12-10-2012,1494417.07,69.88,3.601,222.0510793
39,19-10-2012,1577486.33,71.45,3.594,222.0951719
39,26-10-2012,1569502.0,72.9,3.506,222.1136566
40,05-02-2010,1001943.8,14.48,2.788,131.5279032
40,12-02-2010,955338.29,20.84,2.771,131.5866129
40,19-02-2010,916289.2,27.84,2.747,131.637
40,26-02-2010,863917.41,33.32,2.753,131.686
40,05-03-2010,990152.28,34.78,2.766,131.735
40,12-03-2010,899352.4,35.1,2.805,131.784
40,19-03-2010,894865.3,40.54,2.834,131.8242903
40,26-03-2010,873354.58,39.51,2.831,131.863129
40,02-04-2010,1041202.13,41.39,2.826,131.9019677
40,09-04-2010,919839.19,54.31,2.849,131.9408065
40,16-04-2010,882636.96,43.3,2.885,131.9809
40,23-04-2010,844958.49,45.85,2.895,132.0226667
40,30-04-2010,816838.31,46.5,2.935,132.0644333
40,07-05-2010,1009797.06,60.05,2.981,132.1062
40,14-05-2010,907262.47,45.5,2.983,132.152129
40,21-05-2010,885613.91,56.75,2.961,132.2230323
40,28-05-2010,1008483.07,67.88,2.906,132.2939355
40,04-06-2010,1052429.03,65.7,2.857,132.3648387
40,11-06-2010,1007574.67,59.42,2.83,132.4357419
40,18-06-2010,973105.3,60.97,2.805,132.4733333
40,25-06-2010,940405.03,69.72,2.81,132.4976
40,02-07-2010,1087578.78,65.47,2.815,132.5218667
40,09-07-2010,1058250.91,76.67,2.806,132.5461333
40,16-07-2010,959229.09,74.25,2.796,132.5667742
40,23-07-2010,922341.82,71.79,2.784,132.5825806
40,30-07-2010,953393.02,71.35,2.792,132.5983871
40,06-08-2010,1057295.87,69.16,2.792,132.6141935
40,13-08-2010,924011.76,67.47,2.81,132.63
40,20-08-2010,932397.0,67.05,2.796,132.6616129
40,27-08-2010,922328.02,62.57,2.77,132.6932258
40,03-09-2010,976453.34,70.66,2.735,132.7248387
40,10-09-2010,967310.82,62.75,2.717,132.7564516
40,17-09-2010,855046.95,55.34,2.716,132.7670667
40,24-09-2010,844373.31,55.63,2.718,132.7619333
40,01-10-2010,891152.33,62.01,2.717,132.7568
40,08-10-2010,972405.38,52.02,2.776,132.7516667
40,15-10-2010,917883.17,44.56,2.878,132.7633548
40,22-10-2010,882180.91,41.25,2.919,132.8170968
40,29-10-2010,875038.84,47.1,2.938,132.8708387
40,05-11-2010,968270.66,36.45,2.938,132.9245806
40,12-11-2010,935481.32,38.5,2.961,132.9783226
40,19-11-2010,852452.93,40.52,3.03,132.9172
40,26-11-2010,1166142.85,32.94,3.07,132.8369333
40,03-12-2010,1000582.06,33.6,3.065,132.7566667
40,10-12-2010,1111215.72,21.64,3.132,132.6764
40,17-12-2010,1179036.3,23.01,3.139,132.6804516
40,24-12-2010,1648829.18,24.18,3.15,132.7477419
40,31-12-2010,811318.3,19.29,3.177,132.8150323
40,07-01-2011,894280.19,24.05,3.193,132.8823226
40,14-01-2011,771315.62,18.55,3.215,132.9510645
40,21-01-2011,764014.75,14.64,3.232,133.0285161
40,28-01-2011,775910.43,9.51,3.243,133.1059677
40,04-02-2011,904261.65,13.29,3.24,133.1834194
40,11-02-2011,931939.52,16.87,3.255,133.260871
40,18-02-2011,968694.45,21.82,3.263,133.3701429
40,25-02-2011,888869.27,16.5,3.281,133.4921429
40,04-03-2011,977070.62,18.49,3.437,133.6141429
40,11-03-2011,860255.58,30.53,3.6,133.7361429
40,18-03-2011,871024.26,35.76,3.634,133.8492258
40,25-03-2011,834621.39,28.89,3.624,133.9587419
40,01-04-2011,841889.08,28.6,3.638,134.0682581
40,08-04-2011,947753.32,34.77,3.72,134.1777742
40,15-04-2011,874446.32,43.69,3.823,134.2784667
40,22-04-2011,965056.4,39.32,3.919,134.3571
40,29-04-2011,847246.5,52.68,3.988,134.4357333
40,06-05-2011,1016752.55,50.81,4.078,134.5143667
40,13-05-2011,903864.02,54.09,4.095,134.593
40,20-05-2011,907110.83,56.38,4.101,134.6803871
40,27-05-2011,972373.81,63.11,4.034,134.7677742
40,03-06-2011,1075687.74,66.16,3.973,134.8551613
40,10-06-2011,984336.04,64.19,3.924,134.9425484
40,17-06-2011,971422.67,59.16,3.873,135.0837333
40,24-06-2011,977103.64,62.59,3.851,135.2652667
40,01-07-2011,1048866.3,65.25,3.815,135.4468
40,08-07-2011,1107366.06,67.86,3.784,135.6283333
40,15-07-2011,953252.14,68.9,3.827,135.7837419
40,22-07-2011,980642.1,73.34,3.882,135.8738387
40,29-07-2011,929096.9,67.45,3.898,135.9639355
40,05-08-2011,1063818.2,68.1,3.903,136.0540323
40,12-08-2011,955506.95,68.3,3.88,136.144129
40,19-08-2011,943237.12,64.05,3.82,136.183129
40,26-08-2011,969611.3,65.01,3.796,136.2136129
40,02-09-2011,957298.26,63.79,3.784,136.2440968
40,09-09-2011,1021391.99,64.83,3.809,136.2745806
40,16-09-2011,890661.79,58.28,3.809,136.3145
40,23-09-2011,876583.98,54.09,3.758,136.367
40,30-09-2011,912857.1,63.45,3.684,136.4195
40,07-10-2011,1070389.98,50.21,3.633,136.472
40,14-10-2011,936751.68,53.9,3.583,136.5150968
40,21-10-2011,942319.65,51.61,3.618,136.5017742
40,28-10-2011,941675.95,42.09,3.604,136.4884516
40,04-11-2011,1011321.18,35.4,3.586,136.475129
40,11-11-2011,1037687.07,40.75,3.57,136.4618065
40,18-11-2011,905399.99,41.85,3.571,136.4666667
40,25-11-2011,1230011.95,32.76,3.536,136.4788
40,02-12-2011,1059676.62,38.51,3.501,136.4909333
40,09-12-2011,1158708.98,34.48,3.47,136.5030667
40,16-12-2011,1198670.19,29.53,3.445,136.5335161
40,23-12-2011,1601585.7,24.46,3.413,136.5883871
40,30-12-2011,908853.15,18.75,3.402,136.6432581
40,06-01-2012,954576.86,23.29,3.439,136.698129
40,13-01-2012,780607.52,25.9,3.523,136.753
40,20-01-2012,811365.42,14.02,3.542,136.8564194
40,27-01-2012,770157.29,22.91,3.568,136.9598387
40,03-02-2012,979552.34,27.86,3.633,137.0632581
40,10-02-2012,999785.48,23.92,3.655,137.1666774
40,17-02-2012,975500.87,25.56,3.703,137.2583103
40,24-02-2012,919301.81,29.88,3.751,137.3411034
40,02-03-2012,927732.02,23.79,3.827,137.4238966
40,09-03-2012,954233.87,30.58,3.876,137.5066897
40,16-03-2012,891154.18,37.13,3.867,137.5843871
40,23-03-2012,844490.86,52.27,3.889,137.6552903
40,30-03-2012,871945.64,36.25,3.921,137.7261935
40,06-04-2012,1132064.23,36.54,3.957,137.7970968
40,13-04-2012,857811.17,40.65,4.025,137.868
40,20-04-2012,896979.93,55.3,4.046,137.9230667
40,27-04-2012,875372.91,47.51,4.023,137.9781333
40,04-05-2012,993311.59,44.47,3.991,138.0332
40,11-05-2012,967729.35,52.06,3.947,138.0882667
40,18-05-2012,896295.41,57.59,3.899,138.1065806
40,25-05-2012,991054.49,65.25,3.85,138.1101935
40,01-06-2012,1037464.27,64.75,3.798,138.1138065
40,08-06-2012,1079386.88,55.78,3.746,138.1174194
40,15-06-2012,977950.28,63.39,3.683,138.1295333
40,22-06-2012,1033552.18,69.32,3.629,138.1629
40,29-06-2012,988764.84,64.42,3.577,138.1962667
40,06-07-2012,1182901.56,69.08,3.538,138.2296333
40,13-07-2012,979848.71,67.48,3.561,138.263
40,20-07-2012,968502.38,70.45,3.61,138.2331935
40,27-07-2012,954396.85,67.88,3.701,138.2033871
40,03-08-2012,1068346.76,70.15,3.698,138.1735806
40,10-08-2012,1007906.43,70.09,3.772,138.1437742
40,17-08-2012,969387.48,69.41,3.84,138.1857097
40,24-08-2012,945318.47,63.91,3.874,138.2814516
40,31-08-2012,987264.67,66.11,3.884,138.3771935
40,07-09-2012,1088248.4,65.06,3.921,138.4729355
40,14-09-2012,901709.82,59.38,3.988,138.5673
40,21-09-2012,899768.4,54.12,4.056,138.6534
40,28-09-2012,919595.44,50.98,4.018,138.7395
40,05-10-2012,1069112.0,57.21,4.027,138.8256
40,12-10-2012,982523.26,47.35,4.029,138.9117
40,19-10-2012,918170.5,46.33,4.0,138.8336129
40,26-10-2012,921264.52,49.65,3.917,138.7281613
41,05-02-2010,1086533.18,30.27,2.58,189.3816974
41,12-02-2010,1075656.34,23.04,2.572,189.4642725
41,19-02-2010,1052034.74,24.13,2.55,189.5340998
41,26-02-2010,991941.73,21.84,2.586,189.6018023
41,05-03-2010,1063557.49,32.49,2.62,189.6695049
41,12-03-2010,1023997.71,33.4,2.684,189.7372075
41,19-03-2010,1006597.69,36.7,2.692,189.734262
41,26-03-2010,1015196.46,32.3,2.717,189.7195417
41,02-04-2010,1168826.39,41.31,2.725,189.7048215
41,09-04-2010,1082158.21,37.3,2.75,189.6901012
41,16-04-2010,1043388.79,46.79,2.765,189.6628845
41,23-04-2010,1067340.74,45.29,2.776,189.6190057
41,30-04-2010,1063960.11,40.2,2.766,189.575127
41,07-05-2010,1175738.22,41.5,2.771,189.5312483
41,14-05-2010,1116439.02,40.23,2.788,189.4904116
41,21-05-2010,1163234.33,50.59,2.776,189.467827
41,28-05-2010,1246654.24,56.97,2.737,189.4452425
41,04-06-2010,1305068.1,60.13,2.7,189.422658
41,11-06-2010,1217199.39,63.36,2.684,189.4000734
41,18-06-2010,1202963.06,54.9,2.674,189.4185259
41,25-06-2010,1174209.52,66.0,2.715,189.4533931
41,02-07-2010,1273279.79,69.39,2.728,189.4882603
41,09-07-2010,1176079.59,60.93,2.711,189.5231276
41,16-07-2010,1179788.38,69.06,2.699,189.6125456
41,23-07-2010,1192213.87,70.77,2.691,189.774698
41,30-07-2010,1211136.63,70.07,2.69,189.9368504
41,06-08-2010,1338132.72,69.21,2.69,190.0990028
41,13-08-2010,1285976.53,70.24,2.723,190.2611552
41,20-08-2010,1353838.39,66.19,2.732,190.2948237
41,27-08-2010,1173131.63,70.59,2.731,190.3284922
41,03-09-2010,1223355.5,64.13,2.773,190.3621607
41,10-09-2010,1172672.27,63.3,2.78,190.3958293
41,17-09-2010,1111170.91,62.4,2.8,190.4688287
41,24-09-2010,1110941.78,60.11,2.793,190.5713264
41,01-10-2010,1109216.35,62.67,2.759,190.6738241
41,08-10-2010,1162042.24,57.1,2.745,190.7763218
41,15-10-2010,1133913.33,49.91,2.762,190.8623087
41,22-10-2010,1156003.7,48.09,2.762,190.9070184
41,29-10-2010,1144854.56,42.16,2.748,190.951728
41,05-11-2010,1163878.49,46.74,2.729,190.9964377
41,12-11-2010,1175326.23,38.99,2.737,191.0411474
41,19-11-2010,1172155.28,31.34,2.758,191.0312172
41,26-11-2010,1866681.57,25.3,2.742,191.0121805
41,03-12-2010,1220115.75,33.0,2.712,190.9931437
41,10-12-2010,1434908.13,33.9,2.728,190.9741069
41,17-12-2010,1627904.68,31.51,2.778,191.0303376
41,24-12-2010,2225016.73,29.81,2.781,191.1430189
41,31-12-2010,1001790.16,25.19,2.829,191.2557002
41,07-01-2011,1153596.53,23.76,2.882,191.3683815
41,14-01-2011,1052609.16,22.44,2.911,191.4784939
41,21-01-2011,1088025.8,32.7,2.973,191.5731924
41,28-01-2011,1026439.93,32.23,3.008,191.667891
41,04-02-2011,1179420.5,14.56,3.011,191.7625895
41,11-02-2011,1150003.36,16.81,3.037,191.8572881
41,18-02-2011,1203399.64,39.39,3.051,191.9178331
41,25-02-2011,1099714.93,26.1,3.101,191.9647167
41,04-03-2011,1229257.7,34.99,3.232,192.0116004
41,11-03-2011,1159089.6,31.6,3.372,192.058484
41,18-03-2011,1115504.26,40.19,3.406,192.1237981
41,25-03-2011,1140578.16,41.11,3.414,192.1964844
41,01-04-2011,1179125.48,38.16,3.461,192.2691707
41,08-04-2011,1206252.12,42.87,3.532,192.3418571
41,15-04-2011,1192982.07,39.94,3.611,192.4225954
41,22-04-2011,1304481.75,42.86,3.636,192.5234638
41,29-04-2011,1178841.05,39.81,3.663,192.6243322
41,06-05-2011,1244956.91,41.2,3.735,192.7252006
41,13-05-2011,1270025.74,50.29,3.767,192.826069
41,20-05-2011,1244542.33,41.11,3.828,192.831317
41,27-05-2011,1278304.33,50.56,3.795,192.8365651
41,03-06-2011,1297584.95,54.81,3.763,192.8418131
41,10-06-2011,1311690.11,61.1,3.735,192.8470612
41,17-06-2011,1289151.84,62.3,3.697,192.9034759
41,24-06-2011,1244381.98,59.54,3.661,192.9982655
41,01-07-2011,1333347.78,67.01,3.597,193.0930552
41,08-07-2011,1338862.58,68.49,3.54,193.1878448
41,15-07-2011,1245772.7,68.18,3.532,193.3125484
41,22-07-2011,1292830.93,74.11,3.545,193.5120367
41,29-07-2011,1248330.1,71.3,3.547,193.711525
41,05-08-2011,1402233.69,72.19,3.554,193.9110133
41,12-08-2011,1356689.88,67.65,3.542,194.1105017
41,19-08-2011,1412959.97,70.55,3.499,194.2500634
41,26-08-2011,1328740.71,71.61,3.485,194.3796374
41,02-09-2011,1283849.38,70.37,3.511,194.5092113
41,09-09-2011,1280958.97,58.31,3.566,194.6387853
41,16-09-2011,1197019.39,54.82,3.596,194.7419707
41,23-09-2011,1173059.79,55.06,3.581,194.8099713
41,30-09-2011,1160619.61,61.77,3.538,194.8779718
41,07-10-2011,1277882.77,58.74,3.498,194.9459724
41,14-10-2011,1247130.22,47.43,3.491,195.0261012
41,21-10-2011,1214944.29,45.62,3.548,195.1789994
41,28-10-2011,1274463.02,37.02,3.55,195.3318977
41,04-11-2011,1315684.86,35.04,3.527,195.4847959
41,11-11-2011,1302499.23,32.87,3.505,195.6376941
41,18-11-2011,1230118.02,36.64,3.479,195.7184713
41,25-11-2011,1906713.35,36.37,3.424,195.7704
41,02-12-2011,1292436.23,34.53,3.378,195.8223287
41,09-12-2011,1548661.45,17.05,3.331,195.8742575
41,16-12-2011,1682368.32,25.01,3.266,195.9841685
41,23-12-2011,2263722.68,25.59,3.173,196.1713893
41,30-12-2011,1264014.16,34.12,3.119,196.3586101
41,06-01-2012,1208191.61,37.21,3.095,196.5458309
41,13-01-2012,1134767.28,27.49,3.077,196.7330517
41,20-01-2012,1116295.24,31.56,3.055,196.7796652
41,27-01-2012,1079398.81,33.15,3.038,196.8262786
41,03-02-2012,1208825.6,31.65,3.031,196.8728921
41,10-02-2012,1238844.56,22.0,3.103,196.9195056
41,17-02-2012,1330451.46,22.52,3.113,196.9432711
41,24-02-2012,1224915.66,27.89,3.129,196.9499007
41,02-03-2012,1239813.26,27.39,3.191,196.9565303
41,09-03-2012,1243814.77,35.3,3.286,196.9631599
41,16-03-2012,1201511.62,47.76,3.486,197.0457208
41,23-03-2012,1215354.38,44.04,3.664,197.2295234
41,30-03-2012,1239423.19,51.56,3.75,197.4133259
41,06-04-2012,1460234.31,48.48,3.854,197.5971285
41,13-04-2012,1323004.73,46.84,3.901,197.780931
41,20-04-2012,1220815.33,43.57,3.936,197.7227385
41,27-04-2012,1248950.65,57.66,3.927,197.664546
41,04-05-2012,1359770.73,52.86,3.903,197.6063534
41,11-05-2012,1353285.1,50.22,3.87,197.5481609
41,18-05-2012,1331514.44,55.24,3.837,197.5553137
41,25-05-2012,1424500.47,54.89,3.804,197.5886046
41,01-06-2012,1374891.36,57.29,3.764,197.6218954
41,08-06-2012,1436383.84,65.11,3.741,197.6551863
41,15-06-2012,1384584.59,64.92,3.723,197.692292
41,22-06-2012,1386407.17,66.88,3.735,197.7389345
41,29-06-2012,1355600.01,76.54,3.693,197.785577
41,06-07-2012,1456300.89,74.47,3.646,197.8322195
41,13-07-2012,1332594.07,67.24,3.613,197.8788621
41,20-07-2012,1347175.93,74.06,3.585,197.9290378
41,27-07-2012,1344723.97,73.31,3.57,197.9792136
41,03-08-2012,1439607.35,73.16,3.528,198.0293893
41,10-08-2012,1504545.94,71.73,3.509,198.0795651
41,17-08-2012,1560590.05,65.77,3.545,198.1001057
41,24-08-2012,1464462.85,69.07,3.558,198.0984199
41,31-08-2012,1360517.52,71.56,3.556,198.0967341
41,07-09-2012,1392143.82,67.41,3.596,198.0950484
41,14-09-2012,1306644.25,59.39,3.659,198.1267184
41,21-09-2012,1276609.36,59.81,3.765,198.358523
41,28-09-2012,1307928.01,56.08,3.789,198.5903276
41,05-10-2012,1400160.95,50.14,3.779,198.8221322
41,12-10-2012,1409544.97,39.38,3.76,199.0539368
41,19-10-2012,1326197.24,49.56,3.75,199.1481963
41,26-10-2012,1316542.59,41.8,3.686,199.2195317
42,05-02-2010,543384.01,54.34,2.962,126.4420645
42,12-02-2010,575709.96,49.96,2.828,126.4962581
42,19-02-2010,508794.87,58.22,2.915,126.5262857
42,26-02-2010,491510.58,52.77,2.825,126.5522857
42,05-03-2010,554972.42,55.92,2.877,126.5782857
42,12-03-2010,588363.62,52.33,3.034,126.6042857
42,19-03-2010,519914.1,61.46,3.054,126.6066452
42,26-03-2010,478021.68,60.05,2.98,126.6050645
42,02-04-2010,505907.41,63.66,3.086,126.6034839
42,09-04-2010,582552.26,65.29,3.004,126.6019032
42,16-04-2010,549528.16,69.74,3.109,126.5621
42,23-04-2010,492364.77,66.42,3.05,126.4713333
42,30-04-2010,477615.87,69.76,3.105,126.3805667
42,07-05-2010,582846.22,71.06,3.127,126.2898
42,14-05-2010,564345.55,73.88,3.145,126.2085484
42,21-05-2010,504403.16,78.32,3.12,126.1843871
42,28-05-2010,484097.03,76.67,3.058,126.1602258
42,04-06-2010,556046.12,82.82,2.941,126.1360645
42,11-06-2010,607218.6,89.67,3.057,126.1119032
42,18-06-2010,529418.64,83.49,2.935,126.114
42,25-06-2010,484327.56,90.32,3.084,126.1266
42,02-07-2010,507168.8,92.89,2.978,126.1392
42,09-07-2010,570069.48,91.03,3.1,126.1518
42,16-07-2010,558837.27,91.8,2.971,126.1498065
42,23-07-2010,491115.86,88.44,3.112,126.1283548
42,30-07-2010,469598.57,85.03,3.017,126.1069032
42,06-08-2010,579544.21,86.13,3.123,126.0854516
42,13-08-2010,583079.97,88.37,3.049,126.064
42,20-08-2010,500945.63,89.88,3.041,126.0766452
42,27-08-2010,465993.51,84.99,3.022,126.0892903
42,03-09-2010,524658.06,83.8,3.087,126.1019355
42,10-09-2010,589091.04,84.04,2.961,126.1145806
42,17-09-2010,536871.58,85.52,3.028,126.1454667
42,24-09-2010,492262.96,85.75,2.939,126.1900333
42,01-10-2010,481523.93,86.01,3.001,126.2346
42,08-10-2010,599759.45,77.04,2.924,126.2791667
42,15-10-2010,559285.35,75.48,3.08,126.3266774
42,22-10-2010,522467.51,68.12,3.014,126.3815484
42,29-10-2010,476967.65,68.76,3.13,126.4364194
42,05-11-2010,565390.4,71.04,3.009,126.4912903
42,12-11-2010,588592.61,61.24,3.13,126.5461613
42,19-11-2010,524316.21,58.83,3.047,126.6072
42,26-11-2010,522296.71,55.33,3.162,126.6692667
42,03-12-2010,500250.8,51.17,3.041,126.7313333
42,10-12-2010,585175.24,60.51,3.091,126.7934
42,17-12-2010,537455.65,59.15,3.125,126.8794839
42,24-12-2010,555075.27,57.06,3.236,126.9835806
42,31-12-2010,428953.6,49.67,3.148,127.0876774
42,07-01-2011,592947.75,43.43,3.287,127.1917742
42,14-01-2011,613899.15,49.98,3.312,127.3009355
42,21-01-2011,533414.62,56.75,3.336,127.4404839
42,28-01-2011,499081.79,53.03,3.231,127.5800323
42,04-02-2011,586886.16,44.88,3.348,127.7195806
42,11-02-2011,628063.88,51.51,3.381,127.859129
42,18-02-2011,556485.1,61.77,3.43,127.99525
42,25-02-2011,526904.08,53.59,3.398,128.13
42,04-03-2011,570879.04,56.96,3.674,128.26475
42,11-03-2011,607294.56,64.22,3.63,128.3995
42,18-03-2011,558239.32,70.12,3.892,128.5121935
42,25-03-2011,522673.62,62.53,3.716,128.6160645
42,01-04-2011,508432.17,67.64,3.772,128.7199355
42,08-04-2011,620087.35,73.03,3.818,128.8238065
42,15-04-2011,597644.02,61.05,4.089,128.9107333
42,22-04-2011,534597.69,75.93,3.917,128.9553
42,29-04-2011,496010.17,73.38,4.151,128.9998667
42,06-05-2011,612337.35,73.56,4.193,129.0444333
42,13-05-2011,603024.75,74.04,4.202,129.089
42,20-05-2011,524559.95,72.62,3.99,129.0756774
42,27-05-2011,503295.29,78.62,3.933,129.0623548
42,03-06-2011,545109.3,81.87,3.893,129.0490323
42,10-06-2011,616701.99,84.57,3.981,129.0357097
42,17-06-2011,546675.65,87.96,3.935,129.0432
42,24-06-2011,501780.66,90.69,3.807,129.0663
42,01-07-2011,506343.83,95.36,3.842,129.0894
42,08-07-2011,593234.27,88.57,3.793,129.1125
42,15-07-2011,591703.82,86.01,3.779,129.1338387
42,22-07-2011,511316.29,88.59,3.697,129.1507742
42,29-07-2011,479256.8,86.75,3.694,129.1677097
42,05-08-2011,572603.33,89.8,3.803,129.1846452
42,12-08-2011,603147.26,85.61,3.794,129.2015806
42,19-08-2011,526641.23,87.4,3.743,129.2405806
42,26-08-2011,503720.98,91.59,3.663,129.2832581
42,02-09-2011,537124.76,91.61,3.798,129.3259355
42,09-09-2011,608390.94,89.06,3.771,129.3686129
42,16-09-2011,576837.09,77.49,3.784,129.4306
42,23-09-2011,528486.45,82.51,3.789,129.5183333
42,30-09-2011,510243.79,82.27,3.877,129.6060667
42,07-10-2011,649111.23,75.01,3.827,129.6938
42,14-10-2011,613531.11,70.27,3.698,129.7706452
42,21-10-2011,537276.41,77.91,3.842,129.7821613
42,28-10-2011,515599.7,72.79,3.843,129.7936774
42,04-11-2011,597667.21,68.57,3.828,129.8051935
42,11-11-2011,643125.29,55.28,3.677,129.8167097
42,18-11-2011,567673.87,58.97,3.669,129.8268333
42,25-11-2011,577698.37,60.68,3.76,129.8364
42,02-12-2011,511883.36,57.29,3.701,129.8459667
42,09-12-2011,619133.48,42.58,3.644,129.8555333
42,16-12-2011,598437.98,50.53,3.489,129.8980645
42,23-12-2011,575676.13,48.36,3.541,129.9845484
42,30-12-2011,454412.28,48.92,3.428,130.0710323
42,06-01-2012,636372.37,59.85,3.443,130.1575161
42,13-01-2012,664348.2,51.0,3.477,130.244
42,20-01-2012,579499.93,54.51,3.66,130.2792258
42,27-01-2012,538978.67,53.59,3.675,130.3144516
42,03-02-2012,588448.21,56.85,3.543,130.3496774
42,10-02-2012,674919.45,55.73,3.722,130.3849032
42,17-02-2012,606671.5,54.12,3.781,130.4546207
42,24-02-2012,564304.15,56.02,3.95,130.5502069
42,02-03-2012,585895.34,57.62,3.882,130.6457931
42,09-03-2012,659816.15,57.65,3.963,130.7413793
42,16-03-2012,618767.26,62.11,4.273,130.8261935
42,23-03-2012,561226.38,56.54,4.288,130.8966452
42,30-03-2012,544408.14,67.92,4.294,130.9670968
42,06-04-2012,652312.11,65.99,4.282,131.0375484
42,13-04-2012,639123.45,70.28,4.254,131.108
42,20-04-2012,552529.23,67.75,4.111,131.1173333
42,27-04-2012,526625.49,80.11,4.088,131.1266667
42,04-05-2012,609274.89,77.02,4.058,131.136
42,11-05-2012,643603.69,76.03,4.186,131.1453333
42,18-05-2012,590636.38,85.19,4.308,131.0983226
42,25-05-2012,535764.58,86.03,4.127,131.0287742
42,01-06-2012,521953.78,80.06,4.277,130.9592258
42,08-06-2012,642671.48,86.87,4.103,130.8896774
42,15-06-2012,606309.13,88.58,4.144,130.8295333
42,22-06-2012,540031.29,89.92,4.014,130.7929
42,29-06-2012,507403.77,91.36,3.875,130.7562667
42,06-07-2012,618702.09,86.87,3.666,130.7196333
42,13-07-2012,628099.08,89.8,3.723,130.683
42,20-07-2012,530318.39,84.45,3.589,130.7012903
42,27-07-2012,516352.21,83.98,3.769,130.7195806
42,03-08-2012,573084.71,84.76,3.595,130.737871
42,10-08-2012,576620.31,90.78,3.811,130.7561613
42,17-08-2012,575997.78,88.83,4.002,130.7909677
42,24-08-2012,535537.03,82.5,4.055,130.8381613
42,31-08-2012,504760.57,86.97,3.886,130.8853548
42,07-09-2012,617405.35,83.07,4.124,130.9325484
42,14-09-2012,586737.66,78.47,3.966,130.9776667
42,21-09-2012,527165.7,81.93,4.125,131.0103333
42,28-09-2012,505978.46,82.52,3.966,131.043
42,05-10-2012,593162.53,80.88,4.132,131.0756667
42,12-10-2012,612379.9,76.03,4.468,131.1083333
42,19-10-2012,541406.98,72.71,4.449,131.1499677
42,26-10-2012,514756.08,70.5,4.301,131.1930968
43,05-02-2010,647029.28,47.31,2.572,203.0642742
43,12-02-2010,682918.99,47.99,2.548,203.2010968
43,19-02-2010,658997.55,48.77,2.514,203.2479796
43,26-02-2010,618702.79,48.77,2.561,203.2798724
43,05-03-2010,658600.05,52.89,2.625,203.3117653
43,12-03-2010,645386.94,53.67,2.667,203.3436582
43,19-03-2010,668098.49,56.0,2.72,203.195159
43,26-03-2010,623097.93,54.53,2.732,203.0165945
43,02-04-2010,650102.8,62.19,2.719,202.83803
43,09-04-2010,693058.34,64.37,2.77,202.6594654
43,16-04-2010,675282.2,69.46,2.808,202.5351571
43,23-04-2010,638957.35,62.71,2.795,202.4831905
43,30-04-2010,630740.11,66.91,2.78,202.4312238
43,07-05-2010,691498.6,67.16,2.835,202.3792571
43,14-05-2010,690851.59,72.14,2.854,202.3705092
43,21-05-2010,672062.08,74.74,2.826,202.6210737
43,28-05-2010,630315.76,78.59,2.759,202.8716382
43,04-06-2010,682012.53,82.76,2.705,203.1222028
43,11-06-2010,684023.95,88.12,2.668,203.3727673
43,18-06-2010,700009.77,84.9,2.637,203.370619
43,25-06-2010,625196.14,88.48,2.653,203.2673857
43,02-07-2010,667353.79,80.17,2.669,203.1641524
43,09-07-2010,718748.33,81.52,2.642,203.060919
43,16-07-2010,696844.36,84.17,2.623,203.0538548
43,23-07-2010,649035.55,86.6,2.608,203.1750161
43,30-07-2010,622112.23,79.79,2.64,203.2961774
43,06-08-2010,698536.06,84.66,2.627,203.4173387
43,13-08-2010,713479.91,86.31,2.692,203.5385
43,20-08-2010,712869.09,85.26,2.664,203.5092419
43,27-08-2010,655284.69,80.32,2.619,203.4799839
43,03-09-2010,689326.91,80.43,2.577,203.4507258
43,10-09-2010,722120.04,81.32,2.565,203.4214677
43,17-09-2010,725043.04,78.86,2.582,203.4499286
43,24-09-2010,650263.95,77.42,2.624,203.5216786
43,01-10-2010,657108.77,77.93,2.603,203.5934286
43,08-10-2010,713332.54,72.81,2.633,203.6651786
43,15-10-2010,699852.68,68.78,2.72,203.7299032
43,22-10-2010,680943.03,69.46,2.725,203.7770645
43,29-10-2010,610076.32,65.88,2.716,203.8242258
43,05-11-2010,605960.2,62.52,2.689,203.8713871
43,12-11-2010,595421.23,59.98,2.728,203.9185484
43,19-11-2010,589467.35,54.96,2.771,203.8191286
43,26-11-2010,633520.34,54.76,2.735,203.6952786
43,03-12-2010,557543.62,44.56,2.708,203.5714286
43,10-12-2010,598679.02,52.52,2.843,203.4475786
43,17-12-2010,615761.77,56.51,2.869,203.3996521
43,24-12-2010,656637.63,57.15,2.886,203.4086682
43,31-12-2010,534740.3,48.61,2.943,203.4176843
43,07-01-2011,611796.61,40.47,2.976,203.4267005
43,14-01-2011,614940.07,43.45,2.983,203.4840645
43,21-01-2011,601004.79,53.05,3.016,203.8315161
43,28-01-2011,562558.27,44.98,3.01,204.1789677
43,04-02-2011,651521.77,33.21,2.989,204.5264194
43,11-02-2011,635650.98,40.65,3.022,204.873871
43,18-02-2011,626627.77,59.15,3.045,205.1683214
43,25-02-2011,592340.01,58.37,3.065,205.4415714
43,04-03-2011,616345.25,60.26,3.288,205.7148214
43,11-03-2011,629026.75,60.24,3.459,205.9880714
43,18-03-2011,635171.05,68.98,3.488,206.225924
43,25-03-2011,585989.1,65.53,3.473,206.4496175
43,01-04-2011,611585.54,67.79,3.524,206.6733111
43,08-04-2011,650418.75,70.35,3.622,206.8970046
43,15-04-2011,635758.03,65.01,3.743,207.1015429
43,22-04-2011,638280.67,74.49,3.807,207.2581929
43,29-04-2011,611464.21,71.34,3.81,207.4148429
43,06-05-2011,649148.74,66.77,3.906,207.5714929
43,13-05-2011,684655.91,76.03,3.899,207.7281429
43,20-05-2011,648330.18,74.21,3.907,207.5200622
43,27-05-2011,578209.63,80.89,3.786,207.3119816
43,03-06-2011,630972.15,83.49,3.699,207.1039009
43,10-06-2011,643041.71,85.81,3.648,206.8958203
43,17-06-2011,665781.74,88.49,3.637,206.8560238
43,24-06-2011,604925.08,88.3,3.594,206.9424405
43,01-07-2011,586781.78,91.36,3.524,207.0288571
43,08-07-2011,651147.83,87.02,3.48,207.1152738
43,15-07-2011,631827.38,84.67,3.575,207.1940691
43,22-07-2011,597354.39,88.58,3.651,207.2538111
43,29-07-2011,533917.52,83.43,3.682,207.313553
43,05-08-2011,605956.59,87.47,3.684,207.3732949
43,12-08-2011,595626.56,86.64,3.638,207.4330369
43,19-08-2011,663396.32,82.08,3.554,207.4953088
43,26-08-2011,561573.08,87.43,3.523,207.5580023
43,02-09-2011,594224.9,87.84,3.533,207.6206959
43,09-09-2011,649128.23,79.29,3.546,207.6833894
43,16-09-2011,618877.13,77.17,3.526,207.8527143
43,23-09-2011,586108.13,78.98,3.467,208.1642143
43,30-09-2011,555183.72,78.97,3.355,208.4757143
43,07-10-2011,642828.62,74.17,3.285,208.7872143
43,14-10-2011,590984.56,68.09,3.274,209.0752166
43,21-10-2011,594625.96,70.3,3.353,209.2222327
43,28-10-2011,572516.57,66.82,3.372,209.3692488
43,04-11-2011,641905.37,59.08,3.332,209.516265
43,11-11-2011,615975.5,51.26,3.297,209.6632811
43,18-11-2011,628115.61,57.75,3.308,209.8651071
43,25-11-2011,669965.22,55.7,3.236,210.0888571
43,02-12-2011,585028.26,47.49,3.172,210.3126071
43,09-12-2011,617898.07,34.23,3.158,210.5363571
43,16-12-2011,665007.08,43.78,3.159,210.7365392
43,23-12-2011,676290.46,42.63,3.112,210.9052972
43,30-12-2011,505405.85,41.83,3.129,211.0740553
43,06-01-2012,670993.01,47.59,3.157,211.2428134
43,13-01-2012,663529.64,43.68,3.261,211.4115714
43,20-01-2012,619225.65,52.72,3.268,211.4997811
43,27-01-2012,587685.38,52.1,3.29,211.5879908
43,03-02-2012,629176.71,51.92,3.36,211.6762005
43,10-02-2012,662198.65,46.54,3.409,211.7644101
43,17-02-2012,660632.05,49.38,3.51,211.916835
43,24-02-2012,613042.97,53.53,3.555,212.1174212
43,02-03-2012,693249.98,56.43,3.63,212.3180074
43,09-03-2012,636677.67,54.52,3.669,212.5185936
43,16-03-2012,661707.02,57.88,3.734,212.6651567
43,23-03-2012,610940.94,56.28,3.787,212.7396889
43,30-03-2012,623258.4,69.88,3.845,212.8142212
43,06-04-2012,658468.27,64.7,3.891,212.8887535
43,13-04-2012,665687.92,70.18,3.891,212.9632857
43,20-04-2012,638144.98,67.28,3.877,213.0130524
43,27-04-2012,593138.59,78.27,3.814,213.062819
43,04-05-2012,637964.2,77.47,3.749,213.1125857
43,11-05-2012,640159.04,67.59,3.688,213.1623524
43,18-05-2012,648541.81,72.06,3.63,213.1753618
43,25-05-2012,597406.39,82.41,3.561,213.1736682
43,01-06-2012,605078.62,80.89,3.501,213.1719747
43,08-06-2012,643032.51,85.73,3.452,213.1702811
43,15-06-2012,634815.1,87.75,3.393,213.1786952
43,22-06-2012,613270.79,87.51,3.346,213.2123786
43,29-06-2012,593128.13,89.85,3.286,213.2460619
43,06-07-2012,645618.59,82.68,3.227,213.2797452
43,13-07-2012,627634.04,78.82,3.256,213.3134286
43,20-07-2012,596554.05,83.83,3.311,213.3219124
43,27-07-2012,572447.52,82.01,3.407,213.3303963
43,03-08-2012,614378.94,85.06,3.417,213.3388802
43,10-08-2012,643558.78,86.36,3.494,213.3473641
43,17-08-2012,640210.85,85.66,3.571,213.4226959
43,24-08-2012,598234.64,81.65,3.62,213.5481636
43,31-08-2012,593141.29,81.12,3.638,213.6736313
43,07-09-2012,663814.18,84.99,3.73,213.7990991
43,14-09-2012,625196.94,73.03,3.717,213.9332167
43,21-09-2012,601990.02,75.87,3.721,214.1192333
43,28-09-2012,577792.32,77.55,3.666,214.30525
43,05-10-2012,642614.89,74.09,3.617,214.4912667
43,12-10-2012,619369.72,71.14,3.601,214.6772833
43,19-10-2012,623919.23,71.25,3.594,214.7212488
43,26-10-2012,587603.55,69.17,3.506,214.7415392
44,05-02-2010,281090.95,31.53,2.666,126.4420645
44,12-02-2010,286857.13,33.16,2.671,126.4962581
44,19-02-2010,267956.3,35.7,2.654,126.5262857
44,26-02-2010,273079.07,29.98,2.667,126.5522857
44,05-03-2010,284617.27,40.65,2.681,126.5782857
44,12-03-2010,272190.83,37.62,2.733,126.6042857
44,19-03-2010,269624.2,42.49,2.782,126.6066452
44,26-03-2010,276279.49,41.48,2.819,126.6050645
44,02-04-2010,286197.5,42.15,2.842,126.6034839
44,09-04-2010,257361.3,38.97,2.877,126.6019032
44,16-04-2010,280048.74,50.39,2.915,126.5621
44,23-04-2010,278287.04,55.66,2.936,126.4713333
44,30-04-2010,272997.65,48.33,2.941,126.3805667
44,07-05-2010,285379.86,44.42,2.948,126.2898
44,14-05-2010,286515.92,50.15,2.962,126.2085484
44,21-05-2010,267065.35,57.71,2.95,126.1843871
44,28-05-2010,291891.01,53.11,2.908,126.1602258
44,04-06-2010,282351.82,59.85,2.871,126.1360645
44,11-06-2010,296818.2,65.24,2.841,126.1119032
44,18-06-2010,293481.36,58.41,2.819,126.114
44,25-06-2010,288247.24,71.83,2.82,126.1266
44,02-07-2010,300628.19,78.82,2.814,126.1392
44,09-07-2010,280472.78,71.33,2.802,126.1518
44,16-07-2010,297099.95,77.79,2.791,126.1498065
44,23-07-2010,292680.16,82.27,2.797,126.1283548
44,30-07-2010,275020.96,78.94,2.797,126.1069032
44,06-08-2010,296804.49,81.24,2.802,126.0854516
44,13-08-2010,291028.09,74.93,2.837,126.064
44,20-08-2010,284740.5,76.34,2.85,126.0766452
44,27-08-2010,293155.08,75.31,2.854,126.0892903
44,03-09-2010,295880.12,65.71,2.868,126.1019355
44,10-09-2010,283455.13,65.74,2.87,126.1145806
44,17-09-2010,279364.13,66.84,2.875,126.1454667
44,24-09-2010,281313.78,68.22,2.872,126.1900333
44,01-10-2010,300152.45,68.74,2.853,126.2346
44,08-10-2010,279524.44,63.03,2.841,126.2791667
44,15-10-2010,268708.43,54.12,2.845,126.3266774
44,22-10-2010,270110.3,56.89,2.849,126.3815484
44,29-10-2010,286497.49,45.12,2.841,126.4364194
44,05-11-2010,270516.84,49.96,2.831,126.4912903
44,12-11-2010,281909.79,42.55,2.831,126.5461613
44,19-11-2010,284322.52,42.0,2.842,126.6072
44,26-11-2010,307646.5,28.22,2.83,126.6692667
44,03-12-2010,264214.12,25.8,2.812,126.7313333
44,10-12-2010,278253.28,36.78,2.817,126.7934
44,17-12-2010,278646.35,35.21,2.842,126.8794839
44,24-12-2010,365098.24,34.9,2.846,126.9835806
44,31-12-2010,241937.11,26.79,2.868,127.0876774
44,07-01-2011,288320.38,16.94,2.891,127.1917742
44,14-01-2011,292859.36,20.6,2.903,127.3009355
44,21-01-2011,276157.8,34.8,2.934,127.4404839
44,28-01-2011,276011.4,31.64,2.96,127.5800323
44,04-02-2011,293953.08,23.35,2.974,127.7195806
44,11-02-2011,307486.73,30.83,3.034,127.859129
44,18-02-2011,280785.76,40.85,3.062,127.99525
44,25-02-2011,279427.93,33.17,3.12,128.13
44,04-03-2011,293984.54,34.23,3.23,128.26475
44,11-03-2011,284496.14,41.28,3.346,128.3995
44,18-03-2011,281699.68,44.69,3.407,128.5121935
44,25-03-2011,285031.81,42.38,3.435,128.6160645
44,01-04-2011,281514.26,42.49,3.487,128.7199355
44,08-04-2011,292498.61,42.75,3.547,128.8238065
44,15-04-2011,289667.55,41.72,3.616,128.9107333
44,22-04-2011,280357.3,47.55,3.655,128.9553
44,29-04-2011,281247.97,43.85,3.683,128.9998667
44,06-05-2011,299354.67,47.75,3.744,129.0444333
44,13-05-2011,307095.31,52.4,3.77,129.089
44,20-05-2011,303559.23,52.12,3.802,129.0756774
44,27-05-2011,308442.49,54.62,3.778,129.0623548
44,03-06-2011,308950.04,52.76,3.752,129.0490323
44,10-06-2011,308770.42,61.39,3.732,129.0357097
44,17-06-2011,300255.87,63.35,3.704,129.0432
44,24-06-2011,296765.59,66.38,3.668,129.0663
44,01-07-2011,315273.08,74.29,3.613,129.0894
44,08-07-2011,295339.01,77.3,3.563,129.1125
44,15-07-2011,289201.21,75.59,3.553,129.1338387
44,22-07-2011,303108.81,78.5,3.563,129.1507742
44,29-07-2011,279677.0,77.62,3.574,129.1677097
44,05-08-2011,298080.45,75.56,3.595,129.1846452
44,12-08-2011,290399.66,75.95,3.606,129.2015806
44,19-08-2011,290909.69,76.68,3.578,129.2405806
44,26-08-2011,324174.79,81.53,3.57,129.2832581
44,02-09-2011,309543.52,77.0,3.58,129.3259355
44,09-09-2011,295811.25,70.19,3.619,129.3686129
44,16-09-2011,303974.28,67.54,3.641,129.4306
44,23-09-2011,307409.13,63.6,3.648,129.5183333
44,30-09-2011,299757.75,68.28,3.623,129.6060667
44,07-10-2011,312577.36,60.62,3.592,129.6938
44,14-10-2011,293031.78,51.74,3.567,129.7706452
44,21-10-2011,305969.81,54.66,3.579,129.7821613
44,28-10-2011,306336.07,47.41,3.567,129.7936774
44,04-11-2011,307126.34,43.51,3.538,129.8051935
44,11-11-2011,312233.56,33.8,3.513,129.8167097
44,18-11-2011,310531.04,40.65,3.489,129.8268333
44,25-11-2011,309129.01,38.89,3.445,129.8364
44,02-12-2011,284309.34,33.94,3.389,129.8459667
44,09-12-2011,304300.91,24.82,3.341,129.8555333
44,16-12-2011,311144.16,27.85,3.282,129.8980645
44,23-12-2011,376233.89,24.76,3.186,129.9845484
44,30-12-2011,263917.85,31.53,3.119,130.0710323
44,06-01-2012,325327.93,33.8,3.08,130.1575161
44,13-01-2012,312361.88,25.61,3.056,130.244
44,20-01-2012,316948.39,32.71,3.047,130.2792258
44,27-01-2012,308295.38,34.32,3.058,130.3144516
44,03-02-2012,325986.05,31.39,3.077,130.3496774
44,10-02-2012,325377.97,33.73,3.116,130.3849032
44,17-02-2012,320691.21,36.57,3.119,130.4546207
44,24-02-2012,315641.8,35.38,3.145,130.5502069
44,02-03-2012,316687.22,32.36,3.242,130.6457931
44,09-03-2012,303438.24,38.24,3.38,130.7413793
44,16-03-2012,331965.95,52.5,3.529,130.8261935
44,23-03-2012,296947.06,47.83,3.671,130.8966452
44,30-03-2012,310027.29,53.2,3.734,130.9670968
44,06-04-2012,320021.1,48.85,3.793,131.0375484
44,13-04-2012,311390.22,51.7,3.833,131.108
44,20-04-2012,323233.8,50.24,3.845,131.1173333
44,27-04-2012,330338.36,64.8,3.842,131.1266667
44,04-05-2012,326053.28,54.41,3.831,131.136
44,11-05-2012,341381.08,56.47,3.809,131.1453333
44,18-05-2012,334042.43,65.17,3.808,131.0983226
44,25-05-2012,343268.29,62.39,3.801,131.0287742
44,01-06-2012,323410.94,61.11,3.788,130.9592258
44,08-06-2012,340238.38,68.4,3.776,130.8896774
44,15-06-2012,338400.82,65.97,3.756,130.8295333
44,22-06-2012,336241.0,72.89,3.737,130.7929
44,29-06-2012,338386.08,82.0,3.681,130.7562667
44,06-07-2012,358461.58,79.23,3.63,130.7196333
44,13-07-2012,336479.49,83.68,3.595,130.683
44,20-07-2012,337819.16,75.69,3.556,130.7012903
44,27-07-2012,319855.26,80.42,3.537,130.7195806
44,03-08-2012,342385.38,81.99,3.512,130.737871
44,10-08-2012,333594.81,81.69,3.509,130.7561613
44,17-08-2012,327389.51,79.4,3.545,130.7909677
44,24-08-2012,337985.74,77.37,3.582,130.8381613
44,31-08-2012,339490.69,79.18,3.624,130.8853548
44,07-09-2012,338737.33,70.65,3.689,130.9325484
44,14-09-2012,347726.67,68.55,3.749,130.9776667
44,21-09-2012,336017.6,67.96,3.821,131.0103333
44,28-09-2012,355307.94,64.8,3.821,131.043
44,05-10-2012,337390.44,61.79,3.815,131.0756667
44,12-10-2012,337796.13,55.1,3.797,131.1083333
44,19-10-2012,323766.77,52.06,3.781,131.1499677
44,26-10-2012,361067.07,46.97,3.755,131.1930968
45,05-02-2010,890689.51,27.31,2.784,181.8711898
45,12-02-2010,656988.64,27.73,2.773,181.982317
45,19-02-2010,841264.04,31.27,2.745,182.0347816
45,26-02-2010,741891.65,34.89,2.754,182.0774691
45,05-03-2010,777951.22,37.13,2.777,182.1201566
45,12-03-2010,765687.42,45.8,2.818,182.1628441
45,19-03-2010,773819.49,48.79,2.844,182.0779857
45,26-03-2010,782563.38,54.36,2.854,181.9718697
45,02-04-2010,877235.96,47.74,2.85,181.8657537
45,09-04-2010,833782.7,65.45,2.869,181.7596377
45,16-04-2010,782221.96,54.28,2.899,181.6924769
45,23-04-2010,749779.1,53.47,2.902,181.6772564
45,30-04-2010,737265.57,53.15,2.921,181.6620359
45,07-05-2010,812190.76,70.75,2.966,181.6468154
45,14-05-2010,758182.2,54.26,2.982,181.6612792
45,21-05-2010,747888.25,62.62,2.958,181.8538486
45,28-05-2010,801098.43,69.27,2.899,182.0464181
45,04-06-2010,837548.62,75.93,2.847,182.2389876
45,11-06-2010,794698.77,69.71,2.809,182.4315571
45,18-06-2010,815130.5,72.62,2.78,182.4424199
45,25-06-2010,792299.15,79.32,2.808,182.3806
45,02-07-2010,800147.84,76.61,2.815,182.3187801
45,09-07-2010,787062.0,82.45,2.793,182.2569603
45,16-07-2010,723708.99,77.84,2.783,182.2604411
45,23-07-2010,714601.11,81.46,2.771,182.3509895
45,30-07-2010,716859.27,79.78,2.781,182.4415378
45,06-08-2010,746517.32,77.17,2.784,182.5320862
45,13-08-2010,722262.21,78.44,2.805,182.6226346
45,20-08-2010,708568.29,76.01,2.779,182.6165205
45,27-08-2010,721744.33,71.36,2.755,182.6104063
45,03-09-2010,790144.7,78.37,2.715,182.6042922
45,10-09-2010,721460.22,70.87,2.699,182.598178
45,17-09-2010,716987.58,66.55,2.706,182.622509
45,24-09-2010,678228.58,68.59,2.713,182.6696737
45,01-10-2010,690007.76,70.58,2.707,182.7168385
45,08-10-2010,745782.1,56.49,2.764,182.7640032
45,15-10-2010,715263.3,58.61,2.868,182.8106203
45,22-10-2010,730899.37,53.15,2.917,182.8558685
45,29-10-2010,732859.76,61.3,2.921,182.9011166
45,05-11-2010,764014.06,45.65,2.917,182.9463648
45,12-11-2010,765648.93,46.14,2.931,182.9916129
45,19-11-2010,723987.85,50.02,3.0,182.8989385
45,26-11-2010,1182500.16,46.15,3.039,182.7832769
45,03-12-2010,879244.9,40.93,3.046,182.6676154
45,10-12-2010,1002364.34,30.54,3.109,182.5519538
45,17-12-2010,1123282.85,30.51,3.14,182.517732
45,24-12-2010,1682862.03,30.59,3.141,182.54459
45,31-12-2010,679156.2,29.67,3.179,182.5714479
45,07-01-2011,680254.35,34.32,3.193,182.5983058
45,14-01-2011,654018.95,24.78,3.205,182.6585782
45,21-01-2011,644285.33,30.55,3.229,182.9193368
45,28-01-2011,617207.58,24.05,3.237,183.1800955
45,04-02-2011,759442.33,28.73,3.231,183.4408542
45,11-02-2011,766456.0,30.3,3.239,183.7016129
45,18-02-2011,802253.41,40.7,3.245,183.9371353
45,25-02-2011,733716.78,35.78,3.274,184.1625632
45,04-03-2011,761880.36,38.65,3.433,184.3879911
45,11-03-2011,714014.73,45.01,3.582,184.613419
45,18-03-2011,733564.77,46.66,3.631,184.809719
45,25-03-2011,719737.25,41.76,3.625,184.9943679
45,01-04-2011,712425.76,37.27,3.638,185.1790167
45,08-04-2011,750182.71,48.71,3.72,185.3636656
45,15-04-2011,765270.02,53.69,3.821,185.5339821
45,22-04-2011,813630.44,53.04,3.892,185.6684673
45,29-04-2011,786561.61,66.18,3.962,185.8029526
45,06-05-2011,810150.64,58.21,4.046,185.9374378
45,13-05-2011,793889.1,60.38,4.066,186.0719231
45,20-05-2011,727163.67,62.28,4.062,185.9661154
45,27-05-2011,817653.25,69.7,3.985,185.8603077
45,03-06-2011,877423.45,76.38,3.922,185.7545
45,10-06-2011,814395.17,73.88,3.881,185.6486923
45,17-06-2011,811153.67,69.32,3.842,185.6719333
45,24-06-2011,762861.78,74.85,3.804,185.7919609
45,01-07-2011,791495.25,74.04,3.748,185.9119885
45,08-07-2011,768718.11,77.49,3.711,186.032016
45,15-07-2011,748435.2,78.47,3.76,186.1399808
45,22-07-2011,741625.25,82.33,3.811,186.2177885
45,29-07-2011,704680.97,81.31,3.829,186.2955962
45,05-08-2011,765996.92,78.22,3.842,186.3734038
45,12-08-2011,724180.89,77.0,3.812,186.4512115
45,19-08-2011,712362.72,72.98,3.747,186.5093071
45,26-08-2011,833979.01,72.55,3.704,186.5641172
45,02-09-2011,726482.39,70.63,3.703,186.6189274
45,09-09-2011,746129.56,71.48,3.738,186.6737376
45,16-09-2011,711367.56,69.17,3.742,186.8024
45,23-09-2011,714106.42,63.75,3.711,187.0295321
45,30-09-2011,698986.34,70.66,3.645,187.2566641
45,07-10-2011,753447.05,55.82,3.583,187.4837962
45,14-10-2011,720946.99,63.82,3.541,187.6917481
45,21-10-2011,771686.4,59.6,3.57,187.7846197
45,28-10-2011,781694.57,51.78,3.569,187.8774913
45,04-11-2011,833429.22,43.92,3.551,187.9703629
45,11-11-2011,808624.82,47.65,3.53,188.0632345
45,18-11-2011,773603.77,51.34,3.53,188.1983654
45,25-11-2011,1170672.94,48.71,3.492,188.3504
45,02-12-2011,875699.81,50.19,3.452,188.5024346
45,09-12-2011,957155.31,46.57,3.415,188.6544692
45,16-12-2011,1078905.68,39.93,3.413,188.7979349
45,23-12-2011,1521957.99,42.27,3.389,188.9299752
45,30-12-2011,869403.63,37.79,3.389,189.0620155
45,06-01-2012,714081.05,35.88,3.422,189.1940558
45,13-01-2012,676615.53,41.18,3.513,189.3260962
45,20-01-2012,700392.21,31.85,3.533,189.4214733
45,27-01-2012,624081.64,37.93,3.567,189.5168505
45,03-02-2012,757330.95,42.96,3.617,189.6122277
45,10-02-2012,803657.12,37.0,3.64,189.7076048
45,17-02-2012,858853.75,36.85,3.695,189.8424834
45,24-02-2012,753060.78,42.86,3.739,190.0069881
45,02-03-2012,782796.01,41.55,3.816,190.1714927
45,09-03-2012,776968.87,45.52,3.848,190.3359973
45,16-03-2012,788340.23,50.56,3.862,190.4618964
45,23-03-2012,791835.37,59.45,3.9,190.5363213
45,30-03-2012,777254.06,50.04,3.953,190.6107463
45,06-04-2012,899479.43,49.73,3.996,190.6851712
45,13-04-2012,781970.6,51.83,4.044,190.7595962
45,20-04-2012,776661.74,63.13,4.027,190.8138013
45,27-04-2012,711571.88,53.2,4.004,190.8680064
45,04-05-2012,782300.68,55.21,3.951,190.9222115
45,11-05-2012,770487.37,61.24,3.889,190.9764167
45,18-05-2012,800842.28,66.3,3.848,190.9964479
45,25-05-2012,817741.17,67.21,3.798,191.0028096
45,01-06-2012,837144.63,74.48,3.742,191.0091712
45,08-06-2012,795133.0,64.3,3.689,191.0155329
45,15-06-2012,821498.18,71.93,3.62,191.0299731
45,22-06-2012,822569.16,74.22,3.564,191.0646096
45,29-06-2012,773367.71,75.22,3.506,191.0992462
45,06-07-2012,843361.1,82.99,3.475,191.1338827
45,13-07-2012,749817.08,79.97,3.523,191.1685192
45,20-07-2012,737613.65,78.89,3.567,191.1670428
45,27-07-2012,711671.58,77.2,3.647,191.1655664
45,03-08-2012,725729.51,76.58,3.654,191.16409
45,10-08-2012,733037.32,78.65,3.722,191.1626135
45,17-08-2012,722496.93,75.71,3.807,191.2284919
45,24-08-2012,718232.26,72.62,3.834,191.3448865
45,31-08-2012,734297.87,75.09,3.867,191.461281
45,07-09-2012,766512.66,75.7,3.911,191.5776756
45,14-09-2012,702238.27,67.87,3.948,191.69985
45,21-09-2012,723086.2,65.32,4.038,191.8567038
45,28-09-2012,713173.95,64.88,3.997,192.0135577
45,05-10-2012,733455.07,64.89,3.985,192.1704115
45,12-10-2012,734464.36,54.47,4.0,192.3272654
45,19-10-2012,718125.53,56.47,3.969,192.3308542
45,26-10-2012,760281.43,58.85,3.882,192.3088989
